driver,us_evidence,eu_evidence,norway_evidence,asia_global_evidence,forecast_evidence,causal_or_explanatory,pit_feasibility,likely_horizon,structural_stability,confidence,notes
US storage level vs 5yr seasonal norm,"Strong -- EIA STEO/Today-in-Energy consistently frames HH price direction around inventory vs 5yr average (institutional, not academic OOS-tested)",Not applicable directly (separate EU storage regime via GIE AGSI),Not applicable,Not applicable,"Moderate -- baumeister_huber_lee_ravazzolo_2024 include working-gas inventories as one of six VAR fundamentals in the best-performing model class",Explanatory (institutional) + partial forecast evidence (academic VAR),PIT_READY (EIA WNGSR has a clean weekly release cadence; STEO vintages exist back to 2005),1 week to several months,Moderate -- mechanism is stable but its price-*level* sensitivity has varied with the size of the LNG-export-driven demand floor since 2016,Moderate,Distinguish absolute inventory level from the weekly *change surprise* below -- they carry different forecast content
US storage-change surprise (actual vs consensus at weekly EIA release),Strong -- linn_zhu_storage_surprise event-study finds a significant inverse price response on announcement day; corroborated qualitatively by continuous 2025-2026 trade-press evidence of 3-5% announcement-day moves,Not applicable,Not applicable,Not applicable,"Strong at 1-day horizon (the one genuine event-study OOS-style result located in this review), though the academic study's sample (2002-2011) predates the current LNG-export regime",Predictive at short horizon (demonstrated),PIT_READY if a documented consensus-forecast source (e.g. a fixed vendor survey) is used as the expectation benchmark; PIT_POSSIBLE_WITH_WORK if consensus must be reconstructed,1 trading session (the report day) -- best horizon match to Commodity's current V1 target,Needs replication on 2016-2026 data before being treated as current-regime evidence,High,"Highest-priority near-term US-only hypothesis candidate (see H2 in hypothesis portfolio)"
US LNG feedgas / export demand,"Strong institutional evidence (EIA: every incremental Bcf/d of LNG capacity reduces storage / raises HH price, all else equal) and IEA/ACER corroborate rising US export share",Indirect (EU LNG imports are the demand-side mirror of US exports),Not applicable,Strong -- ACER/IEA report US supplied 58% of EU LNG imports 2025; export terminal utilisation directly observable,Weak direct OOS test located; academic evidence is mostly structural/explanatory (rubaszek_szafranek_2025) rather than short-horizon predictive,Explanatory (strong) + one qualitative forward-looking claim in rubaszek_szafranek_2025 (not itself tested),PIT_POSSIBLE_WITH_WORK (EIA weekly/monthly LNG export and feedgas series; terminal-level outage/utilisation data less standardised),Weeks to months (slow-moving fundamental channel),Low-to-moderate -- capacity has grown materially (new trains: Plaquemines, Corpus Christi Stage 3, Golden Pass, Costa Azul) so the demand floor itself is non-stationary,Moderate,This is the mediating variable in H-GLOBAL-LNG-1's chain -- state (utilisation/available capacity) matters more than the raw level
LNG terminal outages / utilisation (US and EU),Moderate -- STEO explicitly attributes recent price swings to Freeport LNG maintenance (Aug 2026 STEO),Strong -- ACER 2026 report attributes Qatar force-majeure-driven cargo diversion and EU spot volatility directly to a specific 2026 supply-side outage event,Not applicable directly,"Very strong -- 2026 Strait-of-Hormuz/Qatar disruption is the largest live natural experiment found in this review: JKM-TTF spread flipped from an EU premium to a multi-dollar Asia premium within weeks",No formal academic OOS test located; evidence is institutional/real-time-market (IEA Q2/Q3-2026, ACER winter 2025-26 report, trade press),Explanatory / event-driven (strong, current, but not academically forecast-tested),CURRENT_ONLY_NOT_BACKTESTABLE for outage/force-majeure events specifically (no systematic PIT-archived outage feed identified in this review; GIE IIP / REMIT flagged in the data-manifest but not independently verified here),Event-driven -- days to weeks around the outage,Low -- these are discrete shocks, not stable relationships,Moderate-high (explanatory) / low (forecast-tested),The single clearest real-time illustration of H-GLOBAL-LNG-1's conditionality claim; also the best evidence that transmission is regime-dependent rather than constant
EU storage deficit / refill pressure vs seasonal norm,Not applicable directly,Strong -- ACER/GIE-based reporting consistently frames EU price risk around storage-vs-target trajectories; 2026 winter report explicitly models achievable storage % at given LNG import rates,Indirect (Norwegian flows are one of the levers used to hit EU storage targets),Indirect,No formal academic OOS forecasting test of EU-storage-state as a Henry Hub predictor was located,Explanatory (EU price) with an unverified hypothesised bridge to HH via the LNG-export channel,PIT_POSSIBLE_WITH_WORK (GIE AGSI daily series; revision behaviour not independently verified in this review),Weeks to months,Moderate,Moderate,"Central input to the refined H1 hypothesis (EU-storage-deficit x US-LNG-utilisation interaction)"
TTF-JKM spread / LNG destination-flexibility arbitrage,Not applicable directly (mediating variable, not a US driver itself),Strong contemporaneous evidence -- ACER/IEA both document the spread's role in directing flexible cargoes; 2026 Hormuz episode is a clean natural experiment,Not applicable,Very strong -- extensive 2024-2026 trade-press documentation of cargo diversions tracking the spread sign and magnitude (Kpler/S&P Global Commodities-at-Sea vessel-tracking data cited by multiple outlets),"No peer-reviewed OOS forecasting test of the spread as a Henry Hub predictor was located; loureiro_inchauspe_aguilera_2023 explicitly reject a mechanical price-levelling/arbitrage read of LNG flows, which is a partial caution against over-interpreting the spread as a clean signal",Contemporaneous / explanatory (very strong) but NOT demonstrated as forecast-useful for HH specifically,PIT_POSSIBLE_WITH_WORK for TTF (ICE entitlement to verify per the project's own data-manifest); JKM likely UNSUITABLE or costly -- Platts JKM is a licensed proprietary benchmark, not a free public series,Days to weeks for cargo-diversion response; the price-formation feedback into HH is a further step,Low-moderate -- destination flexibility itself has been rising structurally (higher share of flexible contracts) which changes the strength of the mechanism over time,Moderate (explanatory) / low (forecast-demonstrated),"This is the mediating price signal in H-GLOBAL-LNG-1 step 2; strong contemporaneous story, weak forecasting evidence"
HH-TTF direct linkage / global gas-market cointegration,Mixed -- farag_jeddi_kopp_2025 finds the US market DECOUPLED from EU/Asia specifically during the most acute 2021-2022 crisis window (congested infrastructure),Same,Not applicable,Same,"No OOS forecasting evidence located; all reviewed evidence is cointegration/connectedness testing, which is an in-sample statistical property, not a demonstrated predictive result",Contemporaneous / structural (mixed -- integration is regime- and infrastructure-dependent, not constant),Not directly PIT-relevant (mostly a modelling-choice question, not a data-acquisition one),Not established (no forecast horizon demonstrated),Low -- this is the central structural-stability finding of the review: cointegration/connectedness is regime-dependent and can invert (strengthen or break) precisely during the periods when a trader would most want a signal,Low-moderate,"This driver is the crux of the audit: literature supports conditional, time-varying linkage -- not the constant or monotonically-strengthening-with-crisis linkage a naive reading of H-GLOBAL-LNG-1's evidence list could suggest"
Weather (realised HDD/CDD),"Strong institutional and long-standing academic evidence (baumeister_huber_lee_ravazzolo_2024 use REDTI/HDD/CDD as core VAR fundamentals with materially equivalent forecast performance across specifications)",Strong institutional evidence (ACER/ENTSO-E gas-power interaction framing),Indirect (hydro availability affects Norwegian export incentive, not independently verified here),Indirect,Demonstrated in baumeister_huber_lee_ravazzolo_2024 as part of the best-performing 6-variable VAR (materially interchangeable across REDTI / temperature-anomaly / HDD-CDD-deviation specifications),Explanatory + forecast-demonstrated (at monthly horizon in the NBER paper),PIT_READY for realised temperature; PIT_POSSIBLE_WITH_WORK for degree-day index construction with a fixed population-weighting methodology,Days (short-horizon demand response) to months (seasonal),High -- a physically stable relationship, though the DEMAND BASE it acts on (power-sector gas burn, data-centre load) is shifting,High,Baseline driver family; well-established
Weather-forecast REVISION / model divergence (vs realised weather),Emerging vendor/industry evidence only (World Climate Service 2026 case study: HH spot-price sensitivity to CONUS HDD-anomaly forecasts is significant at 2-4 day lead and decays sharply beyond 10-14 days),Not independently reviewed for EU,Not applicable,Not applicable,"No PEER-REVIEWED academic OOS test located specifically for forecast-REVISION (as opposed to realised-weather) content; the vendor case study is a real, quantified, but non-peer-reviewed result",Not yet classified above 'hypothesis only' in academic terms; plausible and consistent with the general finding that markets react to news/surprises rather than levels,PIT_POSSIBLE_WITH_WORK -- NOAA GFS/GEFS archives are more readily available; ECMWF archived operational forecasts are typically a paid data licence (cost to verify),2-7 days (per the vendor case study's own decay profile),Not established (single vendor study; no long-run academic replication located),Low-moderate (real but not yet peer-reviewed or independently replicated),"Directly answers the brief's specific question ('do weather-forecast revisions carry more predictive content than realised levels') with a provisional yes at short lead times -- but from an industry, not academic, source; treat as a hypothesis warranting independent academic-grade testing, not settled evidence"
Futures curve state / calendar-spread structure (contango-backwardation, roll yield),"Moderate-strong -- baumeister_huber_lee_ravazzolo_2024 show futures-based (spot-futures spread) forecasts beat the random walk at ALL evaluated horizons (1-24 months), with the largest gains at 9-15 months; separately, an energy-futures mean-reversion calendar-spread strategy (reviewed via a ScienceDirect abstract, authors not independently confirmed) reports Sharpe ratios >2 for natural gas after transaction costs over 1992-2013",Not independently reviewed,Not applicable,Not applicable,Demonstrated at intermediate-to-long horizons (9-24 months) for the spot-futures spread; a separate mean-reversion calendar-spread result (not independently verified beyond an abstract) claims short-horizon profitability net of costs,Predictive (demonstrated for futures-spread models at 9-24mo horizon; plausible but less rigorously verified at short horizons),PIT_READY (exchange settlement prices are point-in-time by construction; the risk is in the CONSTRUCTION of a continuous series across contract rolls, not in data availability),9-24 months for the spread-forecast result; days-to-weeks claimed (not independently verified) for the mean-reversion result,Moderate -- curve shape reflects storage/seasonal fundamentals which are themselves shifting with the LNG-export-driven demand floor,Moderate-high (spread-forecast result) / low (mean-reversion result, unverified),"Directly relevant to Section 17's technical-analysis question, AND to Section 18's execution question: any curve-based signal must be mapped to a specific tradable contract-month, not a synthetic continuous series -- see negative-evidence register"
CFTC positioning (Commitments of Traders / Managed Money net length),Weak-to-mixed -- classic literature (Bessembinder & Chan 1992-type findings summarised via a secondary industry source) claims commercial-hedger positioning has 'superior forecasting ability'; a separate reviewed academic abstract finds Granger-causality RUNS FROM RETURNS TO POSITIONING (noncommercial net positions increase FOLLOWING price rises) at least as strongly as the reverse,Not applicable (COT is a US CFTC-specific report; ICE's equivalent EU report was noted only as existing, not reviewed),Not applicable,Not applicable,No rigorous recent OOS forecasting test located; most evidence is either dated (early 1990s) or documents contemporaneous/feedback correlation rather than leading predictive content,"Contemporaneous association (well-evidenced) with real ambiguity about lead-lag direction; NOT demonstrated as short-horizon predictive",PIT_READY (weekly COT release, minimal revision, historical archive back to 1986 / disaggregated since 2009),Weekly (matches report cadence) but predictive content over that horizon is unproven,Uncertain -- trader-classification methodology and reporting thresholds have changed over the sample,Low,Explicitly flagged by the assignment brief as a driver that explains contemporaneous moves without necessarily forecasting them -- the evidence found here confirms exactly that caution
Crude oil price (HH-WTI linkage),"Strong historical linkage pre-2009 (used in structural literature and in the price-spread forecasting model); baumeister_huber_lee_ravazzolo_2024 formally document the LOSS of this cointegrating relationship after a Jan-2009 structural break tied to the shale-gas revolution, and show that a Markov-switching extension designed to detect that break in real time still underperforms the random walk overall",Some linkage documented for EU gas-oil relationships in secondary citations (halser_paraschiv_russo_2023, not independently verified),Not applicable,Not applicable,"Demonstrated NEGATIVE result -- oil-gas price-spread and VECM models are shown to perform WORSE than random walk post-2009 in the one rigorous OOS study reviewed",Historically causal/structural pre-2009; now largely severed for the US (well-evidenced negative finding),PIT_READY (WTI and HH are both liquid, continuously quoted, no revision issue),Formerly months-to-years (cointegration horizon); now not usable,Low -- this is a textbook structural break, not a stable relationship,High (as a documented NEGATIVE result),"See negative-evidence register -- this is one of the clearest 'do not use' findings in the whole review"
Power-sector fuel switching (coal-to-gas / gas-to-coal, renewables/nuclear/hydro availability),Institutional evidence only in this review (EIA STEO narratives on power-burn growth, data-centre demand),Institutional evidence only (ACER/ENTSO-E gas-power interaction references),Indirect (hydro availability affects Norwegian export incentive, not independently verified),Not applicable,No academic OOS forecasting test located in this review,Explanatory (institutional) only in this pass,PIT_POSSIBLE_WITH_WORK (ENTSO-E generation-mix data; EIA power-burn data),Weeks to months,Low-moderate -- renewables/data-centre demand growth is structurally reshaping this driver's baseline,Low (not independently academically verified in this pass),Flagged as a research gap requiring further literature search beyond this review's scope
Norwegian production / Gassco outages / NCS maintenance,Not applicable directly,"Indirect -- Norway is a major EU pipeline supplier, so outages affect EU balance which is itself a driver above",Not independently verified in this review -- Norwegian Offshore Directorate / Gassco / SSB sources were listed in the project's own data-manifest as candidate sources but were NOT independently searched or verified in this pass,Not applicable,No evidence reviewed in this pass,Not assessed in this review,UNKNOWN -- not independently verified in this pass; the project's own data-manifest already flags this as a to-be-verified candidate family,Not assessed,Not assessed,Not assessed (research gap in THIS review, not necessarily in the literature at large),"This is an explicit gap in this review's coverage -- Section 26 (Research-Gap Analysis) flags that a dedicated Norway-specific search (production, Gassco outage messaging, whether Norwegian variables carry information not already in TTF) was NOT completed to the depth the brief requested and should be a follow-up task, not a conclusion drawn from absence of evidence"
