citation_key,full_citation,doi_or_id,year,market_geography,sample_period,data,target,forecast_horizon,method,validation_method,main_result,evidence_type,out_of_sample_evidence,pit_validity,structural_regime_relevance,supports_h_global_lng_1,candidate_mechanism,limitations,replication_concerns,commodity_relevance,disposition,source_link
rubaszek_szafranek_2025,"Rubaszek & Szafranek (2025), The European energy crisis and the US natural gas market dynamics: a structural VAR investigation, Int. Econ. Econ. Policy 22(1)",10.1007/s10368-024-00636-6,2025,US (with EU shock as exogenous driver),through 2023 (extends RSU-2021 model to 2020-2023),"Bayesian SVAR on US production, consumption, trade, price (Baumeister-Hamilton framework)",structural elasticities / historical decomposition of US HH price,not a forecasting model -- structural/historical decomposition only,Bayesian SVAR,in-sample historical decomposition; no OOS forecast evaluation,not PIT-relevant (structural estimation not real-time forecasting),High -- directly tests 2021-2023 European crisis transmission to US,Partial / Contradicts strong-form,"The European crisis materially affected TTF but only marginally affected the US market; US and EU gas markets are found to evolve largely independently even under a shock of this scale. Authors note growing US-EU LNG trade should raise FUTURE dependence, but this is a qualitative forward remark, not an estimated result.","Single structural model class (BSVAR); model modification itself (not just new data) changes elasticity estimates, so results are sensitive to specification; no formal test of the forward-looking 'growing dependence' claim","Full text of published version not accessible (paywalled); working-paper abstract and structural results reviewed",Directly relevant -- the single most on-point peer-reviewed test of H-GLOBAL-LNG-1's core premise,retain -- but downgrade H-GLOBAL-LNG-1's strong-form framing on the strength of this result,https://ideas.repec.org/a/kap/iecepo/v22y2025i1d10.1007_s10368-024-00636-6.html
loureiro_inchauspe_aguilera_2023,"Loureiro, Inchauspe & Aguilera (2023), World regional natural gas prices: Convergence, divergence or what? New evidence, J. Commodity Markets 32",10.1016/j.jcomm.2023.100368,2023,"Global panel: North America, Europe, Asia-Pacific benchmarks",through pre-COVID period (panel extended to include emerging benchmarks),growth-convergence testing + clustering analysis on 4 established + 2 emerging benchmarks,price-level convergence / clustering,not a forecasting exercise,growth convergence tests + clustering,cross-sectional convergence tests; no time-series OOS forecast test,not PIT-relevant (convergence testing not forecasting),Moderate -- covers pre-2021 structural regime primarily,Contradicts unconditional version / consistent with conditional version,"No general convergence found outside Europe; explicitly rejects the hypothesis that increased LNG flows act as a price-levelling arbitrage mechanism.",economic-content only,"Sample window is dated relative to the 2021-2026 LNG-expansion era; pre-COVID emphasis limits current-regime applicability",Full text not independently fetched in this pass (SSRN preprint located but not opened); abstract and structured findings reviewed,Directly relevant -- the most direct rebuttal of the 'LNG flows equalise prices' framing that could be read into H-GLOBAL-LNG-1,retain -- supports H-GLOBAL-LNG-1's own explicit disclaimer that it is NOT a convergence hypothesis; also a caution against over-reading LNG volume growth as automatically informative,https://ideas.repec.org/a/eee/jocoma/v32y2023ics2405851323000582.html
papiez_rubaszek_szafranek_smiech_2022,"Papiez, Rubaszek, Szafranek & Smiech (2022), Are European natural gas markets connected? A time-varying spillovers analysis, Resources Policy 79",10.1016/j.resourpol.2022.103029,2022,Europe (TTF NCG NBP PSV -- 4 major hubs),through ~early 2022 (pre-full-crisis),TVP-VAR-SV + Diebold-Yilmaz connectedness,intra-EU hub connectedness (not HH),not a forecasting model,TVP-VAR with stochastic volatility,in-sample connectedness decomposition; no OOS test,not PIT-relevant,High -- documents EU connectedness immediately pre-crisis,Not applicable (EU-only; no HH linkage tested),"European gas market connectedness is high and has risen since 2015; TTF and German NCG are net transmitters; UK NBP's relative position has declined.","EU-only scope; does not test any US/global linkage",No replication concern found; open-access CC-BY article fully reviewed,High -- establishes the EU-side connectedness baseline that H-GLOBAL-LNG-1's EU leg depends on,retain,https://www.sciencedirect.com/science/article/pii/S030142072200472X
szafranek_papiez_rubaszek_smiech_2023,"Szafranek, Papiez, Rubaszek & Smiech (2023), How immune is the connectedness of European natural gas markets to exceptional shocks?, Resources Policy 85",10.1016/j.resourpol.2023.103917,2023,Europe (4 major hubs) around the Russian invasion,around Feb 2022 invasion date (day-ahead + month-ahead),Diebold-Yilmaz connectedness (TVP framework),EU hub connectedness under acute shock,not a forecasting model,TVP-VAR-SV connectedness,event-window in-sample analysis; no OOS test,not PIT-relevant,High -- direct test of regime dependence under the exact 2022 shock,Supports the conditionality premise (regime-dependence),"Major continental hubs (TTF/NCG/PSV) stayed tightly integrated through the invasion shock; the UK NBP decoupled from the continent during the turmoil period -- i.e. connectedness is regime- and infrastructure-dependent, not uniform.","EU-only; UK-specific decoupling result may not generalise to non-interconnector-based fragmentation (e.g. US-EU)",Abstract and structured findings reviewed; full text paywalled,High -- directly evidences that gas-market connectedness is conditional on infrastructure/interconnection state, supporting H-GLOBAL-LNG-1's explicit conditionality framing,retain,https://www.sciencedirect.com/science/article/abs/pii/S0301420723006281
farag_ruhnau_2026,"Farag & Ruhnau (2026), Decomposing return and volatility connectedness in Northwest European natural gas markets: Evidence from the R2 connectedness approach, Energy Economics 154",10.1016/j.eneco.2025.109115,2026,Northwest Europe,mid-2019 to mid-2024 (spans COVID + 2021-22 crisis + 2023-24 stabilisation),R2-decomposed connectedness (contemporaneous vs lagged spillovers),EU connectedness dynamics,not a forecasting model,R2-decomposition connectedness framework,in-sample decomposition across sub-periods; no OOS forecast test,not PIT-relevant,Very high -- explicitly extends through the most recent regime and documents the 2022 connectedness collapse and 2023-24 rebound,Strongly supports conditionality,"Contemporaneous spillovers dominate even during crises; connectedness collapsed sharply in 2022 and rebounded by late 2023 as LNG capacity expanded; pipeline congestion (esp. on the BBL interconnector) significantly weakens connectedness; futures show higher connectedness than spot under stress.",EU-only; does not test HH/global linkage directly,Abstract and structured findings reviewed; full text paywalled,High -- the most current and most direct evidence that connectedness is capacity/congestion-conditional and time-varying,retain -- best available evidence for framing H-GLOBAL-LNG-1's transmission as conditional rather than constant,https://www.sciencedirect.com/science/article/abs/pii/S0140988325009454
farag_jeddi_kopp_2025,"Farag, Jeddi & Kopp (2025), Global Natural Gas Market Integration: The Role of LNG Trade and Infrastructure Constraints, The World Economy 48(4)",10.1111/twec.13699,2025,"North America, Europe, Asia (global)",2016-2022,cointegration analysis (nonlinear) across HH-TTF-JKM pairs,global gas-market integration,not a forecasting model,nonlinear cointegration testing across sub-samples,in-sample cointegration tests across two sub-periods; no OOS forecast test,not PIT-relevant,Very high -- explicitly tests the exact 2021-2022 window central to H-GLOBAL-LNG-1,Directly and materially informative -- mixed support,"US became a major LNG exporter over the sample; the American market DECOUPLED (lost cointegration) from European and Asian markets specifically during Oct 2021-Nov 2022, attributed to congested LNG infrastructure during that period -- i.e. the transmission channel can break down precisely when it is most needed/expected.","2016-2022 only; does not cover the 2023-2026 further LNG-capacity-expansion regime",Not independently fetched beyond abstract/секция snippets in this pass,Very high -- this is the most direct and most cited evidence bearing on whether H-GLOBAL-LNG-1's transmission channel is live under stress or breaks under stress,retain -- central evidence for the falsification-relevant finding that transmission is NOT monotonically stronger during crises,https://www.researchgate.net/publication/390409445_Global_Natural_Gas_Market_Integration_The_Role_of_LNG_Trade_and_Infrastructure_Constraints
baumeister_huber_lee_ravazzolo_2024,"Baumeister, Huber, Lee & Ravazzolo (2024), Forecasting Natural Gas Prices in Real Time, NBER Working Paper 33156",w33156,2024,US (Henry Hub),monthly vintages Feb 1997 - Feb 2024,"real-time (PIT) database + univariate, VAR/BVAR, energy-price-spread, and forecast-pooling models",monthly average real Henry Hub spot price,1 to 24 months ahead,"ARMA/AR/BVAR/exponential smoothing/price-spread/regime-switching + Model Confidence Set pooling",true real-time recursive out-of-sample evaluation vs random-walk benchmark (1997-2024),"OOS demonstrated: parsimonious BVAR(1) with 6 fundamentals beats random walk at ALL horizons (14-24% MSPE reduction, growing with horizon); futures-based forecasts beat RW at all horizons; MCS-selected forecast pooling gives the largest gains (up to ~54% MSPE reduction at h=24, real-time selected).","This is a rare genuinely PIT-governed natural-gas forecasting study -- authors built a real-time vintage database explicitly to avoid look-ahead bias; directly usable as a PIT-methodology template.",Very high -- explicitly documents 4 distinct historical regimes (pre-2006 oil-linkage; 2006-2009 shale transition; 2010-2016 shut-in fracking / decoupling from oil; 2016-present LNG-export recoupling) and shows the BEST-PERFORMING MODEL CLASS CHANGES BY REGIME,No H-GLOBAL-LNG-1-specific test (US-only fundamentals; no TTF/JKM variables in the model),"US-only fundamentals model; earlier crude-oil price-spread cointegration model breaks down in Jan 2009 and this break was NOT detectable in real time by a Markov-switching extension -- a cautionary finding for any regime-switching design.",Overparameterised long-lag VARs (VAR(12)) underperform the random walk; parsimony (lag 1) plus stochastic volatility materially outperforms complexity; no single model wins at every horizon -- forecast POOLING is required for best results; oil-gas price-spread cointegration model produced dismal forecasts post-2009 break,"None found in this pass -- data, code framework and vintage sources are documented in the paper's own appendix (Table 1A)",Highest of any single source retrieved -- directly informs Commodity's target/horizon/PIT design and gives a credible, real-time-validated baseline that beats a zero-return-equivalent naive benchmark,retain -- primary methodological anchor for the forecasting-literature review and for target/horizon design criticism,https://www.nber.org/system/files/working_papers/w33156/w33156.pdf
stock_zaragoza_watkins_2024,"Stock & Zaragoza-Watkins (2024), The Market and Climate Implications of U.S. LNG Exports, NBER Working Paper 32228",w32228,2024,US / global,long-run historical (regime periods through ~2024),not independently reviewed beyond secondary citation in baumeister_huber_lee_ravazzolo_2024,not independently reviewed,not independently reviewed,not independently reviewed,not independently reviewed,not independently reviewed,not independently reviewed,Cited as the source of the four-regime periodisation (pre-2006 / 2006-2009 shale transition / 2010-2016 shut-in fracking / 2016-present LNG-export recoupling) used by baumeister_huber_lee_ravazzolo_2024; also cited as identifying the Jan-2009 HH-WTI cointegration break,Not applicable -- not independently reviewed,"NOT independently fetched or read in this pass -- appears only as a secondary citation inside baumeister_huber_lee_ravazzolo_2024. Its regime dates and the cointegration-break date are reported here only as attributed to it by that paper, not verified against the original.",Not independently verified,"Full text not retrieved; every fact attributed to this paper in the report is sourced via baumeister_huber_lee_ravazzolo_2024's citation of it, not the primary source",Moderate -- likely relevant to the structural-change section but unverified,investigate -- retrieve and read directly before relying on its regime dates for any Commodity design decision,https://www.nber.org/papers/w32228
ben_amar_lmasrar_bouattour_2025,"Ben Amar, Lmasrar & Bouattour (2025), Are European and U.S. natural gas futures markets integrated? Insights from network-connectedness and cross-herding analysis, Economics and Business Letters 14(2)",not confirmed,2025,EU / US futures,not independently reviewed,not independently reviewed,not independently reviewed,not independently reviewed,not independently reviewed,not independently reviewed,not independently reviewed,not independently reviewed,Title alone suggests direct relevance to H-GLOBAL-LNG-1's EU-US linkage question,Not applicable,"NOT independently opened -- appears only in reference lists of other papers (secondary citation only). Excluded from substantive claims in the report.",Not verified,Not verified -- title/venue only,Potentially high if verified,investigate -- highest-priority follow-up retrieval given direct title relevance,not independently located
emiliozzi_ferriani_gazzani_2025,"Emiliozzi, Ferriani & Gazzani (2025), The European Energy Crisis and the Consequences for the Global Natural Gas Market, The Energy Journal 46(1)",not confirmed,2025,Europe / global,not independently reviewed,not independently reviewed,not independently reviewed,not independently reviewed,not independently reviewed,not independently reviewed,not independently reviewed,not independently reviewed,Title suggests overlap/competition with rubaszek_szafranek_2025's research question,Not applicable,"NOT independently opened -- appears only in reference lists of other papers. Excluded from substantive claims in the report.",Not verified,Not verified -- title/venue only,Potentially high if verified,investigate -- second-highest-priority follow-up retrieval,not independently located
linn_zhu_storage_surprise,"Linn & Zhu, The response of U.S. natural gas futures and spot prices to storage change surprises: Fundamental information and the effect of escalating physical gas production",citation unconfirmed,unconfirmed,US,Aug 2002 - Aug 2011 (per reviewed PDF),NYMEX front-month futures + HH spot around weekly EIA storage announcements,daily price change on/around the EIA storage-report release,intraday/1-day event window,event-study regression of price change on storage surprise (actual minus Bloomberg-consensus forecast),event-study design with an explicit expectations benchmark (analyst consensus) -- a real PIT-consistent surprise measure,"Demonstrated: an inverse and statistically significant relationship exists between the storage-change surprise and the futures/spot price change on announcement day; the price response is not differentially larger for bigger absolute surprises (a nonlinearity finding, not a null result).","Directly PIT-relevant BY CONSTRUCTION -- the paper's whole design is an expectation-surprise decomposition, which is exactly the PIT discipline Commodity's data-manifest requires",Moderate -- sample ends 2011, before the shale-to-LNG-export transition; the 'escalating physical production' framing suggests the authors themselves flag regime sensitivity,Not applicable (US-domestic mechanism; no global/EU leg),Direct storage-surprise -> price mechanism at the shortest (intraday/1-day) horizon -- the best horizon match of any source reviewed to Commodity's 1-trading-session target,"Citation details (exact journal, volume, publication year) could not be independently confirmed in this pass -- only a conference/seminar-hosted PDF was located; treat the substantive finding as credible (a well-known result independently corroborated by decades of trade-press and current 2025-2026 market commentary on storage-day price moves) but verify the formal citation before use.",Sample predates the shale/LNG-export era and would need replication on 2016-2026 data before being treated as current-regime evidence,"Very high -- this is the single strongest horizon-matched candidate mechanism for a 1-session-ahead Henry Hub signal found in this review",retain -- highest-priority replication/extension candidate onto the current-regime PIT data Commodity already plans to acquire (EIA WNGSR + a documented consensus-forecast source),not independently confirmed -- PDF hosted at IMF seminar page
halser_paraschiv_russo_2023,"Halser, Paraschiv & Russo (2023), Oil-Gas Price Relationships on Three Continents: Disruptions and Equilibria, J. Commodity Markets 31",10.1016/j.jcomm.2023.100347,2023,"US, EU, Asia (oil-gas linkage)",not independently reviewed beyond citation context,not independently reviewed,oil-gas price relationship stability,not independently reviewed,not independently reviewed,not independently reviewed,not independently reviewed,Not PIT-relevant as reviewed,Cited elsewhere as evidence that regional oil-gas linkages are unstable and continent-specific,Not applicable,Only reviewed via citation context in other papers' reference lists; not independently opened,Not verified,Abstract/title only,Moderate -- relevant to the cross-commodity driver section (oil-gas linkage) but not independently verified,investigate,https://www.sciencedirect.com/science/article/pii/S2405851323000246
hupka_popova_simkins_lee_2023,"Hupka, Popova, Simkins & Lee (2023), A review of the literature on LNG: Hubs development, market integration, and price discovery, J. Commodity Markets 31",10.1016/j.jcomm.2023.100349,2023,Global LNG hubs (review article),review of prior literature,literature review,LNG hub market integration / price discovery,review (not a forecasting study),narrative literature review,not applicable (review article),"Documents that Asian LNG markets still lack a transparent pricing benchmark comparable to North American/European hubs, delaying functional Asia-Pacific hub formation.",Not PIT-relevant (review article),Moderate -- documents ongoing Asian market immaturity relevant to any JKM-based PIT variable,Background/contextual support only,Not applicable,Review-article limitations (secondary synthesis, not new empirical evidence),Abstract-level review only,Moderate -- relevant caution for any Asia/JKM data-acquisition decision,retain as background,DOI 10.1016/j.jcomm.2023.100349
