origin_month,actual_log_hh,A_prediction,B_prediction
2003-01,2.0425181875752383,1.575197505718236,1.5789873568959758
2003-02,1.780024213009634,1.8990551689643733,1.931758112716512
2003-03,1.6601310267496185,1.6572790354021882,1.6682950834727137
2003-04,1.7595805708638197,1.555428784057639,1.5489535441145201
2003-05,1.7613002617433464,1.6515545970493983,1.6381838398136745
2003-06,1.6154199841116479,1.6616156266312911,1.6459306469936665
2003-07,1.6074359097634274,1.5381055745020968,1.535137273484958
2003-08,1.5303947050936475,1.5365400655862556,1.5376842385508571
2003-09,1.5325568680981427,1.4719692808617866,1.460616011372558
2003-10,1.4973884086254774,1.4751882044558986,1.4614104466462423
2003-11,1.81319474994812,1.4438412024095242,1.4278415711824035
2003-12,1.814824742159051,1.721640240993512,1.7129827910252098
2004-01,1.6808279085207734,1.720656475105303,1.7197230258816945
2004-02,1.6845453849209058,1.5970874304208718,1.6043994532310837
2004-03,1.742219023667919,1.5983718618537754,1.59896890936961
2004-04,1.8453002361560848,1.650580544182803,1.6495658810314988
2004-05,1.8357763546448294,1.7473110175318474,1.743910710576353
2004-06,1.780024213009634,1.744308649153501,1.7456685592414314
2004-07,1.6882490928583902,1.699860328373779,1.6969848606270772
2004-08,1.6389967146756448,1.6228411537083176,1.6226749488654457
2004-09,1.8484548129046001,1.583585862643904,1.595297785427998
2004-10,1.8196988379172965,1.7759012313269376,1.7846614519757233
2004-11,1.884034745337226,1.7507581596193673,1.7637274127061335
2004-12,1.8164520818184267,1.8078150557445367,1.8083209236316136
2005-01,1.814824742159051,1.7426974069179129,1.741234796428834
2005-02,1.9401794743463283,1.7374390728724074,1.7746254813748408
2005-03,1.9685099809725544,1.8492548093647174,1.8387385338081708
2005-04,1.8671761085128091,1.8750173028757955,1.8900878623275723
2005-05,1.9712993830601329,1.7836756167326615,1.7875732490291658
2005-06,2.0320878452963655,1.8838195542371463,1.902526116244673
2005-07,2.254444717666111,1.9463535500383726,1.9572665952132504
2005-08,2.463853240590168,2.1615438158798717,2.1777968180558496
2005-09,2.5967461315435356,2.3673493829119208,2.46862929806921
2005-10,2.33214389523559,2.497906605244573,2.5682786979103813
2005-11,2.5687881337687024,2.2351188875658723,2.274252883555692
2005-12,2.162172939277301,2.458616890934399,2.473334440750031
2006-01,2.020222182019865,2.063810487302228,2.0700585882156743
2006-02,1.9300710850255671,1.9307135374516309,2.017534373409143
2006-03,1.9685099809725544,1.8505813833881208,1.8509480646855871
2006-04,1.8325814637483102,1.8930442469587612,1.924057698725372
2006-05,1.8261608959453874,1.777711392335519,1.7823347270298653
2006-06,1.8196988379172965,1.782118637600413,1.795709773186706
2006-07,1.965712776351493,1.7847948452703821,1.7824379136658455
2006-08,1.589235205116581,1.9236900866780549,1.9181250904717584
2006-09,1.766441661243765,1.5787325991376109,1.5892335391335395
2006-10,2.0028304393079956,1.7356401191885769,1.7176327924554617
2006-11,1.9065751436566365,1.9449182376953602,1.9513766031328952
2006-12,1.8794650496471605,1.8482772927279632,1.8262558614154292
2007-01,2.0794415416798357,1.8161912204210997,1.805329098314711
2007-02,1.9615022438151495,1.9957328564016656,2.037698285047812
2007-03,2.028148247292285,1.8870532307566759,1.8648428203560643
2007-04,2.033397603178429,1.9529234639361088,1.9625651464121354
2007-05,1.9947003132247452,1.965642318018857,1.9518204543806275
2007-06,1.827769906751088,1.9390600719900593,1.9423713185642626
2007-07,1.827769906751088,1.7936888738948606,1.7793045933470433
2007-08,1.8050046959780757,1.7998983577581866,1.7755181318216997
2007-09,1.9080599249242156,1.781736021144273,1.7718498633885893
2007-10,1.9600947840472698,1.8750348558786254,1.8498127950289027
2007-11,1.9615022438151495,1.9179767766279756,1.9032040199037017
2007-12,2.0781907597781832,1.9119538097470787,1.8781528052047474
2008-01,2.1447610078004784,2.0121193758045535,1.9828975800011532
2008-02,2.2417729535972883,2.0680695368516364,2.0573711287779735
2008-03,2.3204250111223765,2.1560117311124474,2.1203031404815578
2008-04,2.422144328051685,2.2313026597817274,2.2175609160604006
2008-05,2.540814281726296,2.33250834435307,2.3239889171423496
2008-06,2.4060438013622756,2.4528657081465304,2.4523532121183895
2008-07,2.1114245875328868,2.3313360238844627,2.3196656832235343
2008-08,2.0373166153791646,2.059859401115553,2.039212629224566
2008-09,1.9080599249242156,1.9956584454166324,2.0078112437655617
2008-10,1.8991179875485542,1.8785174187122655,1.8734022318057957
2008-11,1.7613002617433464,1.8707826214574188,1.8702689048118821
2008-12,1.6563214983329508,1.7420505844273144,1.731064537701945
2009-01,1.5085119938441398,1.642802878987477,1.6198866272596018
2009-02,1.3762440252663892,1.5043836960429036,1.5026995390710962
2009-03,1.252762968495368,1.3815133448710042,1.3582137749330416
2009-04,1.3428648031925547,1.2685791530956974,1.2650606361216665
2009-05,1.33500106673234,1.3542015447991342,1.3498457376812714
2009-06,1.2178757094949273,1.3508128015586691,1.348632358128473
2009-07,1.144222799920162,1.246857962666744,1.2273889072440998
2009-08,1.095273387402595,1.1820217146575476,1.152493372054938
2009-09,1.3887912413184778,1.1384572094421213,1.1315159588871309
2009-10,1.297463147413275,1.4093284094840823,1.3920567762940363
2009-11,1.6770965609079151,1.322608331206518,1.3184870547553964
2009-12,1.763017000362401,1.6673587374205185,1.6496878379757147
2010-01,1.6714733033535532,1.7403747379792898,1.7162497361209492
2010-02,1.4562867329399256,1.6498298843206887,1.6457789127595475
2010-03,1.3937663759585917,1.4474946652291023,1.4268005452149932
2010-04,1.4206957878372228,1.3889480496074078,1.392660028854954
2010-05,1.5686159179138452,1.4165556836356432,1.4104491238597328
2010-06,1.5325568680981427,1.5584505591468456,1.5578107142117692
2010-07,1.463255402256019,1.5323419796121154,1.5025840139566156
2010-08,1.358409157630355,1.4749022046008293,1.4335315808478586
2010-09,1.2325602611778486,1.3825269978941737,1.3614069287389419
2010-10,1.3110318766193438,1.2676901614604228,1.2407712673184363
2010-11,1.4469189829363254,1.3380814967433046,1.322248196648105
2010-12,1.501852701754163,1.4586592119575403,1.4166373283194456
2011-01,1.4085449700547104,1.5028985759957338,1.4644418157042547
2011-02,1.3787660946990992,1.4105038152313374,1.4025384803327474
2011-03,1.4445632692438664,1.3782440310980622,1.3439131635523653
2011-04,1.4609379041156563,1.4369985746359681,1.4268406766904909
2011-05,1.5129270120532565,1.4535922962302397,1.4421152262446912
2011-06,1.4861396960896067,1.5057993289616907,1.49379378735154
2011-07,1.4011829736136412,1.486960340150021,1.4462769847069237
2011-08,1.3609765531356006,1.4145045492184662,1.3660789333634071
2011-09,1.2725655957915476,1.3818868775143445,1.3588926354413973
2011-10,1.1755733298042381,1.3023412006802557,1.2752808769831372
2011-11,1.1537315878891892,1.2119726614243822,1.18487498257551
2011-12,0.9820784724121582,1.1886552688181162,1.146875980580512
2012-01,0.9202827531436925,1.0249695428937322,0.971544029607566
2012-02,0.7747271675523681,0.9629717476851338,0.9382763853015397
2012-03,0.6678293725756554,0.8238844659792322,0.7912031501621553
2012-04,0.8878912573524571,0.7226906829979985,0.696496500334154
2012-05,0.9001613499442714,0.9313532474966268,0.8956386401267292
2012-06,1.0818051703517284,0.9461864175758573,0.9087278173548268
2012-07,1.0438040521731147,1.1190107025966252,1.0502806745980884
2012-08,1.0473189942805592,1.0862247605096838,1.0163296439611582
2012-09,1.199964782928397,1.09005013584466,1.0422394983182706
2012-10,1.264126727145683,1.2302343300532463,1.1851397363067866
2012-11,1.205970806988609,1.2860143220832132,1.2514189448487443
2012-12,1.2029723039923526,1.2271037930567843,1.184814633939486
2013-01,1.2029723039923526,1.2193692133992928,1.1705276194577834
2013-02,1.3376291891386096,1.2157877402269397,1.1948519385583474
2013-03,1.4279160358107101,1.3392125576583402,1.2909405812798254
2013-04,1.3962446919730587,1.4236688310316823,1.3990533317518143
2013-05,1.3428648031925547,1.3970078586446781,1.3728472816669894
2013-06,1.2864740258376797,1.3513170401616923,1.3252739435355234
2013-07,1.2325602611778486,1.3029950210053445,1.250623051099388
2013-08,1.2864740258376797,1.2561764268429931,1.2011900507781805
2013-09,1.3029127521808397,1.3078196020825297,1.2738528948794072
2013-10,1.2919836816486494,1.3226529373832594,1.2894939365401108
2013-11,1.4445632692438664,1.3101041207528878,1.2742158561962078
2013-12,1.5496879080283263,1.4477806525011943,1.39898125461567
2014-01,1.791759469228055,1.5407179650304539,1.4843372405013107
2014-02,1.589235205116581,1.7609550857023932,1.7227623788721123
2014-03,1.5390154481375546,1.5696499615295014,1.5039596990043893
2014-04,1.5216989981260935,1.522001037185368,1.4790118288187564
2014-05,1.5238800240724537,1.5074796281932628,1.4737665261275166
2014-06,1.3987168811184478,1.5132980618458844,1.4848868668898922
2014-07,1.3635373739972745,1.4024020744676917,1.358374887780009
2014-08,1.366091653802371,1.3750318531669459,1.328737765805621
2014-09,1.3297240096314962,1.3814716511253233,1.3489973455866404
2014-10,1.415853163361435,1.3495957832288918,1.319062598458625
2014-11,1.247032293786383,1.4286264497274062,1.401799662892468
2014-12,1.095273387402595,1.2687111558187603,1.2353587149409038
2015-01,1.0543120297715298,1.12304863435772,1.077081786693572
2015-02,1.0402767116551463,1.0804309161656485,1.0426816504066045
2015-03,0.959350221334602,1.0643558691999575,1.0169231284678475
2015-04,1.0473189942805592,0.988135010212574,0.9591162892934596
2015-05,1.0224509277025455,1.0719754156891081,1.0463137111645477
2015-06,1.0438040521731147,1.052333537088678,1.022023014363049
2015-07,1.0188473201992472,1.0765567808037346,1.030116402739525
2015-08,0.9783261227936078,1.057116251940172,1.0092795851811835
2015-09,0.85015092936961,1.021581621833775,0.9865052112457198
2015-10,0.7371640659767196,0.9017808519626421,0.8688724835464856
2015-11,0.6575200029167941,0.7936453940391434,0.7671433651964297
2015-12,0.8241754429663494,0.715115378244633,0.6838492750272338
2016-01,0.688134638736401,0.8688099667849628,0.8313408443110923
2016-02,0.5481214085096876,0.7371268453603717,0.71625512166843
2016-03,0.6523251860396901,0.6020553072666346,0.5785846018575792
2016-04,0.6523251860396901,0.7005153646538772,0.6868338074490753
2016-05,0.9516578757114463,0.7017058633332123,0.6813185190704593
2016-06,1.0367368849500223,0.9862936544341848,0.9629088545047046
2016-07,1.0367368849500223,1.068197277625711,1.0237455369444304
2016-08,1.095273387402595,1.0694532321903756,1.0210045616607184
2016-09,1.091923300517313,1.1240061144111566,1.0930606850478044
2016-10,0.9360933591703348,1.1191777379144145,1.0945168318880139
2016-11,1.2781522025001875,0.97056300816396,0.9524721929478289
2016-12,1.1939224684724346,1.2875111032608304,1.253448253457024
2017-01,1.0473189942805592,1.206085767171741,1.1738838541424872
2017-02,1.0577902941478545,1.0672797624262573,1.0646184332444801
2017-03,1.1314021114911006,1.0766821719200466,1.0458178377492242
2017-04,1.1474024528375417,1.1467295738197165,1.1373101143408162
2017-05,1.091923300517313,1.1641254480200394,1.1461335026109718
2017-06,1.091923300517313,1.1152371783503738,1.0904666763459367
2017-07,1.0647107369924282,1.1178296640853986,1.0698513353007035
2017-08,1.091923300517313,1.0939784082451858,1.0442782932881163
2017-09,1.0577902941478545,1.1195600568046984,1.0827523793064264
2017-10,1.1019400787607843,1.0862582691487654,1.0485588255787603
2017-11,1.0367368849500223,1.125014423712101,1.08839491935575
2017-12,1.3532545070416904,1.0609349831169697,1.0068435019199713
2018-01,0.9820784724121582,1.353805382536665,1.29732428625542
2018-02,0.9895411936137477,1.0055089433708613,0.9654395956494404
2018-03,1.0296194171811581,1.011896662687696,0.9467008405692873
2018-04,1.0296194171811581,1.0505760123133026,0.9988687390980824
2018-05,1.0885619528146082,1.0531477013854438,1.0059737536261277
2018-06,1.0402767116551463,1.1113711126490053,1.0624949921738298
2018-07,1.085189268335969,1.0690628201273784,0.9969868584357262
2018-08,1.0986122886681098,1.1126999952174002,1.0406441861868807
2018-09,1.1878434223960523,1.1252659441418738,1.0675169323763731
2018-10,1.4085449700547104,1.2068992599571429,1.1537289187609077
2018-11,1.3962446919730587,1.4095721120434588,1.3605343045019591
2018-12,1.1346227261911428,1.3939693217054792,1.3450267115214216
2019-01,0.9895411936137477,1.1461688945922268,1.0835319461975996
2019-02,1.0818051703517284,1.0083984295151407,0.9572620042211737
2019-03,0.9745596399981308,1.0947637420401155,1.031978311330855
2019-04,0.9707789171582248,0.9970014624305009,0.9584747721879949
2019-05,0.8754687373538999,0.9975751420238586,0.9556050158725807
2019-06,0.8628899551470398,0.9130481550339775,0.8680371769754298
2019-07,0.7975071958841882,0.9053277153879937,0.8417732654639397
2019-08,0.9400072584914712,0.8462931664559988,0.7785690351612545
2019-09,0.8458682675776092,0.9801321384184272,0.9309831514716144
2019-10,0.9745596399981308,0.8893130187208967,0.8430523794584489
2019-11,0.7975071958841882,1.0057146183481958,0.9577947183084844
2019-12,0.7030975114131134,0.834365235556101,0.7811771966370613
2020-01,0.6471032420585384,0.7408663569037278,0.6872533955866885
2020-02,0.5822156198526637,0.685445075631481,0.6445437987841127
2020-03,0.5538851132264376,0.6242036401024039,0.5839042379374717
2020-04,0.5596157879354227,0.6001265483217902,0.5744336013313561
2020-05,0.4885800148186709,0.6101183391130591,0.5895337589925378
2020-06,0.5709795465857378,0.5476050036593905,0.5183678295491286
2020-07,0.8329091229351039,0.6298943582916866,0.578963863613461
2020-08,0.6523251860396901,0.8794395985753409,0.8283468106358989
