trade_date,contract_id,expiration,open,high,low,close,volume
2010-06-06 00:00:00+00:00,NGF1@2010-12-28,2010-12-28 19:30:00+00:00,5.697,5.697,5.697,5.697,1
2010-06-06 00:00:00+00:00,NGQ0@2010-07-28,2010-07-28 18:30:00+00:00,4.851,4.905,4.851,4.899,33
2010-06-06 00:00:00+00:00,NGU0@2010-08-27,2010-08-27 18:30:00+00:00,4.862,4.93,4.862,4.93,14
2010-06-06 00:00:00+00:00,NGV0@2010-09-28,2010-09-28 18:30:00+00:00,4.952,4.969,4.952,4.969,2
2010-06-06 00:00:00+00:00,NGX0@2010-10-27,2010-10-27 18:30:00+00:00,5.202,5.202,5.202,5.202,1
2010-06-07 00:00:00+00:00,NGF1@2010-12-28,2010-12-28 19:30:00+00:00,5.699,5.822,5.577,5.822,10784
2010-06-07 00:00:00+00:00,NGG1@2011-01-27,2011-01-27 19:30:00+00:00,5.549,5.769,5.542,5.769,1758
2010-06-07 00:00:00+00:00,NGQ0@2010-07-28,2010-07-28 18:30:00+00:00,4.894,5.044,4.713,5.031,48904
2010-06-07 00:00:00+00:00,NGU0@2010-08-27,2010-08-27 18:30:00+00:00,4.92,5.082,4.746,5.069,42847
2010-06-07 00:00:00+00:00,NGV0@2010-09-28,2010-09-28 18:30:00+00:00,4.984,5.141,4.829,5.14,29783
2010-06-07 00:00:00+00:00,NGX0@2010-10-27,2010-10-27 18:30:00+00:00,5.221,5.365,5.105,5.365,11835
2010-06-07 00:00:00+00:00,NGZ0@2010-11-24,2010-11-24 19:30:00+00:00,5.515,5.65,5.403,5.65,7593
2010-06-08 00:00:00+00:00,NGF1@2010-12-28,2010-12-28 19:30:00+00:00,5.835,5.835,5.647,5.699,11135
2010-06-08 00:00:00+00:00,NGG1@2011-01-27,2011-01-27 19:30:00+00:00,5.759,5.773,5.608,5.646,1444
2010-06-08 00:00:00+00:00,NGQ0@2010-07-28,2010-07-28 18:30:00+00:00,5.03,5.034,4.803,4.856,57892
2010-06-08 00:00:00+00:00,NGU0@2010-08-27,2010-08-27 18:30:00+00:00,5.066,5.074,4.849,4.894,49281
2010-06-08 00:00:00+00:00,NGV0@2010-09-28,2010-09-28 18:30:00+00:00,5.14,5.147,4.93,4.994,31628
2010-06-08 00:00:00+00:00,NGX0@2010-10-27,2010-10-27 18:30:00+00:00,5.383,5.392,5.195,5.246,11153
2010-06-08 00:00:00+00:00,NGZ0@2010-11-24,2010-11-24 19:30:00+00:00,5.655,5.655,5.47,5.521,8018
2010-06-09 00:00:00+00:00,NGF1@2010-12-28,2010-12-28 19:30:00+00:00,5.698,5.735,5.631,5.657,13272
2010-06-09 00:00:00+00:00,NGG1@2011-01-27,2011-01-27 19:30:00+00:00,5.655,5.671,5.588,5.612,2899
2010-06-09 00:00:00+00:00,NGQ0@2010-07-28,2010-07-28 18:30:00+00:00,4.838,4.89,4.728,4.728,48499
2010-06-09 00:00:00+00:00,NGU0@2010-08-27,2010-08-27 18:30:00+00:00,4.896,4.939,4.78,4.787,41697
2010-06-09 00:00:00+00:00,NGV0@2010-09-28,2010-09-28 18:30:00+00:00,4.981,5.023,4.863,4.87,30123
2010-06-09 00:00:00+00:00,NGX0@2010-10-27,2010-10-27 18:30:00+00:00,5.236,5.27,5.146,5.171,10063
2010-06-09 00:00:00+00:00,NGZ0@2010-11-24,2010-11-24 19:30:00+00:00,5.508,5.552,5.448,5.48,6256
2010-06-10 00:00:00+00:00,NGF1@2010-12-28,2010-12-28 19:30:00+00:00,5.66,5.746,5.586,5.674,13388
2010-06-10 00:00:00+00:00,NGG1@2011-01-27,2011-01-27 19:30:00+00:00,5.612,5.689,5.545,5.628,2642
2010-06-10 00:00:00+00:00,NGQ0@2010-07-28,2010-07-28 18:30:00+00:00,4.735,4.86,4.686,4.751,42214
2010-06-10 00:00:00+00:00,NGU0@2010-08-27,2010-08-27 18:30:00+00:00,4.785,4.911,4.737,4.803,38157
2010-06-10 00:00:00+00:00,NGV0@2010-09-28,2010-09-28 18:30:00+00:00,4.876,4.991,4.815,4.883,26573
2010-06-10 00:00:00+00:00,NGX0@2010-10-27,2010-10-27 18:30:00+00:00,5.164,5.271,5.1,5.172,8587
2010-06-10 00:00:00+00:00,NGZ0@2010-11-24,2010-11-24 19:30:00+00:00,5.481,5.567,5.4,5.477,6677
2010-06-11 00:00:00+00:00,NGF1@2010-12-28,2010-12-28 19:30:00+00:00,5.665,5.709,5.635,5.686,7993
2010-06-11 00:00:00+00:00,NGG1@2011-01-27,2011-01-27 19:30:00+00:00,5.644,5.665,5.59,5.626,877
2010-06-11 00:00:00+00:00,NGQ0@2010-07-28,2010-07-28 18:30:00+00:00,4.739,4.867,4.732,4.846,38196
2010-06-11 00:00:00+00:00,NGU0@2010-08-27,2010-08-27 18:30:00+00:00,4.793,4.912,4.784,4.899,35716
2010-06-11 00:00:00+00:00,NGV0@2010-09-28,2010-09-28 18:30:00+00:00,4.851,4.984,4.851,4.969,20356
2010-06-11 00:00:00+00:00,NGX0@2010-10-27,2010-10-27 18:30:00+00:00,5.136,5.243,5.136,5.227,6848
2010-06-11 00:00:00+00:00,NGZ0@2010-11-24,2010-11-24 19:30:00+00:00,5.478,5.531,5.46,5.515,5224
2010-06-13 00:00:00+00:00,NGF1@2010-12-28,2010-12-28 19:30:00+00:00,5.686,5.777,5.686,5.777,11
2010-06-13 00:00:00+00:00,NGG1@2011-01-27,2011-01-27 19:30:00+00:00,5.714,5.714,5.714,5.714,2
2010-06-13 00:00:00+00:00,NGQ0@2010-07-28,2010-07-28 18:30:00+00:00,4.925,5.02,4.902,4.954,297
2010-06-13 00:00:00+00:00,NGU0@2010-08-27,2010-08-27 18:30:00+00:00,4.95,5.015,4.95,5.002,111
2010-06-13 00:00:00+00:00,NGV0@2010-09-28,2010-09-28 18:30:00+00:00,4.976,5.087,4.976,5.073,34
2010-06-13 00:00:00+00:00,NGX0@2010-10-27,2010-10-27 18:30:00+00:00,5.303,5.303,5.303,5.303,4
2010-06-13 00:00:00+00:00,NGZ0@2010-11-24,2010-11-24 19:30:00+00:00,5.575,5.589,5.557,5.557,3
2010-06-14 00:00:00+00:00,NGF1@2010-12-28,2010-12-28 19:30:00+00:00,5.777,5.829,5.703,5.829,16258
2010-06-14 00:00:00+00:00,NGG1@2011-01-27,2011-01-27 19:30:00+00:00,5.72,5.765,5.65,5.765,2209
2010-06-14 00:00:00+00:00,NGQ0@2010-07-28,2010-07-28 18:30:00+00:00,4.952,5.13,4.918,5.081,44596
2010-06-14 00:00:00+00:00,NGU0@2010-08-27,2010-08-27 18:30:00+00:00,4.996,5.165,4.965,5.152,22119
2010-06-14 00:00:00+00:00,NGV0@2010-09-28,2010-09-28 18:30:00+00:00,5.07,5.22,5.033,5.205,28567
2010-06-14 00:00:00+00:00,NGX0@2010-10-27,2010-10-27 18:30:00+00:00,5.346,5.411,5.272,5.411,13658
2010-06-14 00:00:00+00:00,NGZ0@2010-11-24,2010-11-24 19:30:00+00:00,5.611,5.68,5.543,5.68,8206
2010-06-15 00:00:00+00:00,NGF1@2010-12-28,2010-12-28 19:30:00+00:00,5.825,5.926,5.8,5.905,15209
2010-06-15 00:00:00+00:00,NGG1@2011-01-27,2011-01-27 19:30:00+00:00,5.745,5.861,5.745,5.851,2513
2010-06-15 00:00:00+00:00,NGQ0@2010-07-28,2010-07-28 18:30:00+00:00,5.093,5.245,5.076,5.193,48047
2010-06-15 00:00:00+00:00,NGU0@2010-08-27,2010-08-27 18:30:00+00:00,5.144,5.278,5.114,5.236,27289
2010-06-15 00:00:00+00:00,NGV0@2010-09-28,2010-09-28 18:30:00+00:00,5.2,5.342,5.176,5.305,32787
2010-06-15 00:00:00+00:00,NGX0@2010-10-27,2010-10-27 18:30:00+00:00,5.381,5.534,5.373,5.477,11745
2010-06-15 00:00:00+00:00,NGZ0@2010-11-24,2010-11-24 19:30:00+00:00,5.659,5.757,5.623,5.733,8858
2010-06-16 00:00:00+00:00,NGF1@2010-12-28,2010-12-28 19:30:00+00:00,5.905,5.937,5.78,5.811,14404
2010-06-16 00:00:00+00:00,NGG1@2011-01-27,2011-01-27 19:30:00+00:00,5.859,5.859,5.724,5.724,2559
2010-06-16 00:00:00+00:00,NGQ0@2010-07-28,2010-07-28 18:30:00+00:00,5.203,5.249,5.016,5.081,42852
2010-06-16 00:00:00+00:00,NGU0@2010-08-27,2010-08-27 18:30:00+00:00,5.236,5.282,5.054,5.115,16313
2010-06-16 00:00:00+00:00,NGV0@2010-09-28,2010-09-28 18:30:00+00:00,5.306,5.345,5.12,5.131,22465
2010-06-16 00:00:00+00:00,NGX0@2010-10-27,2010-10-27 18:30:00+00:00,5.509,5.535,5.347,5.41,7529
2010-06-16 00:00:00+00:00,NGZ0@2010-11-24,2010-11-24 19:30:00+00:00,5.752,5.762,5.605,5.67,4964
2010-06-17 00:00:00+00:00,NGF1@2010-12-28,2010-12-28 19:30:00+00:00,5.873,5.914,5.791,5.897,13498
2010-06-17 00:00:00+00:00,NGG1@2011-01-27,2011-01-27 19:30:00+00:00,5.807,5.838,5.732,5.818,2775
2010-06-17 00:00:00+00:00,NGQ0@2010-07-28,2010-07-28 18:30:00+00:00,5.09,5.226,5.031,5.187,66029
2010-06-17 00:00:00+00:00,NGU0@2010-08-27,2010-08-27 18:30:00+00:00,5.115,5.255,5.064,5.22,24235
2010-06-17 00:00:00+00:00,NGV0@2010-09-28,2010-09-28 18:30:00+00:00,5.182,5.32,5.126,5.276,27427
2010-06-17 00:00:00+00:00,NGX0@2010-10-27,2010-10-27 18:30:00+00:00,5.432,5.517,5.354,5.45,5898
2010-06-17 00:00:00+00:00,NGZ0@2010-11-24,2010-11-24 19:30:00+00:00,5.699,5.74,5.615,5.713,5563
2010-06-18 00:00:00+00:00,NGF1@2010-12-28,2010-12-28 19:30:00+00:00,5.894,5.949,5.772,5.792,10812
2010-06-18 00:00:00+00:00,NGG1@2011-01-27,2011-01-27 19:30:00+00:00,5.85,5.85,5.71,5.72,1406
2010-06-18 00:00:00+00:00,NGQ0@2010-07-28,2010-07-28 18:30:00+00:00,5.186,5.24,5.041,5.081,31396
2010-06-18 00:00:00+00:00,NGU0@2010-08-27,2010-08-27 18:30:00+00:00,5.217,5.269,5.073,5.11,19293
2010-06-18 00:00:00+00:00,NGV0@2010-09-28,2010-09-28 18:30:00+00:00,5.274,5.326,5.133,5.173,19746
2010-06-18 00:00:00+00:00,NGX0@2010-10-27,2010-10-27 18:30:00+00:00,5.513,5.52,5.353,5.372,4510
2010-06-18 00:00:00+00:00,NGZ0@2010-11-24,2010-11-24 19:30:00+00:00,5.747,5.774,5.594,5.607,5784
2010-06-20 00:00:00+00:00,NGF1@2010-12-28,2010-12-28 19:30:00+00:00,5.772,5.827,5.772,5.827,2
2010-06-20 00:00:00+00:00,NGQ0@2010-07-28,2010-07-28 18:30:00+00:00,5.09,5.138,5.059,5.121,249
2010-06-20 00:00:00+00:00,NGU0@2010-08-27,2010-08-27 18:30:00+00:00,5.085,5.16,5.085,5.15,27
2010-06-20 00:00:00+00:00,NGV0@2010-09-28,2010-09-28 18:30:00+00:00,5.15,5.22,5.15,5.178,11
2010-06-21 00:00:00+00:00,NGF1@2010-12-28,2010-12-28 19:30:00+00:00,5.85,5.908,5.633,5.665,12982
2010-06-21 00:00:00+00:00,NGG1@2011-01-27,2011-01-27 19:30:00+00:00,5.783,5.835,5.574,5.594,2861
2010-06-21 00:00:00+00:00,NGQ0@2010-07-28,2010-07-28 18:30:00+00:00,5.124,5.224,4.865,4.922,49652
2010-06-21 00:00:00+00:00,NGU0@2010-08-27,2010-08-27 18:30:00+00:00,5.153,5.252,4.9,4.955,18214
2010-06-21 00:00:00+00:00,NGV0@2010-09-28,2010-09-28 18:30:00+00:00,5.211,5.31,4.963,5.02,24356
2010-06-21 00:00:00+00:00,NGX0@2010-10-27,2010-10-27 18:30:00+00:00,5.429,5.509,5.196,5.228,6239
2010-06-21 00:00:00+00:00,NGZ0@2010-11-24,2010-11-24 19:30:00+00:00,5.679,5.733,5.448,5.492,6723
2010-06-22 00:00:00+00:00,NGF1@2010-12-28,2010-12-28 19:30:00+00:00,5.665,5.717,5.54,5.616,9800
2010-06-22 00:00:00+00:00,NGG1@2011-01-27,2011-01-27 19:30:00+00:00,5.588,5.602,5.481,5.538,2564
2010-06-22 00:00:00+00:00,NGQ0@2010-07-28,2010-07-28 18:30:00+00:00,4.912,4.926,4.727,4.826,49207
2010-06-22 00:00:00+00:00,NGU0@2010-08-27,2010-08-27 18:30:00+00:00,4.945,5.017,4.771,4.879,24053
2010-06-22 00:00:00+00:00,NGV0@2010-09-28,2010-09-28 18:30:00+00:00,5.011,5.075,4.841,4.955,21259
2010-06-22 00:00:00+00:00,NGX0@2010-10-27,2010-10-27 18:30:00+00:00,5.232,5.232,5.085,5.164,7562
2010-06-22 00:00:00+00:00,NGZ0@2010-11-24,2010-11-24 19:30:00+00:00,5.484,5.519,5.361,5.439,7175
2010-06-23 00:00:00+00:00,NGF1@2010-12-28,2010-12-28 19:30:00+00:00,5.599,5.719,5.597,5.691,9593
2010-06-23 00:00:00+00:00,NGG1@2011-01-27,2011-01-27 19:30:00+00:00,5.538,5.651,5.528,5.62,1143
2010-06-23 00:00:00+00:00,NGQ0@2010-07-28,2010-07-28 18:30:00+00:00,4.825,4.923,4.791,4.846,51605
2010-06-23 00:00:00+00:00,NGU0@2010-08-27,2010-08-27 18:30:00+00:00,4.869,4.962,4.837,4.888,21796
2010-06-23 00:00:00+00:00,NGV0@2010-09-28,2010-09-28 18:30:00+00:00,4.955,5.028,4.913,4.956,20007
2010-06-23 00:00:00+00:00,NGX0@2010-10-27,2010-10-27 18:30:00+00:00,5.155,5.261,5.155,5.22,8453
2010-06-23 00:00:00+00:00,NGZ0@2010-11-24,2010-11-24 19:30:00+00:00,5.426,5.535,5.422,5.501,7083
2010-06-24 00:00:00+00:00,NGF1@2010-12-28,2010-12-28 19:30:00+00:00,5.691,5.726,5.617,5.676,8179
2010-06-24 00:00:00+00:00,NGG1@2011-01-27,2011-01-27 19:30:00+00:00,5.618,5.66,5.566,5.605,1354
2010-06-24 00:00:00+00:00,NGQ0@2010-07-28,2010-07-28 18:30:00+00:00,4.846,4.9,4.745,4.818,41140
2010-06-24 00:00:00+00:00,NGU0@2010-08-27,2010-08-27 18:30:00+00:00,4.888,4.941,4.788,4.857,12530
2010-06-24 00:00:00+00:00,NGV0@2010-09-28,2010-09-28 18:30:00+00:00,4.96,5.008,4.869,4.919,15083
2010-06-24 00:00:00+00:00,NGX0@2010-10-27,2010-10-27 18:30:00+00:00,5.22,5.254,5.139,5.181,5928
2010-06-24 00:00:00+00:00,NGZ0@2010-11-24,2010-11-24 19:30:00+00:00,5.505,5.549,5.44,5.48,4496
2010-06-25 00:00:00+00:00,NGF1@2010-12-28,2010-12-28 19:30:00+00:00,5.672,5.751,5.652,5.732,6983
2010-06-25 00:00:00+00:00,NGG1@2011-01-27,2011-01-27 19:30:00+00:00,5.604,5.687,5.6,5.687,849
2010-06-25 00:00:00+00:00,NGQ0@2010-07-28,2010-07-28 18:30:00+00:00,4.821,4.935,4.783,4.892,51162
2010-06-25 00:00:00+00:00,NGU0@2010-08-27,2010-08-27 18:30:00+00:00,4.852,4.961,4.824,4.926,14024
2010-06-25 00:00:00+00:00,NGV0@2010-09-28,2010-09-28 18:30:00+00:00,4.92,5.031,4.906,4.992,12888
2010-06-25 00:00:00+00:00,NGX0@2010-10-27,2010-10-27 18:30:00+00:00,5.18,5.285,5.165,5.265,4564
2010-06-25 00:00:00+00:00,NGZ0@2010-11-24,2010-11-24 19:30:00+00:00,5.479,5.57,5.474,5.554,2970
2010-06-27 00:00:00+00:00,NGF1@2010-12-28,2010-12-28 19:30:00+00:00,5.74,5.74,5.694,5.694,6
2010-06-27 00:00:00+00:00,NGG1@2011-01-27,2011-01-27 19:30:00+00:00,5.682,5.682,5.682,5.682,1
2010-06-27 00:00:00+00:00,NGQ0@2010-07-28,2010-07-28 18:30:00+00:00,4.851,4.855,4.813,4.835,481
2010-06-27 00:00:00+00:00,NGU0@2010-08-27,2010-08-27 18:30:00+00:00,4.886,4.905,4.863,4.868,147
2010-06-27 00:00:00+00:00,NGV0@2010-09-28,2010-09-28 18:30:00+00:00,4.974,4.975,4.935,4.935,102
2010-06-27 00:00:00+00:00,NGX0@2010-10-27,2010-10-27 18:30:00+00:00,5.21,5.21,5.21,5.21,20
2010-06-27 00:00:00+00:00,NGZ0@2010-11-24,2010-11-24 19:30:00+00:00,5.495,5.495,5.495,5.495,20
2010-06-28 00:00:00+00:00,NGF1@2010-12-28,2010-12-28 19:30:00+00:00,5.691,5.725,5.598,5.609,7838
2010-06-28 00:00:00+00:00,NGG1@2011-01-27,2011-01-27 19:30:00+00:00,5.692,5.692,5.54,5.554,1324
2010-06-28 00:00:00+00:00,NGQ0@2010-07-28,2010-07-28 18:30:00+00:00,4.838,4.882,4.728,4.749,70570
2010-06-28 00:00:00+00:00,NGU0@2010-08-27,2010-08-27 18:30:00+00:00,4.873,4.918,4.766,4.779,12277
2010-06-28 00:00:00+00:00,NGV0@2010-09-28,2010-09-28 18:30:00+00:00,4.945,4.987,4.843,4.855,14419
2010-06-28 00:00:00+00:00,NGX0@2010-10-27,2010-10-27 18:30:00+00:00,5.221,5.248,5.118,5.139,5518
2010-06-28 00:00:00+00:00,NGZ0@2010-11-24,2010-11-24 19:30:00+00:00,5.506,5.535,5.415,5.425,4586
2010-06-29 00:00:00+00:00,NGF1@2010-12-28,2010-12-28 19:30:00+00:00,5.624,5.624,5.413,5.436,12235
2010-06-29 00:00:00+00:00,NGG1@2011-01-27,2011-01-27 19:30:00+00:00,5.502,5.51,5.375,5.391,1559
2010-06-29 00:00:00+00:00,NGQ0@2010-07-28,2010-07-28 18:30:00+00:00,4.749,4.756,4.525,4.557,87854
2010-06-29 00:00:00+00:00,NGU0@2010-08-27,2010-08-27 18:30:00+00:00,4.783,4.792,4.566,4.601,23275
2010-06-29 00:00:00+00:00,NGV0@2010-09-28,2010-09-28 18:30:00+00:00,4.861,4.872,4.652,4.694,25265
2010-06-29 00:00:00+00:00,NGX0@2010-10-27,2010-10-27 18:30:00+00:00,5.113,5.118,4.927,4.954,10044
2010-06-29 00:00:00+00:00,NGZ0@2010-11-24,2010-11-24 19:30:00+00:00,5.423,5.423,5.227,5.252,6873
2010-06-30 00:00:00+00:00,NGF1@2010-12-28,2010-12-28 19:30:00+00:00,5.431,5.44,5.347,5.43,15202
2010-06-30 00:00:00+00:00,NGG1@2011-01-27,2011-01-27 19:30:00+00:00,5.352,5.404,5.324,5.387,2769
2010-06-30 00:00:00+00:00,NGQ0@2010-07-28,2010-07-28 18:30:00+00:00,4.563,4.64,4.477,4.631,85008
2010-06-30 00:00:00+00:00,NGU0@2010-08-27,2010-08-27 18:30:00+00:00,4.603,4.672,4.516,4.669,28607
2010-06-30 00:00:00+00:00,NGV0@2010-09-28,2010-09-28 18:30:00+00:00,4.685,4.746,4.605,4.746,30344
2010-06-30 00:00:00+00:00,NGX0@2010-10-27,2010-10-27 18:30:00+00:00,4.955,4.985,4.856,4.98,13763
2010-06-30 00:00:00+00:00,NGZ0@2010-11-24,2010-11-24 19:30:00+00:00,5.22,5.259,5.153,5.249,9748
2010-07-01 00:00:00+00:00,NGF1@2010-12-28,2010-12-28 19:30:00+00:00,5.415,5.62,5.351,5.486,17816
2010-07-01 00:00:00+00:00,NGG1@2011-01-27,2011-01-27 19:30:00+00:00,5.397,5.57,5.32,5.48,2396
2010-07-01 00:00:00+00:00,NGQ0@2010-07-28,2010-07-28 18:30:00+00:00,4.633,4.923,4.534,4.827,131799
2010-07-01 00:00:00+00:00,NGU0@2010-08-27,2010-08-27 18:30:00+00:00,4.67,4.945,4.57,4.855,36808
2010-07-01 00:00:00+00:00,NGV0@2010-09-28,2010-09-28 18:30:00+00:00,4.723,5.004,4.647,4.901,38743
2010-07-01 00:00:00+00:00,NGX0@2010-10-27,2010-10-27 18:30:00+00:00,4.925,5.21,4.9,5.133,16536
2010-07-01 00:00:00+00:00,NGZ0@2010-11-24,2010-11-24 19:30:00+00:00,5.191,5.454,5.169,5.373,11498
2010-07-02 00:00:00+00:00,NGF1@2010-12-28,2010-12-28 19:30:00+00:00,5.526,5.565,5.386,5.443,10529
2010-07-02 00:00:00+00:00,NGG1@2011-01-27,2011-01-27 19:30:00+00:00,5.514,5.517,5.362,5.423,1495
2010-07-02 00:00:00+00:00,NGQ0@2010-07-28,2010-07-28 18:30:00+00:00,4.826,4.871,4.613,4.681,90450
2010-07-02 00:00:00+00:00,NGU0@2010-08-27,2010-08-27 18:30:00+00:00,4.851,4.893,4.648,4.716,18760
2010-07-02 00:00:00+00:00,NGV0@2010-09-28,2010-09-28 18:30:00+00:00,4.905,4.954,4.726,4.786,25663
2010-07-02 00:00:00+00:00,NGX0@2010-10-27,2010-10-27 18:30:00+00:00,5.155,5.169,4.96,5.04,14248
2010-07-02 00:00:00+00:00,NGZ0@2010-11-24,2010-11-24 19:30:00+00:00,5.376,5.4,5.22,5.286,7374
2010-07-04 00:00:00+00:00,NGQ0@2010-07-28,2010-07-28 18:30:00+00:00,4.66,4.709,4.66,4.709,105
2010-07-04 00:00:00+00:00,NGU0@2010-08-27,2010-08-27 18:30:00+00:00,4.686,4.74,4.686,4.74,58
2010-07-04 00:00:00+00:00,NGV0@2010-09-28,2010-09-28 18:30:00+00:00,4.797,4.797,4.797,4.797,6
2010-07-04 00:00:00+00:00,NGX0@2010-10-27,2010-10-27 18:30:00+00:00,5.04,5.04,5.04,5.04,6
2010-07-05 00:00:00+00:00,NGF1@2010-12-28,2010-12-28 19:30:00+00:00,5.47,5.555,5.47,5.547,121
2010-07-05 00:00:00+00:00,NGG1@2011-01-27,2011-01-27 19:30:00+00:00,5.437,5.508,5.43,5.44,13
2010-07-05 00:00:00+00:00,NGQ0@2010-07-28,2010-07-28 18:30:00+00:00,4.713,4.841,4.712,4.79,4780
2010-07-05 00:00:00+00:00,NGU0@2010-08-27,2010-08-27 18:30:00+00:00,4.76,4.862,4.745,4.811,1179
2010-07-05 00:00:00+00:00,NGV0@2010-09-28,2010-09-28 18:30:00+00:00,4.801,4.93,4.801,4.887,1400
2010-07-05 00:00:00+00:00,NGX0@2010-10-27,2010-10-27 18:30:00+00:00,5.044,5.17,5.044,5.126,1016
2010-07-05 00:00:00+00:00,NGZ0@2010-11-24,2010-11-24 19:30:00+00:00,5.313,5.398,5.313,5.359,162
2010-07-06 00:00:00+00:00,NGF1@2010-12-28,2010-12-28 19:30:00+00:00,5.521,5.6,5.43,5.46,9629
2010-07-06 00:00:00+00:00,NGG1@2011-01-27,2011-01-27 19:30:00+00:00,5.445,5.56,5.399,5.43,1026
2010-07-06 00:00:00+00:00,NGQ0@2010-07-28,2010-07-28 18:30:00+00:00,4.785,4.9,4.64,4.68,102719
2010-07-06 00:00:00+00:00,NGU0@2010-08-27,2010-08-27 18:30:00+00:00,4.811,4.916,4.676,4.703,30771
2010-07-06 00:00:00+00:00,NGV0@2010-09-28,2010-09-28 18:30:00+00:00,4.887,4.978,4.75,4.778,30596
2010-07-06 00:00:00+00:00,NGX0@2010-10-27,2010-10-27 18:30:00+00:00,5.126,5.208,5.012,5.04,17503
2010-07-06 00:00:00+00:00,NGZ0@2010-11-24,2010-11-24 19:30:00+00:00,5.357,5.448,5.272,5.305,8602
2010-07-07 00:00:00+00:00,NGF1@2010-12-28,2010-12-28 19:30:00+00:00,5.454,5.53,5.41,5.42,16881
2010-07-07 00:00:00+00:00,NGG1@2011-01-27,2011-01-27 19:30:00+00:00,5.428,5.499,5.382,5.432,2561
2010-07-07 00:00:00+00:00,NGQ0@2010-07-28,2010-07-28 18:30:00+00:00,4.683,4.78,4.555,4.594,95494
2010-07-07 00:00:00+00:00,NGU0@2010-08-27,2010-08-27 18:30:00+00:00,4.703,4.796,4.582,4.63,31900
2010-07-07 00:00:00+00:00,NGV0@2010-09-28,2010-09-28 18:30:00+00:00,4.772,4.863,4.664,4.675,41716
2010-07-07 00:00:00+00:00,NGX0@2010-10-27,2010-10-27 18:30:00+00:00,5.041,5.121,4.958,5.01,20837
2010-07-07 00:00:00+00:00,NGZ0@2010-11-24,2010-11-24 19:30:00+00:00,5.3,5.374,5.248,5.255,10927
2010-07-08 00:00:00+00:00,NGF1@2010-12-28,2010-12-28 19:30:00+00:00,5.42,5.455,5.26,5.33,19163
2010-07-08 00:00:00+00:00,NGG1@2011-01-27,2011-01-27 19:30:00+00:00,5.385,5.41,5.238,5.32,1838
2010-07-08 00:00:00+00:00,NGQ0@2010-07-28,2010-07-28 18:30:00+00:00,4.602,4.619,4.355,4.408,113799
2010-07-08 00:00:00+00:00,NGU0@2010-08-27,2010-08-27 18:30:00+00:00,4.634,4.641,4.383,4.421,41824
2010-07-08 00:00:00+00:00,NGV0@2010-09-28,2010-09-28 18:30:00+00:00,4.68,4.716,4.471,4.505,37288
2010-07-08 00:00:00+00:00,NGX0@2010-10-27,2010-10-27 18:30:00+00:00,4.975,5.011,4.793,4.844,20629
2010-07-08 00:00:00+00:00,NGZ0@2010-11-24,2010-11-24 19:30:00+00:00,5.262,5.287,5.091,5.163,12298
2010-07-09 00:00:00+00:00,NGF1@2010-12-28,2010-12-28 19:30:00+00:00,5.336,5.385,5.275,5.356,13121
2010-07-09 00:00:00+00:00,NGG1@2011-01-27,2011-01-27 19:30:00+00:00,5.27,5.358,5.27,5.338,2014
2010-07-09 00:00:00+00:00,NGQ0@2010-07-28,2010-07-28 18:30:00+00:00,4.402,4.455,4.339,4.427,64567
2010-07-09 00:00:00+00:00,NGU0@2010-08-27,2010-08-27 18:30:00+00:00,4.431,4.472,4.359,4.438,30705
2010-07-09 00:00:00+00:00,NGV0@2010-09-28,2010-09-28 18:30:00+00:00,4.515,4.555,4.445,4.525,30482
2010-07-09 00:00:00+00:00,NGX0@2010-10-27,2010-10-27 18:30:00+00:00,4.842,4.884,4.78,4.849,19114
2010-07-09 00:00:00+00:00,NGZ0@2010-11-24,2010-11-24 19:30:00+00:00,5.163,5.209,5.102,5.192,9358
2010-07-11 00:00:00+00:00,NGF1@2010-12-28,2010-12-28 19:30:00+00:00,5.357,5.377,5.357,5.374,5
2010-07-11 00:00:00+00:00,NGQ0@2010-07-28,2010-07-28 18:30:00+00:00,4.421,4.449,4.413,4.444,173
2010-07-11 00:00:00+00:00,NGU0@2010-08-27,2010-08-27 18:30:00+00:00,4.43,4.461,4.429,4.46,41
2010-07-11 00:00:00+00:00,NGV0@2010-09-28,2010-09-28 18:30:00+00:00,4.499,4.53,4.484,4.53,17
2010-07-11 00:00:00+00:00,NGX0@2010-10-27,2010-10-27 18:30:00+00:00,4.844,4.87,4.844,4.865,6
2010-07-11 00:00:00+00:00,NGZ0@2010-11-24,2010-11-24 19:30:00+00:00,5.202,5.204,5.202,5.204,3
2010-07-12 00:00:00+00:00,NGF1@2010-12-28,2010-12-28 19:30:00+00:00,5.367,5.377,5.306,5.351,9082
2010-07-12 00:00:00+00:00,NGG1@2011-01-27,2011-01-27 19:30:00+00:00,5.325,5.335,5.284,5.32,520
2010-07-12 00:00:00+00:00,NGQ0@2010-07-28,2010-07-28 18:30:00+00:00,4.442,4.454,4.352,4.398,61930
2010-07-12 00:00:00+00:00,NGU0@2010-08-27,2010-08-27 18:30:00+00:00,4.465,4.473,4.367,4.411,26162
2010-07-12 00:00:00+00:00,NGV0@2010-09-28,2010-09-28 18:30:00+00:00,4.53,4.535,4.445,4.504,17053
2010-07-12 00:00:00+00:00,NGX0@2010-10-27,2010-10-27 18:30:00+00:00,4.865,4.877,4.789,4.838,10143
2010-07-12 00:00:00+00:00,NGZ0@2010-11-24,2010-11-24 19:30:00+00:00,5.204,5.205,5.132,5.176,6056
2010-07-13 00:00:00+00:00,NGF1@2010-12-28,2010-12-28 19:30:00+00:00,5.351,5.356,5.227,5.29,18500
2010-07-13 00:00:00+00:00,NGG1@2011-01-27,2011-01-27 19:30:00+00:00,5.303,5.323,5.209,5.252,2544
2010-07-13 00:00:00+00:00,NGQ0@2010-07-28,2010-07-28 18:30:00+00:00,4.397,4.487,4.334,4.373,104260
2010-07-13 00:00:00+00:00,NGU0@2010-08-27,2010-08-27 18:30:00+00:00,4.416,4.497,4.341,4.384,49393
2010-07-13 00:00:00+00:00,NGV0@2010-09-28,2010-09-28 18:30:00+00:00,4.496,4.568,4.407,4.456,46655
2010-07-13 00:00:00+00:00,NGX0@2010-10-27,2010-10-27 18:30:00+00:00,4.821,4.867,4.708,4.766,23906
2010-07-13 00:00:00+00:00,NGZ0@2010-11-24,2010-11-24 19:30:00+00:00,5.176,5.181,5.044,5.087,13783
2010-07-14 00:00:00+00:00,NGF1@2010-12-28,2010-12-28 19:30:00+00:00,5.281,5.281,5.183,5.193,12075
2010-07-14 00:00:00+00:00,NGG1@2011-01-27,2011-01-27 19:30:00+00:00,5.245,5.245,5.163,5.179,1017
2010-07-14 00:00:00+00:00,NGQ0@2010-07-28,2010-07-28 18:30:00+00:00,4.374,4.375,4.303,4.321,77751
2010-07-14 00:00:00+00:00,NGU0@2010-08-27,2010-08-27 18:30:00+00:00,4.385,4.386,4.315,4.336,47559
2010-07-14 00:00:00+00:00,NGV0@2010-09-28,2010-09-28 18:30:00+00:00,4.456,4.456,4.382,4.394,25241
2010-07-14 00:00:00+00:00,NGX0@2010-10-27,2010-10-27 18:30:00+00:00,4.746,4.746,4.671,4.674,11903
2010-07-14 00:00:00+00:00,NGZ0@2010-11-24,2010-11-24 19:30:00+00:00,5.071,5.074,4.996,5.006,7966
2010-07-15 00:00:00+00:00,NGF1@2010-12-28,2010-12-28 19:30:00+00:00,5.22,5.349,5.123,5.339,23277
2010-07-15 00:00:00+00:00,NGG1@2011-01-27,2011-01-27 19:30:00+00:00,5.134,5.323,5.112,5.32,3646
2010-07-15 00:00:00+00:00,NGQ0@2010-07-28,2010-07-28 18:30:00+00:00,4.322,4.623,4.288,4.617,169204
2010-07-15 00:00:00+00:00,NGU0@2010-08-27,2010-08-27 18:30:00+00:00,4.333,4.624,4.29,4.612,78356
2010-07-15 00:00:00+00:00,NGV0@2010-09-28,2010-09-28 18:30:00+00:00,4.4,4.68,4.357,4.668,48537
2010-07-15 00:00:00+00:00,NGX0@2010-10-27,2010-10-27 18:30:00+00:00,4.707,4.921,4.639,4.92,20577
2010-07-15 00:00:00+00:00,NGZ0@2010-11-24,2010-11-24 19:30:00+00:00,5.037,5.167,4.946,5.161,14682
2010-07-16 00:00:00+00:00,NGF1@2010-12-28,2010-12-28 19:30:00+00:00,5.358,5.366,5.226,5.275,14528
2010-07-16 00:00:00+00:00,NGG1@2011-01-27,2011-01-27 19:30:00+00:00,5.298,5.328,5.203,5.248,1719
2010-07-16 00:00:00+00:00,NGQ0@2010-07-28,2010-07-28 18:30:00+00:00,4.617,4.659,4.472,4.542,93387
2010-07-16 00:00:00+00:00,NGU0@2010-08-27,2010-08-27 18:30:00+00:00,4.612,4.658,4.471,4.539,49019
2010-07-16 00:00:00+00:00,NGV0@2010-09-28,2010-09-28 18:30:00+00:00,4.673,4.717,4.528,4.599,27245
2010-07-16 00:00:00+00:00,NGX0@2010-10-27,2010-10-27 18:30:00+00:00,4.916,4.943,4.782,4.861,11844
2010-07-16 00:00:00+00:00,NGZ0@2010-11-24,2010-11-24 19:30:00+00:00,5.144,5.181,5.044,5.095,7723
2010-07-18 00:00:00+00:00,NGF1@2010-12-28,2010-12-28 19:30:00+00:00,5.253,5.276,5.253,5.274,4
2010-07-18 00:00:00+00:00,NGQ0@2010-07-28,2010-07-28 18:30:00+00:00,4.531,4.541,4.51,4.522,265
2010-07-18 00:00:00+00:00,NGU0@2010-08-27,2010-08-27 18:30:00+00:00,4.522,4.537,4.508,4.522,122
2010-07-18 00:00:00+00:00,NGV0@2010-09-28,2010-09-28 18:30:00+00:00,4.586,4.597,4.57,4.581,75
2010-07-18 00:00:00+00:00,NGX0@2010-10-27,2010-10-27 18:30:00+00:00,4.841,4.842,4.83,4.837,25
2010-07-18 00:00:00+00:00,NGZ0@2010-11-24,2010-11-24 19:30:00+00:00,5.083,5.09,5.083,5.09,3
2010-07-19 00:00:00+00:00,NGF1@2010-12-28,2010-12-28 19:30:00+00:00,5.271,5.298,5.204,5.238,6766
2010-07-19 00:00:00+00:00,NGG1@2011-01-27,2011-01-27 19:30:00+00:00,5.243,5.245,5.18,5.215,1014
2010-07-19 00:00:00+00:00,NGQ0@2010-07-28,2010-07-28 18:30:00+00:00,4.522,4.555,4.454,4.51,78510
2010-07-19 00:00:00+00:00,NGU0@2010-08-27,2010-08-27 18:30:00+00:00,4.521,4.551,4.452,4.508,39226
2010-07-19 00:00:00+00:00,NGV0@2010-09-28,2010-09-28 18:30:00+00:00,4.594,4.6,4.512,4.55,24248
2010-07-19 00:00:00+00:00,NGX0@2010-10-27,2010-10-27 18:30:00+00:00,4.832,4.852,4.76,4.8,13508
2010-07-19 00:00:00+00:00,NGZ0@2010-11-24,2010-11-24 19:30:00+00:00,5.093,5.123,5.029,5.065,8005
2010-07-20 00:00:00+00:00,NGF1@2010-12-28,2010-12-28 19:30:00+00:00,5.243,5.3,5.176,5.3,9599
2010-07-20 00:00:00+00:00,NGG1@2011-01-27,2011-01-27 19:30:00+00:00,5.215,5.267,5.153,5.254,1295
2010-07-20 00:00:00+00:00,NGQ0@2010-07-28,2010-07-28 18:30:00+00:00,4.505,4.632,4.466,4.627,115893
2010-07-20 00:00:00+00:00,NGU0@2010-08-27,2010-08-27 18:30:00+00:00,4.507,4.612,4.456,4.604,52139
2010-07-20 00:00:00+00:00,NGV0@2010-09-28,2010-09-28 18:30:00+00:00,4.555,4.65,4.504,4.65,32240
2010-07-20 00:00:00+00:00,NGX0@2010-10-27,2010-10-27 18:30:00+00:00,4.791,4.87,4.744,4.865,11665
2010-07-20 00:00:00+00:00,NGZ0@2010-11-24,2010-11-24 19:30:00+00:00,5.052,5.125,5.003,5.109,6636
2010-07-21 00:00:00+00:00,NGF1@2010-12-28,2010-12-28 19:30:00+00:00,5.28,5.322,5.226,5.272,11975
2010-07-21 00:00:00+00:00,NGG1@2011-01-27,2011-01-27 19:30:00+00:00,5.274,5.292,5.199,5.249,950
2010-07-21 00:00:00+00:00,NGQ0@2010-07-28,2010-07-28 18:30:00+00:00,4.63,4.662,4.48,4.525,110566
2010-07-21 00:00:00+00:00,NGU0@2010-08-27,2010-08-27 18:30:00+00:00,4.605,4.637,4.472,4.51,52467
2010-07-21 00:00:00+00:00,NGV0@2010-09-28,2010-09-28 18:30:00+00:00,4.641,4.677,4.522,4.554,34576
2010-07-21 00:00:00+00:00,NGX0@2010-10-27,2010-10-27 18:30:00+00:00,4.848,4.902,4.778,4.827,18792
2010-07-21 00:00:00+00:00,NGZ0@2010-11-24,2010-11-24 19:30:00+00:00,5.111,5.156,5.055,5.115,12746
2010-07-22 00:00:00+00:00,NGF1@2010-12-28,2010-12-28 19:30:00+00:00,5.257,5.39,5.252,5.341,12649
2010-07-22 00:00:00+00:00,NGG1@2011-01-27,2011-01-27 19:30:00+00:00,5.27,5.34,5.267,5.297,1145
2010-07-22 00:00:00+00:00,NGQ0@2010-07-28,2010-07-28 18:30:00+00:00,4.526,4.719,4.509,4.66,131009
2010-07-22 00:00:00+00:00,NGU0@2010-08-27,2010-08-27 18:30:00+00:00,4.51,4.699,4.493,4.645,65408
2010-07-22 00:00:00+00:00,NGV0@2010-09-28,2010-09-28 18:30:00+00:00,4.562,4.75,4.552,4.686,32366
2010-07-22 00:00:00+00:00,NGX0@2010-10-27,2010-10-27 18:30:00+00:00,4.81,4.983,4.809,4.905,14226
2010-07-22 00:00:00+00:00,NGZ0@2010-11-24,2010-11-24 19:30:00+00:00,5.093,5.251,5.082,5.174,10483
2010-07-23 00:00:00+00:00,NGF1@2010-12-28,2010-12-28 19:30:00+00:00,5.338,5.346,5.252,5.261,8230
2010-07-23 00:00:00+00:00,NGG1@2011-01-27,2011-01-27 19:30:00+00:00,5.285,5.318,5.237,5.238,926
2010-07-23 00:00:00+00:00,NGQ0@2010-07-28,2010-07-28 18:30:00+00:00,4.662,4.665,4.552,4.563,71983
2010-07-23 00:00:00+00:00,NGU0@2010-08-27,2010-08-27 18:30:00+00:00,4.65,4.65,4.532,4.542,39904
2010-07-23 00:00:00+00:00,NGV0@2010-09-28,2010-09-28 18:30:00+00:00,4.681,4.681,4.569,4.581,17958
2010-07-23 00:00:00+00:00,NGX0@2010-10-27,2010-10-27 18:30:00+00:00,4.909,4.909,4.802,4.814,9707
2010-07-23 00:00:00+00:00,NGZ0@2010-11-24,2010-11-24 19:30:00+00:00,5.172,5.18,5.09,5.098,6403
2010-07-25 00:00:00+00:00,NGF1@2010-12-28,2010-12-28 19:30:00+00:00,5.292,5.292,5.277,5.278,35
2010-07-25 00:00:00+00:00,NGQ0@2010-07-28,2010-07-28 18:30:00+00:00,4.561,4.561,4.525,4.547,237
2010-07-25 00:00:00+00:00,NGU0@2010-08-27,2010-08-27 18:30:00+00:00,4.541,4.541,4.505,4.53,259
2010-07-25 00:00:00+00:00,NGV0@2010-09-28,2010-09-28 18:30:00+00:00,4.578,4.578,4.557,4.57,118
2010-07-25 00:00:00+00:00,NGX0@2010-10-27,2010-10-27 18:30:00+00:00,4.81,4.835,4.81,4.813,3
2010-07-25 00:00:00+00:00,NGZ0@2010-11-24,2010-11-24 19:30:00+00:00,5.127,5.127,5.124,5.124,2
2010-07-26 00:00:00+00:00,NGF1@2010-12-28,2010-12-28 19:30:00+00:00,5.264,5.302,5.218,5.268,8282
2010-07-26 00:00:00+00:00,NGG1@2011-01-27,2011-01-27 19:30:00+00:00,5.268,5.274,5.196,5.26,955
2010-07-26 00:00:00+00:00,NGQ0@2010-07-28,2010-07-28 18:30:00+00:00,4.547,4.634,4.511,4.627,72590
2010-07-26 00:00:00+00:00,NGU0@2010-08-27,2010-08-27 18:30:00+00:00,4.529,4.669,4.491,4.595,52811
2010-07-26 00:00:00+00:00,NGV0@2010-09-28,2010-09-28 18:30:00+00:00,4.567,4.705,4.53,4.63,20236
2010-07-26 00:00:00+00:00,NGX0@2010-10-27,2010-10-27 18:30:00+00:00,4.816,4.866,4.764,4.846,12610
2010-07-26 00:00:00+00:00,NGZ0@2010-11-24,2010-11-24 19:30:00+00:00,5.098,5.14,5.052,5.115,7772
2010-07-27 00:00:00+00:00,NGF1@2010-12-28,2010-12-28 19:30:00+00:00,5.294,5.332,5.249,5.285,9918
2010-07-27 00:00:00+00:00,NGG1@2011-01-27,2011-01-27 19:30:00+00:00,5.284,5.303,5.225,5.264,889
2010-07-27 00:00:00+00:00,NGQ0@2010-07-28,2010-07-28 18:30:00+00:00,4.629,4.7,4.6,4.691,52392
2010-07-27 00:00:00+00:00,NGU0@2010-08-27,2010-08-27 18:30:00+00:00,4.602,4.67,4.575,4.662,69783
2010-07-27 00:00:00+00:00,NGV0@2010-09-28,2010-09-28 18:30:00+00:00,4.65,4.702,4.614,4.679,27206
2010-07-27 00:00:00+00:00,NGX0@2010-10-27,2010-10-27 18:30:00+00:00,4.89,4.923,4.841,4.889,15129
2010-07-27 00:00:00+00:00,NGZ0@2010-11-24,2010-11-24 19:30:00+00:00,5.146,5.175,5.091,5.131,9239
2010-07-28 00:00:00+00:00,NGF1@2010-12-28,2010-12-28 19:30:00+00:00,5.286,5.397,5.24,5.24,31998
2010-07-28 00:00:00+00:00,NGG1@2011-01-27,2011-01-27 19:30:00+00:00,5.257,5.363,5.219,5.221,3255
2010-07-28 00:00:00+00:00,NGQ0@2010-07-28,2010-07-28 18:30:00+00:00,4.692,4.881,4.679,4.756,16628
2010-07-28 00:00:00+00:00,NGU0@2010-08-27,2010-08-27 18:30:00+00:00,4.669,4.863,4.642,4.706,148838
2010-07-28 00:00:00+00:00,NGV0@2010-09-28,2010-09-28 18:30:00+00:00,4.692,4.881,4.677,4.728,59873
2010-07-28 00:00:00+00:00,NGX0@2010-10-27,2010-10-27 18:30:00+00:00,4.902,5.049,4.873,4.888,30460
2010-07-28 00:00:00+00:00,NGZ0@2010-11-24,2010-11-24 19:30:00+00:00,5.132,5.254,5.095,5.096,21745
2010-07-29 00:00:00+00:00,NGF1@2010-12-28,2010-12-28 19:30:00+00:00,5.277,5.378,5.258,5.335,26200
2010-07-29 00:00:00+00:00,NGG1@2011-01-27,2011-01-27 19:30:00+00:00,5.247,5.349,5.228,5.305,3279
2010-07-29 00:00:00+00:00,NGU0@2010-08-27,2010-08-27 18:30:00+00:00,4.707,4.87,4.707,4.836,126608
2010-07-29 00:00:00+00:00,NGV0@2010-09-28,2010-09-28 18:30:00+00:00,4.738,4.903,4.738,4.853,63978
2010-07-29 00:00:00+00:00,NGX0@2010-10-27,2010-10-27 18:30:00+00:00,4.927,5.052,4.906,5.01,31649
2010-07-29 00:00:00+00:00,NGZ0@2010-11-24,2010-11-24 19:30:00+00:00,5.134,5.251,5.11,5.204,20294
2010-07-30 00:00:00+00:00,NGF1@2010-12-28,2010-12-28 19:30:00+00:00,5.342,5.405,5.288,5.388,13754
2010-07-30 00:00:00+00:00,NGG1@2011-01-27,2011-01-27 19:30:00+00:00,5.317,5.372,5.265,5.356,2562
2010-07-30 00:00:00+00:00,NGU0@2010-08-27,2010-08-27 18:30:00+00:00,4.84,4.937,4.784,4.902,83147
2010-07-30 00:00:00+00:00,NGV0@2010-09-28,2010-09-28 18:30:00+00:00,4.852,4.948,4.806,4.92,36799
2010-07-30 00:00:00+00:00,NGX0@2010-10-27,2010-10-27 18:30:00+00:00,5.01,5.086,4.971,5.049,22778
2010-07-30 00:00:00+00:00,NGZ0@2010-11-24,2010-11-24 19:30:00+00:00,5.208,5.27,5.161,5.252,11452
2010-08-01 00:00:00+00:00,NGF1@2010-12-28,2010-12-28 19:30:00+00:00,5.412,5.468,5.412,5.462,55
2010-08-01 00:00:00+00:00,NGG1@2011-01-27,2011-01-27 19:30:00+00:00,5.396,5.43,5.396,5.43,23
2010-08-01 00:00:00+00:00,NGU0@2010-08-27,2010-08-27 18:30:00+00:00,4.988,5.0,4.973,4.998,817
2010-08-01 00:00:00+00:00,NGV0@2010-09-28,2010-09-28 18:30:00+00:00,4.999,5.01,4.97,4.998,458
2010-08-01 00:00:00+00:00,NGX0@2010-10-27,2010-10-27 18:30:00+00:00,5.15,5.15,5.13,5.138,287
2010-08-01 00:00:00+00:00,NGZ0@2010-11-24,2010-11-24 19:30:00+00:00,5.332,5.338,5.286,5.327,29
2010-08-02 00:00:00+00:00,NGF1@2010-12-28,2010-12-28 19:30:00+00:00,5.46,5.467,5.266,5.313,17569
2010-08-02 00:00:00+00:00,NGG1@2011-01-27,2011-01-27 19:30:00+00:00,5.434,5.434,5.237,5.263,4876
2010-08-02 00:00:00+00:00,NGU0@2010-08-27,2010-08-27 18:30:00+00:00,4.997,5.007,4.681,4.724,111981
2010-08-02 00:00:00+00:00,NGV0@2010-09-28,2010-09-28 18:30:00+00:00,5.002,5.013,4.704,4.746,48939
2010-08-02 00:00:00+00:00,NGX0@2010-10-27,2010-10-27 18:30:00+00:00,5.143,5.148,4.888,4.929,25804
2010-08-02 00:00:00+00:00,NGZ0@2010-11-24,2010-11-24 19:30:00+00:00,5.335,5.336,5.127,5.154,19109
2010-08-03 00:00:00+00:00,NGF1@2010-12-28,2010-12-28 19:30:00+00:00,5.312,5.364,5.224,5.25,16190
2010-08-03 00:00:00+00:00,NGG1@2011-01-27,2011-01-27 19:30:00+00:00,5.285,5.332,5.202,5.217,2311
2010-08-03 00:00:00+00:00,NGU0@2010-08-27,2010-08-27 18:30:00+00:00,4.729,4.825,4.625,4.661,117021
2010-08-03 00:00:00+00:00,NGV0@2010-09-28,2010-09-28 18:30:00+00:00,4.75,4.844,4.653,4.693,45005
2010-08-03 00:00:00+00:00,NGX0@2010-10-27,2010-10-27 18:30:00+00:00,4.939,5.009,4.836,4.871,32690
2010-08-03 00:00:00+00:00,NGZ0@2010-11-24,2010-11-24 19:30:00+00:00,5.178,5.229,5.088,5.117,22646
2010-08-04 00:00:00+00:00,NGF1@2010-12-28,2010-12-28 19:30:00+00:00,5.25,5.292,5.21,5.266,13603
2010-08-04 00:00:00+00:00,NGG1@2011-01-27,2011-01-27 19:30:00+00:00,5.221,5.258,5.185,5.234,1759
2010-08-04 00:00:00+00:00,NGU0@2010-08-27,2010-08-27 18:30:00+00:00,4.66,4.756,4.632,4.736,90751
2010-08-04 00:00:00+00:00,NGV0@2010-09-28,2010-09-28 18:30:00+00:00,4.693,4.773,4.659,4.74,44576
2010-08-04 00:00:00+00:00,NGX0@2010-10-27,2010-10-27 18:30:00+00:00,4.862,4.921,4.83,4.901,28421
2010-08-04 00:00:00+00:00,NGZ0@2010-11-24,2010-11-24 19:30:00+00:00,5.107,5.159,5.074,5.132,18863
2010-08-05 00:00:00+00:00,NGF1@2010-12-28,2010-12-28 19:30:00+00:00,5.276,5.35,5.144,5.203,19308
2010-08-05 00:00:00+00:00,NGG1@2011-01-27,2011-01-27 19:30:00+00:00,5.252,5.315,5.118,5.169,2440
2010-08-05 00:00:00+00:00,NGU0@2010-08-27,2010-08-27 18:30:00+00:00,4.73,4.825,4.556,4.618,136606
2010-08-05 00:00:00+00:00,NGV0@2010-09-28,2010-09-28 18:30:00+00:00,4.745,4.85,4.575,4.642,62644
2010-08-05 00:00:00+00:00,NGX0@2010-10-27,2010-10-27 18:30:00+00:00,4.905,5.0,4.751,4.815,31584
2010-08-05 00:00:00+00:00,NGZ0@2010-11-24,2010-11-24 19:30:00+00:00,5.144,5.229,5.004,5.064,23947
2010-08-06 00:00:00+00:00,NGF1@2010-12-28,2010-12-28 19:30:00+00:00,5.204,5.211,5.099,5.139,18614
2010-08-06 00:00:00+00:00,NGG1@2011-01-27,2011-01-27 19:30:00+00:00,5.178,5.181,5.074,5.116,2772
2010-08-06 00:00:00+00:00,NGU0@2010-08-27,2010-08-27 18:30:00+00:00,4.616,4.646,4.456,4.475,103240
2010-08-06 00:00:00+00:00,NGV0@2010-09-28,2010-09-28 18:30:00+00:00,4.643,4.665,4.483,4.503,61744
2010-08-06 00:00:00+00:00,NGX0@2010-10-27,2010-10-27 18:30:00+00:00,4.822,4.834,4.7,4.736,49962
2010-08-06 00:00:00+00:00,NGZ0@2010-11-24,2010-11-24 19:30:00+00:00,5.07,5.074,4.958,5.006,24727
2010-08-08 00:00:00+00:00,NGF1@2010-12-28,2010-12-28 19:30:00+00:00,5.176,5.176,5.141,5.141,2
2010-08-08 00:00:00+00:00,NGU0@2010-08-27,2010-08-27 18:30:00+00:00,4.452,4.548,4.434,4.461,725
2010-08-08 00:00:00+00:00,NGV0@2010-09-28,2010-09-28 18:30:00+00:00,4.477,4.509,4.467,4.492,164
2010-08-08 00:00:00+00:00,NGX0@2010-10-27,2010-10-27 18:30:00+00:00,4.721,4.746,4.708,4.735,21
2010-08-08 00:00:00+00:00,NGZ0@2010-11-24,2010-11-24 19:30:00+00:00,5.039,5.039,5.003,5.003,2
2010-08-09 00:00:00+00:00,NGF1@2010-12-28,2010-12-28 19:30:00+00:00,5.141,5.182,4.998,5.035,19782
2010-08-09 00:00:00+00:00,NGG1@2011-01-27,2011-01-27 19:30:00+00:00,5.13,5.15,4.98,5.011,4123
2010-08-09 00:00:00+00:00,NGU0@2010-08-27,2010-08-27 18:30:00+00:00,4.463,4.512,4.263,4.33,157305
2010-08-09 00:00:00+00:00,NGV0@2010-09-28,2010-09-28 18:30:00+00:00,4.493,4.538,4.289,4.36,106928
2010-08-09 00:00:00+00:00,NGX0@2010-10-27,2010-10-27 18:30:00+00:00,4.729,4.78,4.563,4.601,67397
2010-08-09 00:00:00+00:00,NGZ0@2010-11-24,2010-11-24 19:30:00+00:00,5.012,5.05,4.858,4.89,23906
2010-08-10 00:00:00+00:00,NGF1@2010-12-28,2010-12-28 19:30:00+00:00,5.025,5.041,4.943,4.963,20327
2010-08-10 00:00:00+00:00,NGG1@2011-01-27,2011-01-27 19:30:00+00:00,4.992,5.01,4.928,4.946,5011
2010-08-10 00:00:00+00:00,NGU0@2010-08-27,2010-08-27 18:30:00+00:00,4.329,4.37,4.276,4.312,126879
2010-08-10 00:00:00+00:00,NGV0@2010-09-28,2010-09-28 18:30:00+00:00,4.35,4.39,4.294,4.32,97321
2010-08-10 00:00:00+00:00,NGX0@2010-10-27,2010-10-27 18:30:00+00:00,4.601,4.63,4.547,4.571,55313
2010-08-10 00:00:00+00:00,NGZ0@2010-11-24,2010-11-24 19:30:00+00:00,4.881,4.895,4.81,4.832,23407
2010-08-11 00:00:00+00:00,NGF1@2010-12-28,2010-12-28 19:30:00+00:00,4.966,4.966,4.869,4.906,22942
2010-08-11 00:00:00+00:00,NGG1@2011-01-27,2011-01-27 19:30:00+00:00,4.95,4.95,4.854,4.902,4525
2010-08-11 00:00:00+00:00,NGU0@2010-08-27,2010-08-27 18:30:00+00:00,4.312,4.376,4.257,4.311,110849
2010-08-11 00:00:00+00:00,NGV0@2010-09-28,2010-09-28 18:30:00+00:00,4.317,4.374,4.26,4.321,78669
2010-08-11 00:00:00+00:00,NGX0@2010-10-27,2010-10-27 18:30:00+00:00,4.565,4.585,4.495,4.543,50341
2010-08-11 00:00:00+00:00,NGZ0@2010-11-24,2010-11-24 19:30:00+00:00,4.832,4.847,4.738,4.79,21255
2010-08-12 00:00:00+00:00,NGF1@2010-12-28,2010-12-28 19:30:00+00:00,4.906,4.979,4.906,4.967,17998
2010-08-12 00:00:00+00:00,NGG1@2011-01-27,2011-01-27 19:30:00+00:00,4.915,4.963,4.898,4.951,2440
2010-08-12 00:00:00+00:00,NGU0@2010-08-27,2010-08-27 18:30:00+00:00,4.312,4.363,4.264,4.284,120198
2010-08-12 00:00:00+00:00,NGV0@2010-09-28,2010-09-28 18:30:00+00:00,4.317,4.374,4.281,4.3,77676
2010-08-12 00:00:00+00:00,NGX0@2010-10-27,2010-10-27 18:30:00+00:00,4.544,4.604,4.535,4.549,55352
2010-08-12 00:00:00+00:00,NGZ0@2010-11-24,2010-11-24 19:30:00+00:00,4.779,4.852,4.777,4.841,24580
2010-08-13 00:00:00+00:00,NGF1@2010-12-28,2010-12-28 19:30:00+00:00,4.965,5.013,4.956,4.992,10246
2010-08-13 00:00:00+00:00,NGG1@2011-01-27,2011-01-27 19:30:00+00:00,4.981,4.998,4.952,4.986,1203
2010-08-13 00:00:00+00:00,NGU0@2010-08-27,2010-08-27 18:30:00+00:00,4.281,4.342,4.269,4.314,63467
2010-08-13 00:00:00+00:00,NGV0@2010-09-28,2010-09-28 18:30:00+00:00,4.303,4.363,4.29,4.335,44745
2010-08-13 00:00:00+00:00,NGX0@2010-10-27,2010-10-27 18:30:00+00:00,4.556,4.604,4.551,4.575,19864
2010-08-13 00:00:00+00:00,NGZ0@2010-11-24,2010-11-24 19:30:00+00:00,4.831,4.88,4.829,4.859,12180
2010-08-15 00:00:00+00:00,NGF1@2010-12-28,2010-12-28 19:30:00+00:00,5.008,5.008,5.008,5.008,1
2010-08-15 00:00:00+00:00,NGG1@2011-01-27,2011-01-27 19:30:00+00:00,4.99,4.99,4.99,4.99,1
2010-08-15 00:00:00+00:00,NGU0@2010-08-27,2010-08-27 18:30:00+00:00,4.336,4.348,4.324,4.33,470
2010-08-15 00:00:00+00:00,NGV0@2010-09-28,2010-09-28 18:30:00+00:00,4.359,4.368,4.344,4.348,83
2010-08-15 00:00:00+00:00,NGX0@2010-10-27,2010-10-27 18:30:00+00:00,4.598,4.607,4.584,4.597,19
2010-08-15 00:00:00+00:00,NGZ0@2010-11-24,2010-11-24 19:30:00+00:00,4.896,4.896,4.873,4.873,2
2010-08-16 00:00:00+00:00,NGF1@2010-12-28,2010-12-28 19:30:00+00:00,5.008,5.016,4.846,4.868,12660
2010-08-16 00:00:00+00:00,NGG1@2011-01-27,2011-01-27 19:30:00+00:00,5.002,5.003,4.834,4.855,2605
2010-08-16 00:00:00+00:00,NGU0@2010-08-27,2010-08-27 18:30:00+00:00,4.329,4.35,4.182,4.232,96410
2010-08-16 00:00:00+00:00,NGV0@2010-09-28,2010-09-28 18:30:00+00:00,4.352,4.367,4.206,4.253,55396
2010-08-16 00:00:00+00:00,NGX0@2010-10-27,2010-10-27 18:30:00+00:00,4.6,4.604,4.429,4.472,22951
2010-08-16 00:00:00+00:00,NGZ0@2010-11-24,2010-11-24 19:30:00+00:00,4.873,4.885,4.708,4.729,16680
2010-08-17 00:00:00+00:00,NGF1@2010-12-28,2010-12-28 19:30:00+00:00,4.868,4.903,4.825,4.882,10819
2010-08-17 00:00:00+00:00,NGG1@2011-01-27,2011-01-27 19:30:00+00:00,4.865,4.887,4.81,4.87,1485
2010-08-17 00:00:00+00:00,NGU0@2010-08-27,2010-08-27 18:30:00+00:00,4.235,4.322,4.186,4.284,93161
2010-08-17 00:00:00+00:00,NGV0@2010-09-28,2010-09-28 18:30:00+00:00,4.25,4.333,4.2,4.303,57529
2010-08-17 00:00:00+00:00,NGX0@2010-10-27,2010-10-27 18:30:00+00:00,4.465,4.517,4.413,4.482,22859
2010-08-17 00:00:00+00:00,NGZ0@2010-11-24,2010-11-24 19:30:00+00:00,4.727,4.765,4.684,4.737,15585
2010-08-18 00:00:00+00:00,NGF1@2010-12-28,2010-12-28 19:30:00+00:00,4.888,4.898,4.826,4.872,9626
2010-08-18 00:00:00+00:00,NGG1@2011-01-27,2011-01-27 19:30:00+00:00,4.87,4.881,4.812,4.856,1708
2010-08-18 00:00:00+00:00,NGU0@2010-08-27,2010-08-27 18:30:00+00:00,4.281,4.308,4.196,4.23,75864
2010-08-18 00:00:00+00:00,NGV0@2010-09-28,2010-09-28 18:30:00+00:00,4.3,4.324,4.216,4.26,47882
2010-08-18 00:00:00+00:00,NGX0@2010-10-27,2010-10-27 18:30:00+00:00,4.497,4.504,4.425,4.47,24642
2010-08-18 00:00:00+00:00,NGZ0@2010-11-24,2010-11-24 19:30:00+00:00,4.751,4.76,4.683,4.735,15161
2010-08-19 00:00:00+00:00,NGF1@2010-12-28,2010-12-28 19:30:00+00:00,4.874,5.01,4.785,4.806,12897
2010-08-19 00:00:00+00:00,NGG1@2011-01-27,2011-01-27 19:30:00+00:00,4.838,4.957,4.769,4.788,2420
2010-08-19 00:00:00+00:00,NGU0@2010-08-27,2010-08-27 18:30:00+00:00,4.231,4.375,4.141,4.171,104635
2010-08-19 00:00:00+00:00,NGV0@2010-09-28,2010-09-28 18:30:00+00:00,4.26,4.425,4.17,4.205,57270
2010-08-19 00:00:00+00:00,NGX0@2010-10-27,2010-10-27 18:30:00+00:00,4.471,4.62,4.377,4.392,20041
2010-08-19 00:00:00+00:00,NGZ0@2010-11-24,2010-11-24 19:30:00+00:00,4.749,4.85,4.637,4.657,12310
2010-08-20 00:00:00+00:00,NGF1@2010-12-28,2010-12-28 19:30:00+00:00,4.81,4.819,4.744,4.764,8578
2010-08-20 00:00:00+00:00,NGG1@2011-01-27,2011-01-27 19:30:00+00:00,4.76,4.777,4.729,4.738,1723
2010-08-20 00:00:00+00:00,NGU0@2010-08-27,2010-08-27 18:30:00+00:00,4.167,4.177,4.109,4.134,50050
2010-08-20 00:00:00+00:00,NGV0@2010-09-28,2010-09-28 18:30:00+00:00,4.205,4.209,4.133,4.16,32234
2010-08-20 00:00:00+00:00,NGX0@2010-10-27,2010-10-27 18:30:00+00:00,4.406,4.409,4.338,4.355,16490
2010-08-20 00:00:00+00:00,NGZ0@2010-11-24,2010-11-24 19:30:00+00:00,4.663,4.675,4.598,4.621,10802
2010-08-22 00:00:00+00:00,NGF1@2010-12-28,2010-12-28 19:30:00+00:00,4.726,4.75,4.703,4.714,38
2010-08-22 00:00:00+00:00,NGG1@2011-01-27,2011-01-27 19:30:00+00:00,4.736,4.736,4.7,4.7,20
2010-08-22 00:00:00+00:00,NGU0@2010-08-27,2010-08-27 18:30:00+00:00,4.066,4.102,4.035,4.052,1152
2010-08-22 00:00:00+00:00,NGV0@2010-09-28,2010-09-28 18:30:00+00:00,4.068,4.115,4.055,4.072,406
2010-08-22 00:00:00+00:00,NGX0@2010-10-27,2010-10-27 18:30:00+00:00,4.322,4.322,4.271,4.304,87
2010-08-22 00:00:00+00:00,NGZ0@2010-11-24,2010-11-24 19:30:00+00:00,4.597,4.597,4.545,4.568,116
2010-08-23 00:00:00+00:00,NGF1@2010-12-28,2010-12-28 19:30:00+00:00,4.704,4.739,4.667,4.692,14162
2010-08-23 00:00:00+00:00,NGG1@2011-01-27,2011-01-27 19:30:00+00:00,4.689,4.722,4.658,4.68,3597
2010-08-23 00:00:00+00:00,NGU0@2010-08-27,2010-08-27 18:30:00+00:00,4.052,4.129,4.029,4.084,67454
2010-08-23 00:00:00+00:00,NGV0@2010-09-28,2010-09-28 18:30:00+00:00,4.075,4.142,4.046,4.103,47334
2010-08-23 00:00:00+00:00,NGX0@2010-10-27,2010-10-27 18:30:00+00:00,4.288,4.333,4.257,4.285,17266
2010-08-23 00:00:00+00:00,NGZ0@2010-11-24,2010-11-24 19:30:00+00:00,4.578,4.595,4.522,4.539,9760
2010-08-24 00:00:00+00:00,NGF1@2010-12-28,2010-12-28 19:30:00+00:00,4.68,4.682,4.62,4.645,11201
2010-08-24 00:00:00+00:00,NGG1@2011-01-27,2011-01-27 19:30:00+00:00,4.673,4.675,4.61,4.627,2151
2010-08-24 00:00:00+00:00,NGU0@2010-08-27,2010-08-27 18:30:00+00:00,4.081,4.086,4.027,4.042,50058
2010-08-24 00:00:00+00:00,NGV0@2010-09-28,2010-09-28 18:30:00+00:00,4.102,4.105,4.043,4.062,43994
2010-08-24 00:00:00+00:00,NGX0@2010-10-27,2010-10-27 18:30:00+00:00,4.286,4.286,4.228,4.259,19958
2010-08-24 00:00:00+00:00,NGZ0@2010-11-24,2010-11-24 19:30:00+00:00,4.541,4.541,4.477,4.499,12223
2010-08-25 00:00:00+00:00,NGF1@2010-12-28,2010-12-28 19:30:00+00:00,4.64,4.64,4.522,4.582,19515
2010-08-25 00:00:00+00:00,NGG1@2011-01-27,2011-01-27 19:30:00+00:00,4.62,4.627,4.515,4.569,5565
2010-08-25 00:00:00+00:00,NGU0@2010-08-27,2010-08-27 18:30:00+00:00,4.044,4.049,3.838,3.93,77708
2010-08-25 00:00:00+00:00,NGV0@2010-09-28,2010-09-28 18:30:00+00:00,4.063,4.074,3.863,3.95,86544
2010-08-25 00:00:00+00:00,NGX0@2010-10-27,2010-10-27 18:30:00+00:00,4.263,4.263,4.098,4.19,26550
2010-08-25 00:00:00+00:00,NGZ0@2010-11-24,2010-11-24 19:30:00+00:00,4.494,4.494,4.377,4.459,20247
2010-08-26 00:00:00+00:00,NGF1@2010-12-28,2010-12-28 19:30:00+00:00,4.61,4.619,4.539,4.584,19783
2010-08-26 00:00:00+00:00,NGG1@2011-01-27,2011-01-27 19:30:00+00:00,4.559,4.607,4.527,4.572,3677
2010-08-26 00:00:00+00:00,NGU0@2010-08-27,2010-08-27 18:30:00+00:00,3.924,3.926,3.791,3.821,50721
2010-08-26 00:00:00+00:00,NGV0@2010-09-28,2010-09-28 18:30:00+00:00,3.95,3.952,3.825,3.848,93362
2010-08-26 00:00:00+00:00,NGX0@2010-10-27,2010-10-27 18:30:00+00:00,4.183,4.185,4.078,4.106,27161
2010-08-26 00:00:00+00:00,NGZ0@2010-11-24,2010-11-24 19:30:00+00:00,4.46,4.46,4.378,4.41,15880
2010-08-27 00:00:00+00:00,NGF1@2010-12-28,2010-12-28 19:30:00+00:00,4.578,4.608,4.487,4.5,18477
2010-08-27 00:00:00+00:00,NGG1@2011-01-27,2011-01-27 19:30:00+00:00,4.576,4.595,4.478,4.49,4601
2010-08-27 00:00:00+00:00,NGU0@2010-08-27,2010-08-27 18:30:00+00:00,3.823,3.85,3.62,3.637,13692
2010-08-27 00:00:00+00:00,NGV0@2010-09-28,2010-09-28 18:30:00+00:00,3.848,3.883,3.697,3.733,98937
2010-08-27 00:00:00+00:00,NGX0@2010-10-27,2010-10-27 18:30:00+00:00,4.105,4.133,3.994,4.022,30295
2010-08-27 00:00:00+00:00,NGZ0@2010-11-24,2010-11-24 19:30:00+00:00,4.41,4.44,4.318,4.323,15765
2010-08-29 00:00:00+00:00,NGF1@2010-12-28,2010-12-28 19:30:00+00:00,4.525,4.526,4.523,4.525,13
2010-08-29 00:00:00+00:00,NGV0@2010-09-28,2010-09-28 18:30:00+00:00,3.746,3.769,3.729,3.763,412
2010-08-29 00:00:00+00:00,NGX0@2010-10-27,2010-10-27 18:30:00+00:00,4.047,4.049,4.018,4.049,39
2010-08-29 00:00:00+00:00,NGZ0@2010-11-24,2010-11-24 19:30:00+00:00,4.35,4.36,4.336,4.36,22
2010-08-30 00:00:00+00:00,NGF1@2010-12-28,2010-12-28 19:30:00+00:00,4.522,4.651,4.465,4.614,12812
2010-08-30 00:00:00+00:00,NGG1@2011-01-27,2011-01-27 19:30:00+00:00,4.479,4.636,4.454,4.618,4087
2010-08-30 00:00:00+00:00,NGV0@2010-09-28,2010-09-28 18:30:00+00:00,3.763,3.878,3.693,3.836,81868
2010-08-30 00:00:00+00:00,NGX0@2010-10-27,2010-10-27 18:30:00+00:00,4.05,4.172,3.983,4.127,24707
2010-08-30 00:00:00+00:00,NGZ0@2010-11-24,2010-11-24 19:30:00+00:00,4.362,4.491,4.3,4.48,13295
2010-08-31 00:00:00+00:00,NGF1@2010-12-28,2010-12-28 19:30:00+00:00,4.644,4.682,4.577,4.604,20289
2010-08-31 00:00:00+00:00,NGG1@2011-01-27,2011-01-27 19:30:00+00:00,4.64,4.671,4.567,4.606,5862
2010-08-31 00:00:00+00:00,NGV0@2010-09-28,2010-09-28 18:30:00+00:00,3.837,3.877,3.727,3.769,86821
2010-08-31 00:00:00+00:00,NGX0@2010-10-27,2010-10-27 18:30:00+00:00,4.158,4.195,4.069,4.099,31533
2010-08-31 00:00:00+00:00,NGZ0@2010-11-24,2010-11-24 19:30:00+00:00,4.48,4.522,4.412,4.445,20034
2010-09-01 00:00:00+00:00,NGF1@2010-12-28,2010-12-28 19:30:00+00:00,4.606,4.672,4.553,4.586,23096
2010-09-01 00:00:00+00:00,NGG1@2011-01-27,2011-01-27 19:30:00+00:00,4.617,4.662,4.549,4.55,6513
2010-09-01 00:00:00+00:00,NGV0@2010-09-28,2010-09-28 18:30:00+00:00,3.766,3.878,3.708,3.735,120232
2010-09-01 00:00:00+00:00,NGX0@2010-10-27,2010-10-27 18:30:00+00:00,4.104,4.174,4.03,4.035,41662
2010-09-01 00:00:00+00:00,NGZ0@2010-11-24,2010-11-24 19:30:00+00:00,4.445,4.509,4.379,4.384,25007
2010-09-02 00:00:00+00:00,NGF1@2010-12-28,2010-12-28 19:30:00+00:00,4.571,4.59,4.487,4.55,25018
2010-09-02 00:00:00+00:00,NGG1@2011-01-27,2011-01-27 19:30:00+00:00,4.563,4.582,4.484,4.558,6237
2010-09-02 00:00:00+00:00,NGV0@2010-09-28,2010-09-28 18:30:00+00:00,3.735,3.844,3.697,3.773,94927
2010-09-02 00:00:00+00:00,NGX0@2010-10-27,2010-10-27 18:30:00+00:00,4.033,4.097,3.97,4.04,33571
2010-09-02 00:00:00+00:00,NGZ0@2010-11-24,2010-11-24 19:30:00+00:00,4.4,4.42,4.313,4.372,26554
2010-09-03 00:00:00+00:00,NGF1@2010-12-28,2010-12-28 19:30:00+00:00,4.547,4.658,4.53,4.62,19247
2010-09-03 00:00:00+00:00,NGG1@2011-01-27,2011-01-27 19:30:00+00:00,4.54,4.65,4.528,4.619,2506
2010-09-03 00:00:00+00:00,NGV0@2010-09-28,2010-09-28 18:30:00+00:00,3.776,3.953,3.757,3.91,87553
2010-09-03 00:00:00+00:00,NGX0@2010-10-27,2010-10-27 18:30:00+00:00,4.025,4.177,4.024,4.149,27853
2010-09-03 00:00:00+00:00,NGZ0@2010-11-24,2010-11-24 19:30:00+00:00,4.362,4.47,4.35,4.439,21057
2010-09-05 00:00:00+00:00,NGF1@2010-12-28,2010-12-28 19:30:00+00:00,4.601,4.601,4.601,4.601,1
2010-09-05 00:00:00+00:00,NGV0@2010-09-28,2010-09-28 18:30:00+00:00,3.933,3.933,3.841,3.895,315
2010-09-05 00:00:00+00:00,NGX0@2010-10-27,2010-10-27 18:30:00+00:00,4.182,4.182,4.102,4.13,34
2010-09-05 00:00:00+00:00,NGZ0@2010-11-24,2010-11-24 19:30:00+00:00,4.455,4.455,4.419,4.419,15
2010-09-06 00:00:00+00:00,NGF1@2010-12-28,2010-12-28 19:30:00+00:00,4.605,4.634,4.585,4.593,203
2010-09-06 00:00:00+00:00,NGG1@2011-01-27,2011-01-27 19:30:00+00:00,4.6,4.628,4.589,4.589,64
2010-09-06 00:00:00+00:00,NGV0@2010-09-28,2010-09-28 18:30:00+00:00,3.899,3.922,3.864,3.875,3282
2010-09-06 00:00:00+00:00,NGX0@2010-10-27,2010-10-27 18:30:00+00:00,4.13,4.16,4.097,4.105,1461
2010-09-06 00:00:00+00:00,NGZ0@2010-11-24,2010-11-24 19:30:00+00:00,4.422,4.45,4.385,4.4,302
2010-09-07 00:00:00+00:00,NGF1@2010-12-28,2010-12-28 19:30:00+00:00,4.585,4.61,4.478,4.577,24412
2010-09-07 00:00:00+00:00,NGG1@2011-01-27,2011-01-27 19:30:00+00:00,4.56,4.58,4.472,4.562,3677
2010-09-07 00:00:00+00:00,NGV0@2010-09-28,2010-09-28 18:30:00+00:00,3.875,3.903,3.768,3.884,100736
2010-09-07 00:00:00+00:00,NGX0@2010-10-27,2010-10-27 18:30:00+00:00,4.115,4.134,3.996,4.13,39816
2010-09-07 00:00:00+00:00,NGZ0@2010-11-24,2010-11-24 19:30:00+00:00,4.4,4.424,4.293,4.413,31184
2010-09-08 00:00:00+00:00,NGF1@2010-12-28,2010-12-28 19:30:00+00:00,4.577,4.614,4.493,4.536,21384
2010-09-08 00:00:00+00:00,NGG1@2011-01-27,2011-01-27 19:30:00+00:00,4.564,4.592,4.489,4.535,4455
2010-09-08 00:00:00+00:00,NGV0@2010-09-28,2010-09-28 18:30:00+00:00,3.89,3.914,3.795,3.821,72456
2010-09-08 00:00:00+00:00,NGX0@2010-10-27,2010-10-27 18:30:00+00:00,4.139,4.155,4.033,4.074,37744
2010-09-08 00:00:00+00:00,NGZ0@2010-11-24,2010-11-24 19:30:00+00:00,4.419,4.434,4.31,4.358,25409
2010-09-09 00:00:00+00:00,NGF1@2010-12-28,2010-12-28 19:30:00+00:00,4.539,4.555,4.47,4.545,26044
2010-09-09 00:00:00+00:00,NGG1@2011-01-27,2011-01-27 19:30:00+00:00,4.535,4.549,4.473,4.54,9165
2010-09-09 00:00:00+00:00,NGV0@2010-09-28,2010-09-28 18:30:00+00:00,3.82,3.84,3.703,3.799,118618
2010-09-09 00:00:00+00:00,NGX0@2010-10-27,2010-10-27 18:30:00+00:00,4.081,4.088,3.977,4.055,47663
2010-09-09 00:00:00+00:00,NGZ0@2010-11-24,2010-11-24 19:30:00+00:00,4.351,4.371,4.284,4.35,28341
2010-09-10 00:00:00+00:00,NGF1@2010-12-28,2010-12-28 19:30:00+00:00,4.545,4.635,4.512,4.6,19776
2010-09-10 00:00:00+00:00,NGG1@2011-01-27,2011-01-27 19:30:00+00:00,4.55,4.632,4.518,4.6,4430
2010-09-10 00:00:00+00:00,NGV0@2010-09-28,2010-09-28 18:30:00+00:00,3.799,3.939,3.773,3.874,100072
2010-09-10 00:00:00+00:00,NGX0@2010-10-27,2010-10-27 18:30:00+00:00,4.051,4.17,4.023,4.114,34758
2010-09-10 00:00:00+00:00,NGZ0@2010-11-24,2010-11-24 19:30:00+00:00,4.351,4.457,4.321,4.421,20870
2010-09-12 00:00:00+00:00,NGF1@2010-12-28,2010-12-28 19:30:00+00:00,4.549,4.571,4.549,4.557,46
2010-09-12 00:00:00+00:00,NGG1@2011-01-27,2011-01-27 19:30:00+00:00,4.561,4.561,4.561,4.561,2
2010-09-12 00:00:00+00:00,NGV0@2010-09-28,2010-09-28 18:30:00+00:00,3.834,3.847,3.8,3.842,826
2010-09-12 00:00:00+00:00,NGX0@2010-10-27,2010-10-27 18:30:00+00:00,4.075,4.09,4.062,4.09,347
2010-09-12 00:00:00+00:00,NGZ0@2010-11-24,2010-11-24 19:30:00+00:00,4.396,4.405,4.369,4.377,57
2010-09-13 00:00:00+00:00,NGF1@2010-12-28,2010-12-28 19:30:00+00:00,4.569,4.678,4.561,4.654,21556
2010-09-13 00:00:00+00:00,NGG1@2011-01-27,2011-01-27 19:30:00+00:00,4.595,4.674,4.566,4.64,4485
2010-09-13 00:00:00+00:00,NGV0@2010-09-28,2010-09-28 18:30:00+00:00,3.842,3.975,3.812,3.942,98886
2010-09-13 00:00:00+00:00,NGX0@2010-10-27,2010-10-27 18:30:00+00:00,4.087,4.203,4.066,4.179,41340
2010-09-13 00:00:00+00:00,NGZ0@2010-11-24,2010-11-24 19:30:00+00:00,4.383,4.501,4.38,4.457,23245
2010-09-14 00:00:00+00:00,NGF1@2010-12-28,2010-12-28 19:30:00+00:00,4.643,4.688,4.509,4.582,23956
2010-09-14 00:00:00+00:00,NGG1@2011-01-27,2011-01-27 19:30:00+00:00,4.655,4.687,4.514,4.586,5054
2010-09-14 00:00:00+00:00,NGV0@2010-09-28,2010-09-28 18:30:00+00:00,3.937,4.02,3.843,3.968,137754
2010-09-14 00:00:00+00:00,NGX0@2010-10-27,2010-10-27 18:30:00+00:00,4.174,4.23,4.058,4.168,63809
2010-09-14 00:00:00+00:00,NGZ0@2010-11-24,2010-11-24 19:30:00+00:00,4.466,4.498,4.325,4.402,21597
2010-09-15 00:00:00+00:00,NGF1@2010-12-28,2010-12-28 19:30:00+00:00,4.59,4.615,4.548,4.588,22717
2010-09-15 00:00:00+00:00,NGG1@2011-01-27,2011-01-27 19:30:00+00:00,4.6,4.62,4.555,4.598,3976
2010-09-15 00:00:00+00:00,NGV0@2010-09-28,2010-09-28 18:30:00+00:00,3.965,4.06,3.932,4.003,121215
2010-09-15 00:00:00+00:00,NGX0@2010-10-27,2010-10-27 18:30:00+00:00,4.165,4.225,4.126,4.194,63407
2010-09-15 00:00:00+00:00,NGZ0@2010-11-24,2010-11-24 19:30:00+00:00,4.403,4.446,4.366,4.432,24828
2010-09-16 00:00:00+00:00,NGF1@2010-12-28,2010-12-28 19:30:00+00:00,4.6,4.645,4.447,4.605,26813
2010-09-16 00:00:00+00:00,NGG1@2011-01-27,2011-01-27 19:30:00+00:00,4.592,4.641,4.45,4.606,6431
2010-09-16 00:00:00+00:00,NGV0@2010-09-28,2010-09-28 18:30:00+00:00,3.999,4.144,3.845,4.064,201619
2010-09-16 00:00:00+00:00,NGX0@2010-10-27,2010-10-27 18:30:00+00:00,4.196,4.298,4.04,4.234,97795
2010-09-16 00:00:00+00:00,NGZ0@2010-11-24,2010-11-24 19:30:00+00:00,4.435,4.5,4.273,4.453,32884
2010-09-17 00:00:00+00:00,NGF1@2010-12-28,2010-12-28 19:30:00+00:00,4.605,4.633,4.524,4.554,15267
2010-09-17 00:00:00+00:00,NGG1@2011-01-27,2011-01-27 19:30:00+00:00,4.619,4.631,4.525,4.561,4475
2010-09-17 00:00:00+00:00,NGV0@2010-09-28,2010-09-28 18:30:00+00:00,4.066,4.106,3.988,4.005,95697
2010-09-17 00:00:00+00:00,NGX0@2010-10-27,2010-10-27 18:30:00+00:00,4.25,4.273,4.151,4.185,51363
2010-09-17 00:00:00+00:00,NGZ0@2010-11-24,2010-11-24 19:30:00+00:00,4.454,4.481,4.369,4.4,19295
2010-09-19 00:00:00+00:00,NGF1@2010-12-28,2010-12-28 19:30:00+00:00,4.546,4.546,4.5,4.509,39
2010-09-19 00:00:00+00:00,NGG1@2011-01-27,2011-01-27 19:30:00+00:00,4.53,4.53,4.513,4.513,12
2010-09-19 00:00:00+00:00,NGV0@2010-09-28,2010-09-28 18:30:00+00:00,3.97,3.97,3.922,3.929,761
2010-09-19 00:00:00+00:00,NGX0@2010-10-27,2010-10-27 18:30:00+00:00,4.169,4.169,4.105,4.113,185
2010-09-19 00:00:00+00:00,NGZ0@2010-11-24,2010-11-24 19:30:00+00:00,4.386,4.386,4.338,4.344,21
2010-09-20 00:00:00+00:00,NGF1@2010-12-28,2010-12-28 19:30:00+00:00,4.509,4.551,4.4,4.42,16545
2010-09-20 00:00:00+00:00,NGG1@2011-01-27,2011-01-27 19:30:00+00:00,4.51,4.56,4.409,4.452,3983
2010-09-20 00:00:00+00:00,NGV0@2010-09-28,2010-09-28 18:30:00+00:00,3.929,4.118,3.806,3.836,108070
2010-09-20 00:00:00+00:00,NGX0@2010-10-27,2010-10-27 18:30:00+00:00,4.113,4.297,3.99,4.01,69569
2010-09-20 00:00:00+00:00,NGZ0@2010-11-24,2010-11-24 19:30:00+00:00,4.344,4.514,4.231,4.258,18401
2010-09-21 00:00:00+00:00,NGF1@2010-12-28,2010-12-28 19:30:00+00:00,4.434,4.532,4.414,4.475,20574
2010-09-21 00:00:00+00:00,NGG1@2011-01-27,2011-01-27 19:30:00+00:00,4.446,4.538,4.433,4.482,5785
2010-09-21 00:00:00+00:00,NGV0@2010-09-28,2010-09-28 18:30:00+00:00,3.833,3.998,3.808,3.935,124148
2010-09-21 00:00:00+00:00,NGX0@2010-10-27,2010-10-27 18:30:00+00:00,4.007,4.158,3.984,4.08,71128
2010-09-21 00:00:00+00:00,NGZ0@2010-11-24,2010-11-24 19:30:00+00:00,4.246,4.363,4.23,4.303,25409
2010-09-22 00:00:00+00:00,NGF1@2010-12-28,2010-12-28 19:30:00+00:00,4.46,4.551,4.46,4.49,17666
2010-09-22 00:00:00+00:00,NGG1@2011-01-27,2011-01-27 19:30:00+00:00,4.504,4.554,4.466,4.509,4121
2010-09-22 00:00:00+00:00,NGV0@2010-09-28,2010-09-28 18:30:00+00:00,3.936,4.014,3.908,3.991,78095
2010-09-22 00:00:00+00:00,NGX0@2010-10-27,2010-10-27 18:30:00+00:00,4.082,4.166,4.062,4.115,50837
2010-09-22 00:00:00+00:00,NGZ0@2010-11-24,2010-11-24 19:30:00+00:00,4.318,4.384,4.29,4.321,21610
2010-09-23 00:00:00+00:00,NGF1@2010-12-28,2010-12-28 19:30:00+00:00,4.489,4.617,4.475,4.545,20824
2010-09-23 00:00:00+00:00,NGG1@2011-01-27,2011-01-27 19:30:00+00:00,4.495,4.622,4.49,4.548,3820
2010-09-23 00:00:00+00:00,NGV0@2010-09-28,2010-09-28 18:30:00+00:00,3.986,4.133,3.972,4.035,109277
2010-09-23 00:00:00+00:00,NGX0@2010-10-27,2010-10-27 18:30:00+00:00,4.11,4.25,4.093,4.173,78208
2010-09-23 00:00:00+00:00,NGZ0@2010-11-24,2010-11-24 19:30:00+00:00,4.326,4.454,4.306,4.389,22968
2010-09-24 00:00:00+00:00,NGF1@2010-12-28,2010-12-28 19:30:00+00:00,4.543,4.554,4.424,4.45,14110
2010-09-24 00:00:00+00:00,NGG1@2011-01-27,2011-01-27 19:30:00+00:00,4.543,4.543,4.434,4.455,4023
2010-09-24 00:00:00+00:00,NGV0@2010-09-28,2010-09-28 18:30:00+00:00,4.034,4.034,3.873,3.883,65858
2010-09-24 00:00:00+00:00,NGX0@2010-10-27,2010-10-27 18:30:00+00:00,4.171,4.176,4.004,4.023,74492
2010-09-24 00:00:00+00:00,NGZ0@2010-11-24,2010-11-24 19:30:00+00:00,4.393,4.397,4.251,4.27,21294
2010-09-26 00:00:00+00:00,NGF1@2010-12-28,2010-12-28 19:30:00+00:00,4.414,4.443,4.37,4.388,117
2010-09-26 00:00:00+00:00,NGG1@2011-01-27,2011-01-27 19:30:00+00:00,4.418,4.446,4.38,4.389,12
2010-09-26 00:00:00+00:00,NGV0@2010-09-28,2010-09-28 18:30:00+00:00,3.818,3.829,3.792,3.801,455
2010-09-26 00:00:00+00:00,NGX0@2010-10-27,2010-10-27 18:30:00+00:00,3.939,3.966,3.9,3.935,987
2010-09-26 00:00:00+00:00,NGZ0@2010-11-24,2010-11-24 19:30:00+00:00,4.234,4.234,4.165,4.205,374
2010-09-27 00:00:00+00:00,NGF1@2010-12-28,2010-12-28 19:30:00+00:00,4.381,4.381,4.298,4.311,30695
2010-09-27 00:00:00+00:00,NGG1@2011-01-27,2011-01-27 19:30:00+00:00,4.373,4.382,4.31,4.316,5755
2010-09-27 00:00:00+00:00,NGV0@2010-09-28,2010-09-28 18:30:00+00:00,3.803,3.815,3.732,3.793,54531
2010-09-27 00:00:00+00:00,NGX0@2010-10-27,2010-10-27 18:30:00+00:00,3.932,3.942,3.867,3.911,98451
2010-09-27 00:00:00+00:00,NGZ0@2010-11-24,2010-11-24 19:30:00+00:00,4.189,4.189,4.125,4.141,43548
2010-09-28 00:00:00+00:00,NGF1@2010-12-28,2010-12-28 19:30:00+00:00,4.31,4.403,4.31,4.354,16468
2010-09-28 00:00:00+00:00,NGG1@2011-01-27,2011-01-27 19:30:00+00:00,4.323,4.409,4.316,4.37,4711
2010-09-28 00:00:00+00:00,NGV0@2010-09-28,2010-09-28 18:30:00+00:00,3.793,3.895,3.784,3.84,14650
2010-09-28 00:00:00+00:00,NGX0@2010-10-27,2010-10-27 18:30:00+00:00,3.911,4.01,3.908,3.957,86408
2010-09-28 00:00:00+00:00,NGZ0@2010-11-24,2010-11-24 19:30:00+00:00,4.142,4.236,4.141,4.188,21566
2010-09-29 00:00:00+00:00,NGF1@2010-12-28,2010-12-28 19:30:00+00:00,4.354,4.363,4.285,4.342,16263
2010-09-29 00:00:00+00:00,NGG1@2011-01-27,2011-01-27 19:30:00+00:00,4.355,4.374,4.297,4.352,5712
2010-09-29 00:00:00+00:00,NGX0@2010-10-27,2010-10-27 18:30:00+00:00,3.957,3.98,3.903,3.968,60922
2010-09-29 00:00:00+00:00,NGZ0@2010-11-24,2010-11-24 19:30:00+00:00,4.185,4.194,4.122,4.183,21199
2010-09-30 00:00:00+00:00,NGF1@2010-12-28,2010-12-28 19:30:00+00:00,4.348,4.378,4.219,4.277,23225
2010-09-30 00:00:00+00:00,NGG1@2011-01-27,2011-01-27 19:30:00+00:00,4.369,4.388,4.235,4.3,10856
2010-09-30 00:00:00+00:00,NGX0@2010-10-27,2010-10-27 18:30:00+00:00,3.969,4.012,3.78,3.858,104408
2010-09-30 00:00:00+00:00,NGZ0@2010-11-24,2010-11-24 19:30:00+00:00,4.183,4.217,4.039,4.112,35998
2010-10-01 00:00:00+00:00,NGF1@2010-12-28,2010-12-28 19:30:00+00:00,4.285,4.292,4.228,4.254,23242
2010-10-01 00:00:00+00:00,NGG1@2011-01-27,2011-01-27 19:30:00+00:00,4.306,4.309,4.247,4.279,13175
2010-10-01 00:00:00+00:00,NGX0@2010-10-27,2010-10-27 18:30:00+00:00,3.859,3.865,3.788,3.788,68174
2010-10-01 00:00:00+00:00,NGZ0@2010-11-24,2010-11-24 19:30:00+00:00,4.116,4.119,4.058,4.07,28353
2010-10-03 00:00:00+00:00,NGF1@2010-12-28,2010-12-28 19:30:00+00:00,4.249,4.257,4.246,4.257,18
2010-10-03 00:00:00+00:00,NGG1@2011-01-27,2011-01-27 19:30:00+00:00,4.281,4.281,4.281,4.281,2
2010-10-03 00:00:00+00:00,NGX0@2010-10-27,2010-10-27 18:30:00+00:00,3.752,3.788,3.751,3.783,704
2010-10-03 00:00:00+00:00,NGZ0@2010-11-24,2010-11-24 19:30:00+00:00,4.064,4.073,4.061,4.073,39
2010-10-04 00:00:00+00:00,NGF1@2010-12-28,2010-12-28 19:30:00+00:00,4.257,4.27,4.186,4.27,27488
2010-10-04 00:00:00+00:00,NGG1@2011-01-27,2011-01-27 19:30:00+00:00,4.281,4.296,4.201,4.294,16081
2010-10-04 00:00:00+00:00,NGX0@2010-10-27,2010-10-27 18:30:00+00:00,3.784,3.785,3.686,3.738,74896
2010-10-04 00:00:00+00:00,NGZ0@2010-11-24,2010-11-24 19:30:00+00:00,4.069,4.076,3.997,4.057,28770
2010-10-05 00:00:00+00:00,NGF1@2010-12-28,2010-12-28 19:30:00+00:00,4.265,4.311,4.225,4.291,22440
2010-10-05 00:00:00+00:00,NGG1@2011-01-27,2011-01-27 19:30:00+00:00,4.278,4.339,4.255,4.322,12097
2010-10-05 00:00:00+00:00,NGX0@2010-10-27,2010-10-27 18:30:00+00:00,3.737,3.788,3.691,3.769,62227
2010-10-05 00:00:00+00:00,NGZ0@2010-11-24,2010-11-24 19:30:00+00:00,4.053,4.11,4.015,4.088,26666
2010-10-06 00:00:00+00:00,NGF1@2010-12-28,2010-12-28 19:30:00+00:00,4.29,4.39,4.274,4.382,35969
2010-10-06 00:00:00+00:00,NGG1@2011-01-27,2011-01-27 19:30:00+00:00,4.34,4.414,4.302,4.398,16256
2010-10-06 00:00:00+00:00,NGX0@2010-10-27,2010-10-27 18:30:00+00:00,3.77,3.888,3.748,3.877,102811
2010-10-06 00:00:00+00:00,NGZ0@2010-11-24,2010-11-24 19:30:00+00:00,4.091,4.208,4.072,4.202,42068
2010-10-07 00:00:00+00:00,NGF1@2010-12-28,2010-12-28 19:30:00+00:00,4.385,4.391,4.217,4.23,68704
2010-10-07 00:00:00+00:00,NGG1@2011-01-27,2011-01-27 19:30:00+00:00,4.406,4.415,4.249,4.26,22497
2010-10-07 00:00:00+00:00,NGX0@2010-10-27,2010-10-27 18:30:00+00:00,3.877,3.883,3.607,3.613,166181
2010-10-07 00:00:00+00:00,NGZ0@2010-11-24,2010-11-24 19:30:00+00:00,4.2,4.207,3.982,3.993,80937
2010-10-08 00:00:00+00:00,NGF1@2010-12-28,2010-12-28 19:30:00+00:00,4.224,4.305,4.188,4.292,57691
2010-10-08 00:00:00+00:00,NGG1@2011-01-27,2011-01-27 19:30:00+00:00,4.25,4.34,4.223,4.329,16511
2010-10-08 00:00:00+00:00,NGX0@2010-10-27,2010-10-27 18:30:00+00:00,3.611,3.683,3.583,3.645,101377
2010-10-08 00:00:00+00:00,NGZ0@2010-11-24,2010-11-24 19:30:00+00:00,3.99,4.055,3.957,4.039,50651
2010-10-10 00:00:00+00:00,NGF1@2010-12-28,2010-12-28 19:30:00+00:00,4.29,4.29,4.28,4.288,15
2010-10-10 00:00:00+00:00,NGX0@2010-10-27,2010-10-27 18:30:00+00:00,3.646,3.648,3.631,3.635,127
2010-10-10 00:00:00+00:00,NGZ0@2010-11-24,2010-11-24 19:30:00+00:00,4.041,4.044,4.029,4.032,40
2010-10-11 00:00:00+00:00,NGF1@2010-12-28,2010-12-28 19:30:00+00:00,4.279,4.321,4.25,4.287,51750
2010-10-11 00:00:00+00:00,NGG1@2011-01-27,2011-01-27 19:30:00+00:00,4.32,4.355,4.285,4.325,10870
2010-10-11 00:00:00+00:00,NGX0@2010-10-27,2010-10-27 18:30:00+00:00,3.631,3.673,3.586,3.599,80372
2010-10-11 00:00:00+00:00,NGZ0@2010-11-24,2010-11-24 19:30:00+00:00,4.028,4.068,3.999,4.01,49586
2010-10-12 00:00:00+00:00,NGF1@2010-12-28,2010-12-28 19:30:00+00:00,4.268,4.283,4.203,4.263,65637
2010-10-12 00:00:00+00:00,NGG1@2011-01-27,2011-01-27 19:30:00+00:00,4.275,4.323,4.244,4.307,17665
2010-10-12 00:00:00+00:00,NGX0@2010-10-27,2010-10-27 18:30:00+00:00,3.597,3.673,3.545,3.651,114953
2010-10-12 00:00:00+00:00,NGZ0@2010-11-24,2010-11-24 19:30:00+00:00,4.005,4.021,3.926,4.002,73907
2010-10-13 00:00:00+00:00,NGF1@2010-12-28,2010-12-28 19:30:00+00:00,4.258,4.317,4.222,4.25,58091
2010-10-13 00:00:00+00:00,NGG1@2011-01-27,2011-01-27 19:30:00+00:00,4.31,4.348,4.259,4.296,14110
2010-10-13 00:00:00+00:00,NGX0@2010-10-27,2010-10-27 18:30:00+00:00,3.645,3.777,3.633,3.668,162111
2010-10-13 00:00:00+00:00,NGZ0@2010-11-24,2010-11-24 19:30:00+00:00,3.997,4.093,3.981,4.022,91565
2010-10-14 00:00:00+00:00,NGF1@2010-12-28,2010-12-28 19:30:00+00:00,4.259,4.292,4.17,4.233,40015
2010-10-14 00:00:00+00:00,NGG1@2011-01-27,2011-01-27 19:30:00+00:00,4.298,4.318,4.2,4.266,15902
2010-10-14 00:00:00+00:00,NGX0@2010-10-27,2010-10-27 18:30:00+00:00,3.673,3.761,3.595,3.646,142237
2010-10-14 00:00:00+00:00,NGZ0@2010-11-24,2010-11-24 19:30:00+00:00,4.025,4.072,3.937,4.006,79848
2010-10-15 00:00:00+00:00,NGF1@2010-12-28,2010-12-28 19:30:00+00:00,4.231,4.257,4.151,4.167,31339
2010-10-15 00:00:00+00:00,NGG1@2011-01-27,2011-01-27 19:30:00+00:00,4.248,4.283,4.183,4.199,11438
2010-10-15 00:00:00+00:00,NGX0@2010-10-27,2010-10-27 18:30:00+00:00,3.646,3.678,3.52,3.525,106236
2010-10-15 00:00:00+00:00,NGZ0@2010-11-24,2010-11-24 19:30:00+00:00,4.0,4.031,3.909,3.919,68567
2010-10-17 00:00:00+00:00,NGF1@2010-12-28,2010-12-28 19:30:00+00:00,4.14,4.158,4.111,4.138,253
2010-10-17 00:00:00+00:00,NGG1@2011-01-27,2011-01-27 19:30:00+00:00,4.184,4.187,4.175,4.177,43
2010-10-17 00:00:00+00:00,NGX0@2010-10-27,2010-10-27 18:30:00+00:00,3.48,3.494,3.48,3.48,806
2010-10-17 00:00:00+00:00,NGZ0@2010-11-24,2010-11-24 19:30:00+00:00,3.898,3.9,3.86,3.883,384
2010-10-18 00:00:00+00:00,NGF1@2010-12-28,2010-12-28 19:30:00+00:00,4.129,4.164,4.108,4.125,29251
2010-10-18 00:00:00+00:00,NGG1@2011-01-27,2011-01-27 19:30:00+00:00,4.168,4.195,4.142,4.161,7684
2010-10-18 00:00:00+00:00,NGX0@2010-10-27,2010-10-27 18:30:00+00:00,3.48,3.53,3.395,3.417,110150
2010-10-18 00:00:00+00:00,NGZ0@2010-11-24,2010-11-24 19:30:00+00:00,3.885,3.918,3.842,3.862,73217
2010-10-19 00:00:00+00:00,NGF1@2010-12-28,2010-12-28 19:30:00+00:00,4.128,4.17,4.103,4.14,32560
2010-10-19 00:00:00+00:00,NGG1@2011-01-27,2011-01-27 19:30:00+00:00,4.16,4.207,4.139,4.17,9866
2010-10-19 00:00:00+00:00,NGX0@2010-10-27,2010-10-27 18:30:00+00:00,3.416,3.54,3.404,3.522,95366
2010-10-19 00:00:00+00:00,NGZ0@2010-11-24,2010-11-24 19:30:00+00:00,3.864,3.916,3.85,3.895,59562
2010-10-20 00:00:00+00:00,NGF1@2010-12-28,2010-12-28 19:30:00+00:00,4.14,4.187,4.114,4.145,26449
2010-10-20 00:00:00+00:00,NGG1@2011-01-27,2011-01-27 19:30:00+00:00,4.18,4.219,4.147,4.181,7671
2010-10-20 00:00:00+00:00,NGX0@2010-10-27,2010-10-27 18:30:00+00:00,3.522,3.613,3.507,3.527,92076
2010-10-20 00:00:00+00:00,NGZ0@2010-11-24,2010-11-24 19:30:00+00:00,3.902,3.954,3.874,3.893,55991
2010-10-21 00:00:00+00:00,NGF1@2010-12-28,2010-12-28 19:30:00+00:00,4.14,4.149,3.985,4.042,33697
2010-10-21 00:00:00+00:00,NGG1@2011-01-27,2011-01-27 19:30:00+00:00,4.184,4.184,4.021,4.075,13008
2010-10-21 00:00:00+00:00,NGX0@2010-10-27,2010-10-27 18:30:00+00:00,3.527,3.54,3.346,3.398,106591
2010-10-21 00:00:00+00:00,NGZ0@2010-11-24,2010-11-24 19:30:00+00:00,3.893,3.898,3.721,3.773,79141
2010-10-22 00:00:00+00:00,NGF1@2010-12-28,2010-12-28 19:30:00+00:00,4.043,4.043,3.912,3.948,22640
2010-10-22 00:00:00+00:00,NGG1@2011-01-27,2011-01-27 19:30:00+00:00,4.076,4.08,3.948,3.98,8751
2010-10-22 00:00:00+00:00,NGX0@2010-10-27,2010-10-27 18:30:00+00:00,3.398,3.402,3.29,3.333,71492
2010-10-22 00:00:00+00:00,NGZ0@2010-11-24,2010-11-24 19:30:00+00:00,3.778,3.778,3.659,3.696,49628
2010-10-24 00:00:00+00:00,NGF1@2010-12-28,2010-12-28 19:30:00+00:00,3.935,3.935,3.767,3.88,73
2010-10-24 00:00:00+00:00,NGG1@2011-01-27,2011-01-27 19:30:00+00:00,3.982,3.982,3.894,3.914,16
2010-10-24 00:00:00+00:00,NGX0@2010-10-27,2010-10-27 18:30:00+00:00,3.292,3.31,3.139,3.267,434
2010-10-24 00:00:00+00:00,NGZ0@2010-11-24,2010-11-24 19:30:00+00:00,3.66,3.66,3.5,3.623,715
2010-10-25 00:00:00+00:00,NGF1@2010-12-28,2010-12-28 19:30:00+00:00,3.884,4.02,3.871,3.979,20869
2010-10-25 00:00:00+00:00,NGG1@2011-01-27,2011-01-27 19:30:00+00:00,3.918,4.035,3.904,4.015,7798
2010-10-25 00:00:00+00:00,NGX0@2010-10-27,2010-10-27 18:30:00+00:00,3.27,3.389,3.255,3.346,56393
2010-10-25 00:00:00+00:00,NGZ0@2010-11-24,2010-11-24 19:30:00+00:00,3.623,3.76,3.61,3.711,56388
2010-10-26 00:00:00+00:00,NGF1@2010-12-28,2010-12-28 19:30:00+00:00,3.97,4.044,3.927,4.022,45070
2010-10-26 00:00:00+00:00,NGG1@2011-01-27,2011-01-27 19:30:00+00:00,4.001,4.079,3.965,4.058,11202
2010-10-26 00:00:00+00:00,NGX0@2010-10-27,2010-10-27 18:30:00+00:00,3.343,3.41,3.263,3.333,57846
2010-10-26 00:00:00+00:00,NGZ0@2010-11-24,2010-11-24 19:30:00+00:00,3.712,3.803,3.662,3.767,119553
2010-10-27 00:00:00+00:00,NGF1@2010-12-28,2010-12-28 19:30:00+00:00,4.022,4.094,3.978,4.04,28067
2010-10-27 00:00:00+00:00,NGG1@2011-01-27,2011-01-27 19:30:00+00:00,4.058,4.123,4.018,4.065,7902
2010-10-27 00:00:00+00:00,NGX0@2010-10-27,2010-10-27 18:30:00+00:00,3.339,3.391,3.212,3.342,12381
2010-10-27 00:00:00+00:00,NGZ0@2010-11-24,2010-11-24 19:30:00+00:00,3.767,3.841,3.718,3.787,82804
2010-10-28 00:00:00+00:00,NGF1@2010-12-28,2010-12-28 19:30:00+00:00,4.043,4.167,3.916,4.156,46556
2010-10-28 00:00:00+00:00,NGG1@2011-01-27,2011-01-27 19:30:00+00:00,4.077,4.187,3.953,4.18,13754
2010-10-28 00:00:00+00:00,NGZ0@2010-11-24,2010-11-24 19:30:00+00:00,3.787,3.926,3.656,3.918,142361
2010-10-29 00:00:00+00:00,NGF1@2010-12-28,2010-12-28 19:30:00+00:00,4.157,4.298,4.08,4.267,56564
2010-10-29 00:00:00+00:00,NGG1@2011-01-27,2011-01-27 19:30:00+00:00,4.161,4.305,4.103,4.276,23944
2010-10-29 00:00:00+00:00,NGZ0@2010-11-24,2010-11-24 19:30:00+00:00,3.919,4.075,3.83,4.044,149397
2010-10-31 00:00:00+00:00,NGF1@2010-12-28,2010-12-28 19:30:00+00:00,4.255,4.292,4.245,4.279,361
2010-10-31 00:00:00+00:00,NGG1@2011-01-27,2011-01-27 19:30:00+00:00,4.284,4.296,4.283,4.29,17
2010-10-31 00:00:00+00:00,NGZ0@2010-11-24,2010-11-24 19:30:00+00:00,4.031,4.068,4.002,4.053,1481
2010-11-01 00:00:00+00:00,NGF1@2010-12-28,2010-12-28 19:30:00+00:00,4.287,4.402,4.064,4.088,45224
2010-11-01 00:00:00+00:00,NGG1@2011-01-27,2011-01-27 19:30:00+00:00,4.296,4.407,4.096,4.122,17832
2010-11-01 00:00:00+00:00,NGZ0@2010-11-24,2010-11-24 19:30:00+00:00,4.056,4.187,3.812,3.828,127851
2010-11-02 00:00:00+00:00,NGF1@2010-12-28,2010-12-28 19:30:00+00:00,4.091,4.172,4.003,4.114,42043
2010-11-02 00:00:00+00:00,NGG1@2011-01-27,2011-01-27 19:30:00+00:00,4.117,4.184,4.031,4.132,26200
2010-11-02 00:00:00+00:00,NGZ0@2010-11-24,2010-11-24 19:30:00+00:00,3.832,3.928,3.75,3.858,130077
2010-11-03 00:00:00+00:00,NGF1@2010-12-28,2010-12-28 19:30:00+00:00,4.12,4.149,4.046,4.097,27019
2010-11-03 00:00:00+00:00,NGG1@2011-01-27,2011-01-27 19:30:00+00:00,4.153,4.17,4.065,4.12,15962
2010-11-03 00:00:00+00:00,NGZ0@2010-11-24,2010-11-24 19:30:00+00:00,3.858,3.9,3.79,3.83,73992
2010-11-04 00:00:00+00:00,NGF1@2010-12-28,2010-12-28 19:30:00+00:00,4.077,4.145,3.994,4.117,52619
2010-11-04 00:00:00+00:00,NGG1@2011-01-27,2011-01-27 19:30:00+00:00,4.11,4.16,4.015,4.125,32618
2010-11-04 00:00:00+00:00,NGZ0@2010-11-24,2010-11-24 19:30:00+00:00,3.822,3.899,3.743,3.856,125032
2010-11-05 00:00:00+00:00,NGF1@2010-12-28,2010-12-28 19:30:00+00:00,4.109,4.188,4.096,4.179,46018
2010-11-05 00:00:00+00:00,NGG1@2011-01-27,2011-01-27 19:30:00+00:00,4.111,4.188,4.101,4.181,24537
2010-11-05 00:00:00+00:00,NGZ0@2010-11-24,2010-11-24 19:30:00+00:00,3.856,3.948,3.847,3.945,101322
2010-11-07 00:00:00+00:00,NGF1@2010-12-28,2010-12-28 19:30:00+00:00,4.174,4.222,4.174,4.221,88
2010-11-07 00:00:00+00:00,NGG1@2011-01-27,2011-01-27 19:30:00+00:00,4.213,4.22,4.187,4.22,73
2010-11-07 00:00:00+00:00,NGZ0@2010-11-24,2010-11-24 19:30:00+00:00,3.954,3.991,3.948,3.987,420
2010-11-08 00:00:00+00:00,NGF1@2010-12-28,2010-12-28 19:30:00+00:00,4.22,4.324,4.169,4.317,62924
2010-11-08 00:00:00+00:00,NGG1@2011-01-27,2011-01-27 19:30:00+00:00,4.213,4.324,4.174,4.324,25124
2010-11-08 00:00:00+00:00,NGZ0@2010-11-24,2010-11-24 19:30:00+00:00,3.984,4.137,3.937,4.128,129294
2010-11-09 00:00:00+00:00,NGF1@2010-12-28,2010-12-28 19:30:00+00:00,4.32,4.392,4.233,4.379,73206
2010-11-09 00:00:00+00:00,NGG1@2011-01-27,2011-01-27 19:30:00+00:00,4.323,4.391,4.242,4.369,23088
2010-11-09 00:00:00+00:00,NGZ0@2010-11-24,2010-11-24 19:30:00+00:00,4.128,4.228,4.058,4.218,143351
2010-11-10 00:00:00+00:00,NGF1@2010-12-28,2010-12-28 19:30:00+00:00,4.38,4.412,4.212,4.267,77300
2010-11-10 00:00:00+00:00,NGG1@2011-01-27,2011-01-27 19:30:00+00:00,4.373,4.406,4.224,4.269,24843
2010-11-10 00:00:00+00:00,NGZ0@2010-11-24,2010-11-24 19:30:00+00:00,4.216,4.249,4.018,4.077,138243
2010-11-11 00:00:00+00:00,NGF1@2010-12-28,2010-12-28 19:30:00+00:00,4.265,4.321,4.104,4.109,81051
2010-11-11 00:00:00+00:00,NGG1@2011-01-27,2011-01-27 19:30:00+00:00,4.256,4.334,4.127,4.145,23462
2010-11-11 00:00:00+00:00,NGZ0@2010-11-24,2010-11-24 19:30:00+00:00,4.079,4.125,3.917,3.923,124338
2010-11-12 00:00:00+00:00,NGF1@2010-12-28,2010-12-28 19:30:00+00:00,4.109,4.134,3.974,3.999,67797
2010-11-12 00:00:00+00:00,NGG1@2011-01-27,2011-01-27 19:30:00+00:00,4.14,4.147,3.994,4.001,14667
2010-11-12 00:00:00+00:00,NGZ0@2010-11-24,2010-11-24 19:30:00+00:00,3.921,3.94,3.794,3.808,109208
2010-11-14 00:00:00+00:00,NGF1@2010-12-28,2010-12-28 19:30:00+00:00,3.96,4.006,3.825,4.006,288
2010-11-14 00:00:00+00:00,NGG1@2011-01-27,2011-01-27 19:30:00+00:00,4.002,4.013,4.002,4.012,12
2010-11-14 00:00:00+00:00,NGZ0@2010-11-24,2010-11-24 19:30:00+00:00,3.78,3.824,3.78,3.815,543
2010-11-15 00:00:00+00:00,NGF1@2010-12-28,2010-12-28 19:30:00+00:00,4.0,4.061,3.892,4.048,75463
2010-11-15 00:00:00+00:00,NGG1@2011-01-27,2011-01-27 19:30:00+00:00,4.006,4.063,3.912,4.059,15379
2010-11-15 00:00:00+00:00,NGZ0@2010-11-24,2010-11-24 19:30:00+00:00,3.815,3.885,3.71,3.876,126273
2010-11-16 00:00:00+00:00,NGF1@2010-12-28,2010-12-28 19:30:00+00:00,4.051,4.092,3.964,3.998,42583
2010-11-16 00:00:00+00:00,NGG1@2011-01-27,2011-01-27 19:30:00+00:00,4.059,4.099,3.977,4.005,12086
2010-11-16 00:00:00+00:00,NGZ0@2010-11-24,2010-11-24 19:30:00+00:00,3.873,3.919,3.782,3.82,100368
2010-11-17 00:00:00+00:00,NGF1@2010-12-28,2010-12-28 19:30:00+00:00,4.001,4.2,3.976,4.171,66591
2010-11-17 00:00:00+00:00,NGG1@2011-01-27,2011-01-27 19:30:00+00:00,4.007,4.195,3.983,4.193,21222
2010-11-17 00:00:00+00:00,NGZ0@2010-11-24,2010-11-24 19:30:00+00:00,3.825,4.037,3.796,4.023,127068
2010-11-18 00:00:00+00:00,NGF1@2010-12-28,2010-12-28 19:30:00+00:00,4.177,4.226,4.035,4.195,82072
2010-11-18 00:00:00+00:00,NGG1@2011-01-27,2011-01-27 19:30:00+00:00,4.164,4.23,4.043,4.196,25030
2010-11-18 00:00:00+00:00,NGZ0@2010-11-24,2010-11-24 19:30:00+00:00,4.025,4.058,3.853,4.022,142058
2010-11-19 00:00:00+00:00,NGF1@2010-12-28,2010-12-28 19:30:00+00:00,4.192,4.332,4.148,4.329,78015
2010-11-19 00:00:00+00:00,NGG1@2011-01-27,2011-01-27 19:30:00+00:00,4.197,4.33,4.149,4.324,21291
2010-11-19 00:00:00+00:00,NGZ0@2010-11-24,2010-11-24 19:30:00+00:00,4.02,4.175,3.975,4.168,109087
2010-11-21 00:00:00+00:00,NGF1@2010-12-28,2010-12-28 19:30:00+00:00,4.325,4.343,4.317,4.343,153
2010-11-21 00:00:00+00:00,NGG1@2011-01-27,2011-01-27 19:30:00+00:00,4.32,4.34,4.319,4.34,85
2010-11-21 00:00:00+00:00,NGZ0@2010-11-24,2010-11-24 19:30:00+00:00,4.162,4.181,4.16,4.181,186
2010-11-22 00:00:00+00:00,NGF1@2010-12-28,2010-12-28 19:30:00+00:00,4.34,4.449,4.285,4.435,92660
2010-11-22 00:00:00+00:00,NGG1@2011-01-27,2011-01-27 19:30:00+00:00,4.336,4.448,4.291,4.438,26527
2010-11-22 00:00:00+00:00,NGZ0@2010-11-24,2010-11-24 19:30:00+00:00,4.182,4.293,4.125,4.276,95451
2010-11-23 00:00:00+00:00,NGF1@2010-12-28,2010-12-28 19:30:00+00:00,4.434,4.454,4.291,4.404,87242
2010-11-23 00:00:00+00:00,NGG1@2011-01-27,2011-01-27 19:30:00+00:00,4.444,4.455,4.303,4.41,22289
2010-11-23 00:00:00+00:00,NGZ0@2010-11-24,2010-11-24 19:30:00+00:00,4.277,4.291,4.115,4.246,73854
2010-11-24 00:00:00+00:00,NGF1@2010-12-28,2010-12-28 19:30:00+00:00,4.4,4.515,4.333,4.409,109668
2010-11-24 00:00:00+00:00,NGG1@2011-01-27,2011-01-27 19:30:00+00:00,4.41,4.512,4.345,4.413,25684
2010-11-24 00:00:00+00:00,NGZ0@2010-11-24,2010-11-24 19:30:00+00:00,4.241,4.382,4.176,4.253,10987
2010-11-25 00:00:00+00:00,NGF1@2010-12-28,2010-12-28 19:30:00+00:00,4.418,4.482,4.352,4.399,6405
2010-11-25 00:00:00+00:00,NGG1@2011-01-27,2011-01-27 19:30:00+00:00,4.422,4.48,4.368,4.411,605
2010-11-26 00:00:00+00:00,NGF1@2010-12-28,2010-12-28 19:30:00+00:00,4.406,4.463,4.364,4.411,29797
2010-11-26 00:00:00+00:00,NGG1@2011-01-27,2011-01-27 19:30:00+00:00,4.406,4.463,4.38,4.422,7441
2010-11-28 00:00:00+00:00,NGF1@2010-12-28,2010-12-28 19:30:00+00:00,4.398,4.406,4.381,4.398,234
2010-11-28 00:00:00+00:00,NGG1@2011-01-27,2011-01-27 19:30:00+00:00,4.428,4.428,4.4,4.413,126
2010-11-29 00:00:00+00:00,NGF1@2010-12-28,2010-12-28 19:30:00+00:00,4.4,4.487,4.166,4.208,125953
2010-11-29 00:00:00+00:00,NGG1@2011-01-27,2011-01-27 19:30:00+00:00,4.414,4.5,4.192,4.232,28785
2010-11-30 00:00:00+00:00,NGF1@2010-12-28,2010-12-28 19:30:00+00:00,4.207,4.254,4.126,4.207,92139
2010-11-30 00:00:00+00:00,NGG1@2011-01-27,2011-01-27 19:30:00+00:00,4.231,4.27,4.15,4.216,24466
2010-12-01 00:00:00+00:00,NGF1@2010-12-28,2010-12-28 19:30:00+00:00,4.206,4.324,4.164,4.305,112582
2010-12-01 00:00:00+00:00,NGG1@2011-01-27,2011-01-27 19:30:00+00:00,4.228,4.33,4.181,4.312,31386
2010-12-02 00:00:00+00:00,NGF1@2010-12-28,2010-12-28 19:30:00+00:00,4.302,4.377,4.197,4.355,129366
2010-12-02 00:00:00+00:00,NGG1@2011-01-27,2011-01-27 19:30:00+00:00,4.308,4.383,4.209,4.364,32215
2010-12-03 00:00:00+00:00,NGF1@2010-12-28,2010-12-28 19:30:00+00:00,4.355,4.391,4.28,4.318,84051
2010-12-03 00:00:00+00:00,NGG1@2011-01-27,2011-01-27 19:30:00+00:00,4.361,4.396,4.29,4.325,24103
2010-12-05 00:00:00+00:00,NGF1@2010-12-28,2010-12-28 19:30:00+00:00,4.385,4.415,4.385,4.405,496
2010-12-05 00:00:00+00:00,NGG1@2011-01-27,2011-01-27 19:30:00+00:00,4.401,4.419,4.4,4.408,97
2010-12-06 00:00:00+00:00,NGF1@2010-12-28,2010-12-28 19:30:00+00:00,4.409,4.54,4.39,4.52,140952
2010-12-06 00:00:00+00:00,NGG1@2011-01-27,2011-01-27 19:30:00+00:00,4.41,4.535,4.395,4.519,37885
2010-12-07 00:00:00+00:00,NGF1@2010-12-28,2010-12-28 19:30:00+00:00,4.518,4.545,4.35,4.371,132179
2010-12-07 00:00:00+00:00,NGG1@2011-01-27,2011-01-27 19:30:00+00:00,4.519,4.547,4.36,4.38,56766
2010-12-08 00:00:00+00:00,NGF1@2010-12-28,2010-12-28 19:30:00+00:00,4.37,4.614,4.367,4.611,159350
2010-12-08 00:00:00+00:00,NGG1@2011-01-27,2011-01-27 19:30:00+00:00,4.38,4.613,4.38,4.608,61243
2010-12-09 00:00:00+00:00,NGF1@2010-12-28,2010-12-28 19:30:00+00:00,4.612,4.637,4.368,4.409,171460
2010-12-09 00:00:00+00:00,NGG1@2011-01-27,2011-01-27 19:30:00+00:00,4.609,4.635,4.377,4.416,65914
2010-12-10 00:00:00+00:00,NGF1@2010-12-28,2010-12-28 19:30:00+00:00,4.412,4.479,4.344,4.424,126937
2010-12-10 00:00:00+00:00,NGG1@2011-01-27,2011-01-27 19:30:00+00:00,4.424,4.482,4.354,4.431,45521
2010-12-12 00:00:00+00:00,NGF1@2010-12-28,2010-12-28 19:30:00+00:00,4.444,4.489,4.444,4.48,1677
2010-12-12 00:00:00+00:00,NGG1@2011-01-27,2011-01-27 19:30:00+00:00,4.46,4.499,4.46,4.489,422
2010-12-13 00:00:00+00:00,NGF1@2010-12-28,2010-12-28 19:30:00+00:00,4.481,4.547,4.323,4.43,150024
2010-12-13 00:00:00+00:00,NGG1@2011-01-27,2011-01-27 19:30:00+00:00,4.493,4.554,4.334,4.438,62435
2010-12-14 00:00:00+00:00,NGF1@2010-12-28,2010-12-28 19:30:00+00:00,4.426,4.438,4.233,4.24,117959
2010-12-14 00:00:00+00:00,NGG1@2011-01-27,2011-01-27 19:30:00+00:00,4.439,4.447,4.26,4.263,58208
2010-12-15 00:00:00+00:00,NGF1@2010-12-28,2010-12-28 19:30:00+00:00,4.236,4.278,4.193,4.232,113771
2010-12-15 00:00:00+00:00,NGG1@2011-01-27,2011-01-27 19:30:00+00:00,4.27,4.3,4.223,4.259,66152
2010-12-16 00:00:00+00:00,NGF1@2010-12-28,2010-12-28 19:30:00+00:00,4.23,4.242,4.01,4.019,130405
2010-12-16 00:00:00+00:00,NGG1@2011-01-27,2011-01-27 19:30:00+00:00,4.261,4.271,4.046,4.049,78779
2010-12-17 00:00:00+00:00,NGF1@2010-12-28,2010-12-28 19:30:00+00:00,4.018,4.11,3.951,4.056,106398
2010-12-17 00:00:00+00:00,NGG1@2011-01-27,2011-01-27 19:30:00+00:00,4.052,4.143,3.985,4.095,62291
2010-12-19 00:00:00+00:00,NGF1@2010-12-28,2010-12-28 19:30:00+00:00,4.052,4.061,4.023,4.027,297
2010-12-19 00:00:00+00:00,NGG1@2011-01-27,2011-01-27 19:30:00+00:00,4.099,4.099,4.061,4.063,126
2010-12-20 00:00:00+00:00,NGF1@2010-12-28,2010-12-28 19:30:00+00:00,4.025,4.25,4.013,4.236,101257
2010-12-20 00:00:00+00:00,NGG1@2011-01-27,2011-01-27 19:30:00+00:00,4.066,4.277,4.052,4.261,57992
2010-12-21 00:00:00+00:00,NGF1@2010-12-28,2010-12-28 19:30:00+00:00,4.238,4.238,4.056,4.08,79122
2010-12-21 00:00:00+00:00,NGG1@2011-01-27,2011-01-27 19:30:00+00:00,4.264,4.264,4.08,4.105,58765
2010-12-22 00:00:00+00:00,NGF1@2010-12-28,2010-12-28 19:30:00+00:00,4.078,4.167,3.988,4.11,90546
2010-12-22 00:00:00+00:00,NGG1@2011-01-27,2011-01-27 19:30:00+00:00,4.105,4.196,4.018,4.147,66178
2010-12-23 00:00:00+00:00,NGF1@2010-12-28,2010-12-28 19:30:00+00:00,4.116,4.177,4.052,4.069,55590
2010-12-23 00:00:00+00:00,NGG1@2011-01-27,2011-01-27 19:30:00+00:00,4.146,4.212,4.093,4.12,42779
2010-12-26 00:00:00+00:00,NGF1@2010-12-28,2010-12-28 19:30:00+00:00,4.031,4.072,4.016,4.047,293
2010-12-26 00:00:00+00:00,NGG1@2011-01-27,2011-01-27 19:30:00+00:00,4.089,4.129,4.04,4.096,428
2010-12-27 00:00:00+00:00,NGF1@2010-12-28,2010-12-28 19:30:00+00:00,4.047,4.12,3.992,4.1,50828
2010-12-27 00:00:00+00:00,NGG1@2011-01-27,2011-01-27 19:30:00+00:00,4.085,4.164,4.048,4.136,38595
2010-12-28 00:00:00+00:00,NGF1@2010-12-28,2010-12-28 19:30:00+00:00,4.097,4.265,4.07,4.241,10800
2010-12-28 00:00:00+00:00,NGG1@2011-01-27,2011-01-27 19:30:00+00:00,4.136,4.321,4.112,4.264,71496
2010-12-29 00:00:00+00:00,NGG1@2011-01-27,2011-01-27 19:30:00+00:00,4.263,4.319,4.216,4.315,66867
2010-12-30 00:00:00+00:00,NGG1@2011-01-27,2011-01-27 19:30:00+00:00,4.315,4.364,4.235,4.328,74991
2010-12-31 00:00:00+00:00,NGG1@2011-01-27,2011-01-27 19:30:00+00:00,4.332,4.454,4.306,4.392,60679
