trade_date,contract_id,expiration,settle,available_at,volume
2010-06-04 00:00:00+00:00,NGF1@2010-12-28,2010-12-28 19:30:00+00:00,5.664,2010-06-06 18:02:10.732000+00:00,
2010-06-04 00:00:00+00:00,NGG1@2011-01-27,2011-01-27 19:30:00+00:00,5.618,2010-06-06 18:02:10.794000+00:00,
2010-06-04 00:00:00+00:00,NGQ0@2010-07-28,2010-07-28 18:30:00+00:00,4.842,2010-06-06 23:21:31.696000+00:00,
2010-06-04 00:00:00+00:00,NGU0@2010-08-27,2010-08-27 18:30:00+00:00,4.863,2010-06-06 23:18:56.049000+00:00,
2010-06-04 00:00:00+00:00,NGV0@2010-09-28,2010-09-28 18:30:00+00:00,4.94,2010-06-06 22:34:21.255000+00:00,
2010-06-04 00:00:00+00:00,NGX0@2010-10-27,2010-10-27 18:30:00+00:00,5.202,2010-06-06 22:34:57.818000+00:00,
2010-06-04 00:00:00+00:00,NGZ0@2010-11-24,2010-11-24 19:30:00+00:00,5.49,2010-06-06 18:02:10.721000+00:00,
2010-06-07 00:00:00+00:00,NGF1@2010-12-28,2010-12-28 19:30:00+00:00,5.781,2010-06-08 00:01:46.759000+00:00,
2010-06-07 00:00:00+00:00,NGG1@2011-01-27,2011-01-27 19:30:00+00:00,5.736,2010-06-08 00:01:46.822000+00:00,
2010-06-07 00:00:00+00:00,NGQ0@2010-07-28,2010-07-28 18:30:00+00:00,4.968,2010-06-08 00:01:46.704000+00:00,
2010-06-07 00:00:00+00:00,NGU0@2010-08-27,2010-08-27 18:30:00+00:00,5.006,2010-06-08 00:01:46.715000+00:00,
2010-06-07 00:00:00+00:00,NGV0@2010-09-28,2010-09-28 18:30:00+00:00,5.084,2010-06-08 00:01:46.726000+00:00,
2010-06-07 00:00:00+00:00,NGX0@2010-10-27,2010-10-27 18:30:00+00:00,5.336,2010-06-08 00:01:46.737000+00:00,
2010-06-07 00:00:00+00:00,NGZ0@2010-11-24,2010-11-24 19:30:00+00:00,5.605,2010-06-08 00:01:46.748000+00:00,
2010-06-08 00:00:00+00:00,NGF1@2010-12-28,2010-12-28 19:30:00+00:00,5.699,2010-06-09 00:01:46.138000+00:00,
2010-06-08 00:00:00+00:00,NGG1@2011-01-27,2011-01-27 19:30:00+00:00,5.655,2010-06-09 00:01:46.235000+00:00,
2010-06-08 00:00:00+00:00,NGQ0@2010-07-28,2010-07-28 18:30:00+00:00,4.865,2010-06-09 00:01:46.040000+00:00,
2010-06-08 00:00:00+00:00,NGU0@2010-08-27,2010-08-27 18:30:00+00:00,4.917,2010-06-09 00:01:46.049000+00:00,
2010-06-08 00:00:00+00:00,NGV0@2010-09-28,2010-09-28 18:30:00+00:00,5.0,2010-06-09 00:01:46.062000+00:00,
2010-06-08 00:00:00+00:00,NGX0@2010-10-27,2010-10-27 18:30:00+00:00,5.246,2010-06-09 00:01:46.072000+00:00,
2010-06-08 00:00:00+00:00,NGZ0@2010-11-24,2010-11-24 19:30:00+00:00,5.521,2010-06-09 00:01:46.098000+00:00,
2010-06-09 00:00:00+00:00,NGF1@2010-12-28,2010-12-28 19:30:00+00:00,5.655,2010-06-10 00:01:20.067000+00:00,
2010-06-09 00:00:00+00:00,NGG1@2011-01-27,2011-01-27 19:30:00+00:00,5.612,2010-06-10 00:01:20.199000+00:00,
2010-06-09 00:00:00+00:00,NGQ0@2010-07-28,2010-07-28 18:30:00+00:00,4.736,2010-06-10 00:01:19.988000+00:00,
2010-06-09 00:00:00+00:00,NGU0@2010-08-27,2010-08-27 18:30:00+00:00,4.792,2010-06-10 00:01:20.010000+00:00,
2010-06-09 00:00:00+00:00,NGV0@2010-09-28,2010-09-28 18:30:00+00:00,4.875,2010-06-10 00:01:20.020000+00:00,
2010-06-09 00:00:00+00:00,NGX0@2010-10-27,2010-10-27 18:30:00+00:00,5.164,2010-06-10 00:01:20.030000+00:00,
2010-06-09 00:00:00+00:00,NGZ0@2010-11-24,2010-11-24 19:30:00+00:00,5.474,2010-06-10 00:01:20.041000+00:00,
2010-06-10 00:00:00+00:00,NGF1@2010-12-28,2010-12-28 19:30:00+00:00,5.626,2010-06-11 00:01:28.220000+00:00,
2010-06-10 00:00:00+00:00,NGG1@2011-01-27,2011-01-27 19:30:00+00:00,5.581,2010-06-11 00:01:28.366000+00:00,
2010-06-10 00:00:00+00:00,NGQ0@2010-07-28,2010-07-28 18:30:00+00:00,4.706,2010-06-11 00:01:28.120000+00:00,
2010-06-10 00:00:00+00:00,NGU0@2010-08-27,2010-08-27 18:30:00+00:00,4.761,2010-06-11 00:01:28.131000+00:00,
2010-06-10 00:00:00+00:00,NGV0@2010-09-28,2010-09-28 18:30:00+00:00,4.841,2010-06-11 00:01:28.143000+00:00,
2010-06-10 00:00:00+00:00,NGX0@2010-10-27,2010-10-27 18:30:00+00:00,5.136,2010-06-11 00:01:28.167000+00:00,
2010-06-10 00:00:00+00:00,NGZ0@2010-11-24,2010-11-24 19:30:00+00:00,5.446,2010-06-11 00:01:28.196000+00:00,
2010-06-11 00:00:00+00:00,NGF1@2010-12-28,2010-12-28 19:30:00+00:00,5.686,2010-06-13 22:46:22.360000+00:00,
2010-06-11 00:00:00+00:00,NGG1@2011-01-27,2011-01-27 19:30:00+00:00,5.634,2010-06-13 23:09:10.305000+00:00,
2010-06-11 00:00:00+00:00,NGQ0@2010-07-28,2010-07-28 18:30:00+00:00,4.833,2010-06-13 22:06:40.750000+00:00,
2010-06-11 00:00:00+00:00,NGU0@2010-08-27,2010-08-27 18:30:00+00:00,4.884,2010-06-13 22:00:01.219000+00:00,
2010-06-11 00:00:00+00:00,NGV0@2010-09-28,2010-09-28 18:30:00+00:00,4.96,2010-06-13 23:09:10.305000+00:00,
2010-06-11 00:00:00+00:00,NGX0@2010-10-27,2010-10-27 18:30:00+00:00,5.228,2010-06-13 22:35:14.898000+00:00,
2010-06-11 00:00:00+00:00,NGZ0@2010-11-24,2010-11-24 19:30:00+00:00,5.512,2010-06-13 22:35:14.899000+00:00,
2010-06-14 00:00:00+00:00,NGF1@2010-12-28,2010-12-28 19:30:00+00:00,5.799,2010-06-15 01:45:17.609000+00:00,
2010-06-14 00:00:00+00:00,NGG1@2011-01-27,2011-01-27 19:30:00+00:00,5.742,2010-06-15 01:45:17.672000+00:00,
2010-06-14 00:00:00+00:00,NGQ0@2010-07-28,2010-07-28 18:30:00+00:00,5.06,2010-06-15 01:45:17.562000+00:00,
2010-06-14 00:00:00+00:00,NGU0@2010-08-27,2010-08-27 18:30:00+00:00,5.1,2010-06-15 01:45:17.571000+00:00,
2010-06-14 00:00:00+00:00,NGV0@2010-09-28,2010-09-28 18:30:00+00:00,5.167,2010-06-15 01:45:17.581000+00:00,
2010-06-14 00:00:00+00:00,NGX0@2010-10-27,2010-10-27 18:30:00+00:00,5.381,2010-06-15 01:45:17.590000+00:00,
2010-06-14 00:00:00+00:00,NGZ0@2010-11-24,2010-11-24 19:30:00+00:00,5.631,2010-06-15 01:45:17.601000+00:00,
2010-06-15 00:00:00+00:00,NGF1@2010-12-28,2010-12-28 19:30:00+00:00,5.92,2010-06-16 00:02:55.886000+00:00,
2010-06-15 00:00:00+00:00,NGG1@2011-01-27,2011-01-27 19:30:00+00:00,5.859,2010-06-16 00:02:55.930000+00:00,
2010-06-15 00:00:00+00:00,NGQ0@2010-07-28,2010-07-28 18:30:00+00:00,5.24,2010-06-16 00:02:55.847000+00:00,
2010-06-15 00:00:00+00:00,NGU0@2010-08-27,2010-08-27 18:30:00+00:00,5.273,2010-06-16 00:02:55.862000+00:00,
2010-06-15 00:00:00+00:00,NGV0@2010-09-28,2010-09-28 18:30:00+00:00,5.335,2010-06-16 00:02:55.864000+00:00,
2010-06-15 00:00:00+00:00,NGX0@2010-10-27,2010-10-27 18:30:00+00:00,5.527,2010-06-16 00:02:55.870000+00:00,
2010-06-15 00:00:00+00:00,NGZ0@2010-11-24,2010-11-24 19:30:00+00:00,5.752,2010-06-16 00:02:55.878000+00:00,
2010-06-16 00:00:00+00:00,NGF1@2010-12-28,2010-12-28 19:30:00+00:00,5.811,2010-06-17 00:01:13.581000+00:00,
2010-06-16 00:00:00+00:00,NGG1@2011-01-27,2011-01-27 19:30:00+00:00,5.749,2010-06-17 00:01:13.627000+00:00,
2010-06-16 00:00:00+00:00,NGQ0@2010-07-28,2010-07-28 18:30:00+00:00,5.031,2010-06-17 00:01:13.541000+00:00,
2010-06-16 00:00:00+00:00,NGU0@2010-08-27,2010-08-27 18:30:00+00:00,5.071,2010-06-17 00:01:13.549000+00:00,
2010-06-16 00:00:00+00:00,NGV0@2010-09-28,2010-09-28 18:30:00+00:00,5.138,2010-06-17 00:01:13.557000+00:00,
2010-06-16 00:00:00+00:00,NGX0@2010-10-27,2010-10-27 18:30:00+00:00,5.37,2010-06-17 00:01:13.565000+00:00,
2010-06-16 00:00:00+00:00,NGZ0@2010-11-24,2010-11-24 19:30:00+00:00,5.636,2010-06-17 00:01:13.573000+00:00,
2010-06-17 00:00:00+00:00,NGF1@2010-12-28,2010-12-28 19:30:00+00:00,5.897,2010-06-18 00:16:48.462000+00:00,
2010-06-17 00:00:00+00:00,NGG1@2011-01-27,2011-01-27 19:30:00+00:00,5.827,2010-06-18 00:16:48.637000+00:00,
2010-06-17 00:00:00+00:00,NGQ0@2010-07-28,2010-07-28 18:30:00+00:00,5.212,2010-06-18 00:16:48.327000+00:00,
2010-06-17 00:00:00+00:00,NGU0@2010-08-27,2010-08-27 18:30:00+00:00,5.241,2010-06-18 00:16:48.347000+00:00,
2010-06-17 00:00:00+00:00,NGV0@2010-09-28,2010-09-28 18:30:00+00:00,5.299,2010-06-18 00:16:48.419000+00:00,
2010-06-17 00:00:00+00:00,NGX0@2010-10-27,2010-10-27 18:30:00+00:00,5.5,2010-06-18 00:16:48.429000+00:00,
2010-06-17 00:00:00+00:00,NGZ0@2010-11-24,2010-11-24 19:30:00+00:00,5.727,2010-06-18 00:16:48.439000+00:00,
2010-06-18 00:00:00+00:00,NGF1@2010-12-28,2010-12-28 19:30:00+00:00,5.783,2010-06-20 23:16:09.940000+00:00,
2010-06-18 00:00:00+00:00,NGG1@2011-01-27,2011-01-27 19:30:00+00:00,5.717,2010-06-20 18:02:04.123000+00:00,
2010-06-18 00:00:00+00:00,NGQ0@2010-07-28,2010-07-28 18:30:00+00:00,5.049,2010-06-20 23:06:13.170000+00:00,
2010-06-18 00:00:00+00:00,NGU0@2010-08-27,2010-08-27 18:30:00+00:00,5.081,2010-06-20 23:46:32.290000+00:00,
2010-06-18 00:00:00+00:00,NGV0@2010-09-28,2010-09-28 18:30:00+00:00,5.144,2010-06-20 23:03:50.883000+00:00,
2010-06-18 00:00:00+00:00,NGX0@2010-10-27,2010-10-27 18:30:00+00:00,5.364,2010-06-20 18:02:04.033000+00:00,
2010-06-18 00:00:00+00:00,NGZ0@2010-11-24,2010-11-24 19:30:00+00:00,5.603,2010-06-20 18:02:04.044000+00:00,
2010-06-21 00:00:00+00:00,NGF1@2010-12-28,2010-12-28 19:30:00+00:00,5.665,2010-06-22 00:01:09.231000+00:00,
2010-06-21 00:00:00+00:00,NGG1@2011-01-27,2011-01-27 19:30:00+00:00,5.602,2010-06-22 00:01:09.276000+00:00,
2010-06-21 00:00:00+00:00,NGQ0@2010-07-28,2010-07-28 18:30:00+00:00,4.91,2010-06-22 00:01:09.195000+00:00,
2010-06-21 00:00:00+00:00,NGU0@2010-08-27,2010-08-27 18:30:00+00:00,4.944,2010-06-22 00:01:09.202000+00:00,
2010-06-21 00:00:00+00:00,NGV0@2010-09-28,2010-09-28 18:30:00+00:00,5.01,2010-06-22 00:01:09.210000+00:00,
2010-06-21 00:00:00+00:00,NGX0@2010-10-27,2010-10-27 18:30:00+00:00,5.232,2010-06-22 00:01:09.217000+00:00,
2010-06-21 00:00:00+00:00,NGZ0@2010-11-24,2010-11-24 19:30:00+00:00,5.485,2010-06-22 00:01:09.224000+00:00,
2010-06-22 00:00:00+00:00,NGF1@2010-12-28,2010-12-28 19:30:00+00:00,5.599,2010-06-23 00:01:11.514000+00:00,
2010-06-22 00:00:00+00:00,NGG1@2011-01-27,2011-01-27 19:30:00+00:00,5.538,2010-06-23 00:01:11.575000+00:00,
2010-06-22 00:00:00+00:00,NGQ0@2010-07-28,2010-07-28 18:30:00+00:00,4.794,2010-06-23 00:01:11.459000+00:00,
2010-06-22 00:00:00+00:00,NGU0@2010-08-27,2010-08-27 18:30:00+00:00,4.837,2010-06-23 00:01:11.470000+00:00,
2010-06-22 00:00:00+00:00,NGV0@2010-09-28,2010-09-28 18:30:00+00:00,4.907,2010-06-23 00:01:11.481000+00:00,
2010-06-22 00:00:00+00:00,NGX0@2010-10-27,2010-10-27 18:30:00+00:00,5.146,2010-06-23 00:01:11.492000+00:00,
2010-06-22 00:00:00+00:00,NGZ0@2010-11-24,2010-11-24 19:30:00+00:00,5.422,2010-06-23 00:01:11.503000+00:00,
2010-06-23 00:00:00+00:00,NGF1@2010-12-28,2010-12-28 19:30:00+00:00,5.691,2010-06-24 00:01:35.310000+00:00,
2010-06-23 00:00:00+00:00,NGG1@2011-01-27,2011-01-27 19:30:00+00:00,5.628,2010-06-24 00:01:35.400000+00:00,
2010-06-23 00:00:00+00:00,NGQ0@2010-07-28,2010-07-28 18:30:00+00:00,4.853,2010-06-24 00:01:35.234000+00:00,
2010-06-23 00:00:00+00:00,NGU0@2010-08-27,2010-08-27 18:30:00+00:00,4.895,2010-06-24 00:01:35.244000+00:00,
2010-06-23 00:00:00+00:00,NGV0@2010-09-28,2010-09-28 18:30:00+00:00,4.968,2010-06-24 00:01:35.279000+00:00,
2010-06-23 00:00:00+00:00,NGX0@2010-10-27,2010-10-27 18:30:00+00:00,5.22,2010-06-24 00:01:35.289000+00:00,
2010-06-23 00:00:00+00:00,NGZ0@2010-11-24,2010-11-24 19:30:00+00:00,5.514,2010-06-24 00:01:35.300000+00:00,
2010-06-24 00:00:00+00:00,NGF1@2010-12-28,2010-12-28 19:30:00+00:00,5.66,2010-06-25 00:01:44.606000+00:00,
2010-06-24 00:00:00+00:00,NGG1@2011-01-27,2011-01-27 19:30:00+00:00,5.602,2010-06-25 00:01:44.667000+00:00,
2010-06-24 00:00:00+00:00,NGQ0@2010-07-28,2010-07-28 18:30:00+00:00,4.793,2010-06-25 00:01:44.551000+00:00,
2010-06-24 00:00:00+00:00,NGU0@2010-08-27,2010-08-27 18:30:00+00:00,4.834,2010-06-25 00:01:44.562000+00:00,
2010-06-24 00:00:00+00:00,NGV0@2010-09-28,2010-09-28 18:30:00+00:00,4.913,2010-06-25 00:01:44.573000+00:00,
2010-06-24 00:00:00+00:00,NGX0@2010-10-27,2010-10-27 18:30:00+00:00,5.18,2010-06-25 00:01:44.585000+00:00,
2010-06-24 00:00:00+00:00,NGZ0@2010-11-24,2010-11-24 19:30:00+00:00,5.479,2010-06-25 00:01:44.595000+00:00,
2010-06-25 00:00:00+00:00,NGF1@2010-12-28,2010-12-28 19:30:00+00:00,5.743,2010-06-27 22:11:09.858000+00:00,
2010-06-25 00:00:00+00:00,NGG1@2011-01-27,2011-01-27 19:30:00+00:00,5.68,2010-06-27 18:01:36.974000+00:00,
2010-06-25 00:00:00+00:00,NGQ0@2010-07-28,2010-07-28 18:30:00+00:00,4.908,2010-06-27 23:23:27.272000+00:00,
2010-06-25 00:00:00+00:00,NGU0@2010-08-27,2010-08-27 18:30:00+00:00,4.943,2010-06-27 22:44:00.611000+00:00,
2010-06-25 00:00:00+00:00,NGV0@2010-09-28,2010-09-28 18:30:00+00:00,5.013,2010-06-27 22:51:45.435000+00:00,
2010-06-25 00:00:00+00:00,NGX0@2010-10-27,2010-10-27 18:30:00+00:00,5.273,2010-06-27 22:00:00.845000+00:00,
2010-06-25 00:00:00+00:00,NGZ0@2010-11-24,2010-11-24 19:30:00+00:00,5.562,2010-06-27 22:00:00.847000+00:00,
2010-06-28 00:00:00+00:00,NGF1@2010-12-28,2010-12-28 19:30:00+00:00,5.609,2010-06-29 00:01:11.879000+00:00,
2010-06-28 00:00:00+00:00,NGG1@2011-01-27,2011-01-27 19:30:00+00:00,5.554,2010-06-29 00:01:11.944000+00:00,
2010-06-28 00:00:00+00:00,NGQ0@2010-07-28,2010-07-28 18:30:00+00:00,4.733,2010-06-29 00:01:11.841000+00:00,
2010-06-28 00:00:00+00:00,NGU0@2010-08-27,2010-08-27 18:30:00+00:00,4.772,2010-06-29 00:01:11.848000+00:00,
2010-06-28 00:00:00+00:00,NGV0@2010-09-28,2010-09-28 18:30:00+00:00,4.85,2010-06-29 00:01:11.856000+00:00,
2010-06-28 00:00:00+00:00,NGX0@2010-10-27,2010-10-27 18:30:00+00:00,5.129,2010-06-29 00:01:11.864000+00:00,
2010-06-28 00:00:00+00:00,NGZ0@2010-11-24,2010-11-24 19:30:00+00:00,5.426,2010-06-29 00:01:11.871000+00:00,
2010-06-29 00:00:00+00:00,NGF1@2010-12-28,2010-12-28 19:30:00+00:00,5.427,2010-06-30 00:01:37.215000+00:00,
2010-06-29 00:00:00+00:00,NGG1@2011-01-27,2011-01-27 19:30:00+00:00,5.384,2010-06-30 00:01:37.277000+00:00,
2010-06-29 00:00:00+00:00,NGQ0@2010-07-28,2010-07-28 18:30:00+00:00,4.548,2010-06-30 00:01:37.159000+00:00,
2010-06-29 00:00:00+00:00,NGU0@2010-08-27,2010-08-27 18:30:00+00:00,4.587,2010-06-30 00:01:37.171000+00:00,
2010-06-29 00:00:00+00:00,NGV0@2010-09-28,2010-09-28 18:30:00+00:00,4.673,2010-06-30 00:01:37.181000+00:00,
2010-06-29 00:00:00+00:00,NGX0@2010-10-27,2010-10-27 18:30:00+00:00,4.944,2010-06-30 00:01:37.192000+00:00,
2010-06-29 00:00:00+00:00,NGZ0@2010-11-24,2010-11-24 19:30:00+00:00,5.239,2010-06-30 00:01:37.202000+00:00,
2010-06-30 00:00:00+00:00,NGF1@2010-12-28,2010-12-28 19:30:00+00:00,5.434,2010-07-01 01:05:07.844000+00:00,
2010-06-30 00:00:00+00:00,NGG1@2011-01-27,2011-01-27 19:30:00+00:00,5.397,2010-07-01 01:05:07.882000+00:00,
2010-06-30 00:00:00+00:00,NGQ0@2010-07-28,2010-07-28 18:30:00+00:00,4.616,2010-07-01 01:05:07.810000+00:00,
2010-06-30 00:00:00+00:00,NGU0@2010-08-27,2010-08-27 18:30:00+00:00,4.652,2010-07-01 01:05:07.816000+00:00,
2010-06-30 00:00:00+00:00,NGV0@2010-09-28,2010-09-28 18:30:00+00:00,4.73,2010-07-01 01:05:07.823000+00:00,
2010-06-30 00:00:00+00:00,NGX0@2010-10-27,2010-10-27 18:30:00+00:00,4.98,2010-07-01 01:05:07.830000+00:00,
2010-06-30 00:00:00+00:00,NGZ0@2010-11-24,2010-11-24 19:30:00+00:00,5.252,2010-07-01 01:05:07.837000+00:00,
2010-07-01 00:00:00+00:00,NGF1@2010-12-28,2010-12-28 19:30:00+00:00,5.565,2010-07-02 00:01:11.706000+00:00,
2010-07-01 00:00:00+00:00,NGG1@2011-01-27,2011-01-27 19:30:00+00:00,5.525,2010-07-02 00:01:11.751000+00:00,
2010-07-01 00:00:00+00:00,NGQ0@2010-07-28,2010-07-28 18:30:00+00:00,4.854,2010-07-02 00:01:11.667000+00:00,
2010-07-01 00:00:00+00:00,NGU0@2010-08-27,2010-08-27 18:30:00+00:00,4.88,2010-07-02 00:01:11.674000+00:00,
2010-07-01 00:00:00+00:00,NGV0@2010-09-28,2010-09-28 18:30:00+00:00,4.939,2010-07-02 00:01:11.682000+00:00,
2010-07-01 00:00:00+00:00,NGX0@2010-10-27,2010-10-27 18:30:00+00:00,5.158,2010-07-02 00:01:11.690000+00:00,
2010-07-01 00:00:00+00:00,NGZ0@2010-11-24,2010-11-24 19:30:00+00:00,5.401,2010-07-02 00:01:11.699000+00:00,
2010-07-02 00:00:00+00:00,NGF1@2010-12-28,2010-12-28 19:30:00+00:00,5.451,2010-07-04 22:06:34.347000+00:00,
2010-07-02 00:00:00+00:00,NGG1@2011-01-27,2011-01-27 19:30:00+00:00,5.421,2010-07-04 22:06:34.348000+00:00,
2010-07-02 00:00:00+00:00,NGQ0@2010-07-28,2010-07-28 18:30:00+00:00,4.687,2010-07-04 23:59:31.721000+00:00,
2010-07-02 00:00:00+00:00,NGU0@2010-08-27,2010-08-27 18:30:00+00:00,4.717,2010-07-04 23:58:19.199000+00:00,
2010-07-02 00:00:00+00:00,NGV0@2010-09-28,2010-09-28 18:30:00+00:00,4.795,2010-07-04 23:59:31.789000+00:00,
2010-07-02 00:00:00+00:00,NGX0@2010-10-27,2010-10-27 18:30:00+00:00,5.04,2010-07-04 22:06:34.338000+00:00,
2010-07-02 00:00:00+00:00,NGZ0@2010-11-24,2010-11-24 19:30:00+00:00,5.291,2010-07-04 22:06:34.347000+00:00,
2010-07-06 00:00:00+00:00,NGF1@2010-12-28,2010-12-28 19:30:00+00:00,5.458,2010-07-07 00:01:42.650000+00:00,
2010-07-06 00:00:00+00:00,NGG1@2011-01-27,2011-01-27 19:30:00+00:00,5.428,2010-07-07 00:01:42.709000+00:00,
2010-07-06 00:00:00+00:00,NGQ0@2010-07-28,2010-07-28 18:30:00+00:00,4.682,2010-07-07 00:01:42.599000+00:00,
2010-07-06 00:00:00+00:00,NGU0@2010-08-27,2010-08-27 18:30:00+00:00,4.702,2010-07-07 00:01:42.611000+00:00,
2010-07-06 00:00:00+00:00,NGV0@2010-09-28,2010-09-28 18:30:00+00:00,4.774,2010-07-07 00:01:42.620000+00:00,
2010-07-06 00:00:00+00:00,NGX0@2010-10-27,2010-10-27 18:30:00+00:00,5.04,2010-07-07 00:01:42.630000+00:00,
2010-07-06 00:00:00+00:00,NGZ0@2010-11-24,2010-11-24 19:30:00+00:00,5.302,2010-07-07 00:01:42.640000+00:00,
2010-07-07 00:00:00+00:00,NGF1@2010-12-28,2010-12-28 19:30:00+00:00,5.419,2010-07-08 00:01:11.560000+00:00,
2010-07-07 00:00:00+00:00,NGG1@2011-01-27,2011-01-27 19:30:00+00:00,5.391,2010-07-08 00:01:11.603000+00:00,
2010-07-07 00:00:00+00:00,NGQ0@2010-07-28,2010-07-28 18:30:00+00:00,4.565,2010-07-08 00:01:11.524000+00:00,
2010-07-07 00:00:00+00:00,NGU0@2010-08-27,2010-08-27 18:30:00+00:00,4.588,2010-07-08 00:01:11.531000+00:00,
2010-07-07 00:00:00+00:00,NGV0@2010-09-28,2010-09-28 18:30:00+00:00,4.667,2010-07-08 00:01:11.539000+00:00,
2010-07-07 00:00:00+00:00,NGX0@2010-10-27,2010-10-27 18:30:00+00:00,4.975,2010-07-08 00:01:11.546000+00:00,
2010-07-07 00:00:00+00:00,NGZ0@2010-11-24,2010-11-24 19:30:00+00:00,5.259,2010-07-08 00:01:11.553000+00:00,
2010-07-08 00:00:00+00:00,NGF1@2010-12-28,2010-12-28 19:30:00+00:00,5.33,2010-07-09 00:01:40.558000+00:00,
2010-07-08 00:00:00+00:00,NGG1@2011-01-27,2011-01-27 19:30:00+00:00,5.305,2010-07-09 00:01:40.615000+00:00,
2010-07-08 00:00:00+00:00,NGQ0@2010-07-28,2010-07-28 18:30:00+00:00,4.399,2010-07-09 00:01:40.509000+00:00,
2010-07-08 00:00:00+00:00,NGU0@2010-08-27,2010-08-27 18:30:00+00:00,4.42,2010-07-09 00:01:40.518000+00:00,
2010-07-08 00:00:00+00:00,NGV0@2010-09-28,2010-09-28 18:30:00+00:00,4.509,2010-07-09 00:01:40.529000+00:00,
2010-07-08 00:00:00+00:00,NGX0@2010-10-27,2010-10-27 18:30:00+00:00,4.844,2010-07-09 00:01:40.538000+00:00,
2010-07-08 00:00:00+00:00,NGZ0@2010-11-24,2010-11-24 19:30:00+00:00,5.163,2010-07-09 00:01:40.547000+00:00,
2010-07-09 00:00:00+00:00,NGF1@2010-12-28,2010-12-28 19:30:00+00:00,5.352,2010-07-11 23:01:52.281000+00:00,
2010-07-09 00:00:00+00:00,NGG1@2011-01-27,2011-01-27 19:30:00+00:00,5.328,2010-07-11 18:01:24.713000+00:00,
2010-07-09 00:00:00+00:00,NGQ0@2010-07-28,2010-07-28 18:30:00+00:00,4.402,2010-07-11 23:22:11.690000+00:00,
2010-07-09 00:00:00+00:00,NGU0@2010-08-27,2010-08-27 18:30:00+00:00,4.418,2010-07-11 23:33:33.461000+00:00,
2010-07-09 00:00:00+00:00,NGV0@2010-09-28,2010-09-28 18:30:00+00:00,4.498,2010-07-11 23:15:35.823000+00:00,
2010-07-09 00:00:00+00:00,NGX0@2010-10-27,2010-10-27 18:30:00+00:00,4.844,2010-07-11 18:01:24.653000+00:00,
2010-07-09 00:00:00+00:00,NGZ0@2010-11-24,2010-11-24 19:30:00+00:00,5.181,2010-07-11 23:22:01.890000+00:00,
2010-07-12 00:00:00+00:00,NGF1@2010-12-28,2010-12-28 19:30:00+00:00,5.334,2010-07-13 00:34:44.318000+00:00,
2010-07-12 00:00:00+00:00,NGG1@2011-01-27,2011-01-27 19:30:00+00:00,5.307,2010-07-13 00:34:44.362000+00:00,
2010-07-12 00:00:00+00:00,NGQ0@2010-07-28,2010-07-28 18:30:00+00:00,4.388,2010-07-13 00:34:44.276000+00:00,
2010-07-12 00:00:00+00:00,NGU0@2010-08-27,2010-08-27 18:30:00+00:00,4.401,2010-07-13 00:34:44.283000+00:00,
2010-07-12 00:00:00+00:00,NGV0@2010-09-28,2010-09-28 18:30:00+00:00,4.479,2010-07-13 00:34:44.291000+00:00,
2010-07-12 00:00:00+00:00,NGX0@2010-10-27,2010-10-27 18:30:00+00:00,4.818,2010-07-13 00:34:44.300000+00:00,
2010-07-12 00:00:00+00:00,NGZ0@2010-11-24,2010-11-24 19:30:00+00:00,5.157,2010-07-13 00:34:44.308000+00:00,
2010-07-13 00:00:00+00:00,NGF1@2010-12-28,2010-12-28 19:30:00+00:00,5.246,2010-07-14 00:01:39.879000+00:00,
2010-07-13 00:00:00+00:00,NGG1@2011-01-27,2011-01-27 19:30:00+00:00,5.221,2010-07-14 00:01:39.942000+00:00,
2010-07-13 00:00:00+00:00,NGQ0@2010-07-28,2010-07-28 18:30:00+00:00,4.354,2010-07-14 00:01:39.825000+00:00,
2010-07-13 00:00:00+00:00,NGU0@2010-08-27,2010-08-27 18:30:00+00:00,4.364,2010-07-14 00:01:39.837000+00:00,
2010-07-13 00:00:00+00:00,NGV0@2010-09-28,2010-09-28 18:30:00+00:00,4.429,2010-07-14 00:01:39.848000+00:00,
2010-07-13 00:00:00+00:00,NGX0@2010-10-27,2010-10-27 18:30:00+00:00,4.726,2010-07-14 00:01:39.859000+00:00,
2010-07-13 00:00:00+00:00,NGZ0@2010-11-24,2010-11-24 19:30:00+00:00,5.059,2010-07-14 00:01:39.869000+00:00,
2010-07-14 00:00:00+00:00,NGF1@2010-12-28,2010-12-28 19:30:00+00:00,5.193,2010-07-15 00:01:40.548000+00:00,
2010-07-14 00:00:00+00:00,NGG1@2011-01-27,2011-01-27 19:30:00+00:00,5.17,2010-07-15 00:01:40.610000+00:00,
2010-07-14 00:00:00+00:00,NGQ0@2010-07-28,2010-07-28 18:30:00+00:00,4.306,2010-07-15 00:01:40.495000+00:00,
2010-07-14 00:00:00+00:00,NGU0@2010-08-27,2010-08-27 18:30:00+00:00,4.319,2010-07-15 00:01:40.507000+00:00,
2010-07-14 00:00:00+00:00,NGV0@2010-09-28,2010-09-28 18:30:00+00:00,4.388,2010-07-15 00:01:40.517000+00:00,
2010-07-14 00:00:00+00:00,NGX0@2010-10-27,2010-10-27 18:30:00+00:00,4.684,2010-07-15 00:01:40.528000+00:00,
2010-07-14 00:00:00+00:00,NGZ0@2010-11-24,2010-11-24 19:30:00+00:00,5.006,2010-07-15 00:01:40.538000+00:00,
2010-07-15 00:00:00+00:00,NGF1@2010-12-28,2010-12-28 19:30:00+00:00,5.322,2010-07-16 00:01:38.887000+00:00,
2010-07-15 00:00:00+00:00,NGG1@2011-01-27,2011-01-27 19:30:00+00:00,5.294,2010-07-16 00:01:38.949000+00:00,
2010-07-15 00:00:00+00:00,NGQ0@2010-07-28,2010-07-28 18:30:00+00:00,4.586,2010-07-16 00:01:38.832000+00:00,
2010-07-15 00:00:00+00:00,NGU0@2010-08-27,2010-08-27 18:30:00+00:00,4.592,2010-07-16 00:01:38.843000+00:00,
2010-07-15 00:00:00+00:00,NGV0@2010-09-28,2010-09-28 18:30:00+00:00,4.65,2010-07-16 00:01:38.854000+00:00,
2010-07-15 00:00:00+00:00,NGX0@2010-10-27,2010-10-27 18:30:00+00:00,4.893,2010-07-16 00:01:38.865000+00:00,
2010-07-15 00:00:00+00:00,NGZ0@2010-11-24,2010-11-24 19:30:00+00:00,5.141,2010-07-16 00:01:38.876000+00:00,
2010-07-16 00:00:00+00:00,NGF1@2010-12-28,2010-12-28 19:30:00+00:00,5.268,2010-07-18 18:01:42.026000+00:00,
2010-07-16 00:00:00+00:00,NGG1@2011-01-27,2011-01-27 19:30:00+00:00,5.241,2010-07-18 18:01:42.080000+00:00,
2010-07-16 00:00:00+00:00,NGQ0@2010-07-28,2010-07-28 18:30:00+00:00,4.519,2010-07-18 22:12:50.165000+00:00,
2010-07-16 00:00:00+00:00,NGU0@2010-08-27,2010-08-27 18:30:00+00:00,4.518,2010-07-18 22:12:50.403000+00:00,
2010-07-16 00:00:00+00:00,NGV0@2010-09-28,2010-09-28 18:30:00+00:00,4.575,2010-07-18 22:50:36.399000+00:00,
2010-07-16 00:00:00+00:00,NGX0@2010-10-27,2010-10-27 18:30:00+00:00,4.83,2010-07-18 18:01:42.007000+00:00,
2010-07-16 00:00:00+00:00,NGZ0@2010-11-24,2010-11-24 19:30:00+00:00,5.09,2010-07-18 18:01:42.016000+00:00,
2010-07-19 00:00:00+00:00,NGF1@2010-12-28,2010-12-28 19:30:00+00:00,5.241,2010-07-20 00:01:06.256000+00:00,
2010-07-19 00:00:00+00:00,NGG1@2011-01-27,2011-01-27 19:30:00+00:00,5.215,2010-07-20 00:01:06.298000+00:00,
2010-07-19 00:00:00+00:00,NGQ0@2010-07-28,2010-07-28 18:30:00+00:00,4.51,2010-07-20 00:01:06.218000+00:00,
2010-07-19 00:00:00+00:00,NGU0@2010-08-27,2010-08-27 18:30:00+00:00,4.509,2010-07-20 00:01:06.225000+00:00,
2010-07-19 00:00:00+00:00,NGV0@2010-09-28,2010-09-28 18:30:00+00:00,4.556,2010-07-20 00:01:06.237000+00:00,
2010-07-19 00:00:00+00:00,NGX0@2010-10-27,2010-10-27 18:30:00+00:00,4.803,2010-07-20 00:01:06.241000+00:00,
2010-07-19 00:00:00+00:00,NGZ0@2010-11-24,2010-11-24 19:30:00+00:00,5.068,2010-07-20 00:01:06.248000+00:00,
2010-07-20 00:00:00+00:00,NGF1@2010-12-28,2010-12-28 19:30:00+00:00,5.279,2010-07-21 00:36:54.713000+00:00,
2010-07-20 00:00:00+00:00,NGG1@2011-01-27,2011-01-27 19:30:00+00:00,5.251,2010-07-21 00:36:54.751000+00:00,
2010-07-20 00:00:00+00:00,NGQ0@2010-07-28,2010-07-28 18:30:00+00:00,4.59,2010-07-21 00:36:54.683000+00:00,
2010-07-20 00:00:00+00:00,NGU0@2010-08-27,2010-08-27 18:30:00+00:00,4.576,2010-07-21 00:36:54.689000+00:00,
2010-07-20 00:00:00+00:00,NGV0@2010-09-28,2010-09-28 18:30:00+00:00,4.619,2010-07-21 00:36:54.695000+00:00,
2010-07-20 00:00:00+00:00,NGX0@2010-10-27,2010-10-27 18:30:00+00:00,4.852,2010-07-21 00:36:54.701000+00:00,
2010-07-20 00:00:00+00:00,NGZ0@2010-11-24,2010-11-24 19:30:00+00:00,5.109,2010-07-21 00:36:54.707000+00:00,
2010-07-21 00:00:00+00:00,NGF1@2010-12-28,2010-12-28 19:30:00+00:00,5.265,2010-07-22 00:01:27.079000+00:00,
2010-07-21 00:00:00+00:00,NGG1@2011-01-27,2011-01-27 19:30:00+00:00,5.237,2010-07-22 00:01:27.137000+00:00,
2010-07-21 00:00:00+00:00,NGQ0@2010-07-28,2010-07-28 18:30:00+00:00,4.513,2010-07-22 00:01:27.028000+00:00,
2010-07-21 00:00:00+00:00,NGU0@2010-08-27,2010-08-27 18:30:00+00:00,4.5,2010-07-22 00:01:27.040000+00:00,
2010-07-21 00:00:00+00:00,NGV0@2010-09-28,2010-09-28 18:30:00+00:00,4.549,2010-07-22 00:01:27.049000+00:00,
2010-07-21 00:00:00+00:00,NGX0@2010-10-27,2010-10-27 18:30:00+00:00,4.803,2010-07-22 00:01:27.058000+00:00,
2010-07-21 00:00:00+00:00,NGZ0@2010-11-24,2010-11-24 19:30:00+00:00,5.093,2010-07-22 00:01:27.069000+00:00,
2010-07-22 00:00:00+00:00,NGF1@2010-12-28,2010-12-28 19:30:00+00:00,5.337,2010-07-23 00:01:10.830000+00:00,
2010-07-22 00:00:00+00:00,NGG1@2011-01-27,2011-01-27 19:30:00+00:00,5.306,2010-07-23 00:01:10.875000+00:00,
2010-07-22 00:00:00+00:00,NGQ0@2010-07-28,2010-07-28 18:30:00+00:00,4.643,2010-07-23 00:01:10.792000+00:00,
2010-07-22 00:00:00+00:00,NGU0@2010-08-27,2010-08-27 18:30:00+00:00,4.632,2010-07-23 00:01:10.801000+00:00,
2010-07-22 00:00:00+00:00,NGV0@2010-09-28,2010-09-28 18:30:00+00:00,4.672,2010-07-23 00:01:10.808000+00:00,
2010-07-22 00:00:00+00:00,NGX0@2010-10-27,2010-10-27 18:30:00+00:00,4.905,2010-07-23 00:01:10.816000+00:00,
2010-07-22 00:00:00+00:00,NGZ0@2010-11-24,2010-11-24 19:30:00+00:00,5.172,2010-07-23 00:01:10.823000+00:00,
2010-07-23 00:00:00+00:00,NGF1@2010-12-28,2010-12-28 19:30:00+00:00,5.292,2010-07-25 18:01:46.857000+00:00,
2010-07-23 00:00:00+00:00,NGG1@2011-01-27,2011-01-27 19:30:00+00:00,5.268,2010-07-25 18:01:46.909000+00:00,
2010-07-23 00:00:00+00:00,NGQ0@2010-07-28,2010-07-28 18:30:00+00:00,4.58,2010-07-25 22:00:41.907000+00:00,
2010-07-23 00:00:00+00:00,NGU0@2010-08-27,2010-08-27 18:30:00+00:00,4.563,2010-07-25 22:00:41.907000+00:00,
2010-07-23 00:00:00+00:00,NGV0@2010-09-28,2010-09-28 18:30:00+00:00,4.6,2010-07-25 22:00:21.342000+00:00,
2010-07-23 00:00:00+00:00,NGX0@2010-10-27,2010-10-27 18:30:00+00:00,4.84,2010-07-25 18:01:46.846000+00:00,
2010-07-23 00:00:00+00:00,NGZ0@2010-11-24,2010-11-24 19:30:00+00:00,5.127,2010-07-25 18:01:46.848000+00:00,
2010-07-26 00:00:00+00:00,NGF1@2010-12-28,2010-12-28 19:30:00+00:00,5.277,2010-07-27 00:01:10.685000+00:00,
2010-07-26 00:00:00+00:00,NGG1@2011-01-27,2011-01-27 19:30:00+00:00,5.252,2010-07-27 00:01:10.730000+00:00,
2010-07-26 00:00:00+00:00,NGQ0@2010-07-28,2010-07-28 18:30:00+00:00,4.612,2010-07-27 00:01:10.644000+00:00,
2010-07-26 00:00:00+00:00,NGU0@2010-08-27,2010-08-27 18:30:00+00:00,4.583,2010-07-27 00:01:10.654000+00:00,
2010-07-26 00:00:00+00:00,NGV0@2010-09-28,2010-09-28 18:30:00+00:00,4.62,2010-07-27 00:01:10.662000+00:00,
2010-07-26 00:00:00+00:00,NGX0@2010-10-27,2010-10-27 18:30:00+00:00,4.853,2010-07-27 00:01:10.670000+00:00,
2010-07-26 00:00:00+00:00,NGZ0@2010-11-24,2010-11-24 19:30:00+00:00,5.114,2010-07-27 00:01:10.678000+00:00,
2010-07-27 00:00:00+00:00,NGF1@2010-12-28,2010-12-28 19:30:00+00:00,5.29,2010-07-28 00:01:10.573000+00:00,
2010-07-27 00:00:00+00:00,NGG1@2011-01-27,2011-01-27 19:30:00+00:00,5.263,2010-07-28 00:01:10.617000+00:00,
2010-07-27 00:00:00+00:00,NGQ0@2010-07-28,2010-07-28 18:30:00+00:00,4.675,2010-07-28 00:01:10.532000+00:00,
2010-07-27 00:00:00+00:00,NGU0@2010-08-27,2010-08-27 18:30:00+00:00,4.646,2010-07-28 00:01:10.542000+00:00,
2010-07-27 00:00:00+00:00,NGV0@2010-09-28,2010-09-28 18:30:00+00:00,4.679,2010-07-28 00:01:10.550000+00:00,
2010-07-27 00:00:00+00:00,NGX0@2010-10-27,2010-10-27 18:30:00+00:00,4.895,2010-07-28 00:01:10.559000+00:00,
2010-07-27 00:00:00+00:00,NGZ0@2010-11-24,2010-11-24 19:30:00+00:00,5.136,2010-07-28 00:01:10.565000+00:00,
2010-07-28 00:00:00+00:00,NGF1@2010-12-28,2010-12-28 19:30:00+00:00,5.282,2010-07-29 00:00:54.413000+00:00,
2010-07-28 00:00:00+00:00,NGG1@2011-01-27,2011-01-27 19:30:00+00:00,5.253,2010-07-29 00:00:54.449000+00:00,
2010-07-28 00:00:00+00:00,NGU0@2010-08-27,2010-08-27 18:30:00+00:00,4.718,2010-07-29 00:00:54.389000+00:00,
2010-07-28 00:00:00+00:00,NGV0@2010-09-28,2010-09-28 18:30:00+00:00,4.743,2010-07-29 00:00:54.395000+00:00,
2010-07-28 00:00:00+00:00,NGX0@2010-10-27,2010-10-27 18:30:00+00:00,4.917,2010-07-29 00:00:54.402000+00:00,
2010-07-28 00:00:00+00:00,NGZ0@2010-11-24,2010-11-24 19:30:00+00:00,5.134,2010-07-29 00:00:54.407000+00:00,
2010-07-29 00:00:00+00:00,NGF1@2010-12-28,2010-12-28 19:30:00+00:00,5.335,2010-07-30 00:09:18.795000+00:00,
2010-07-29 00:00:00+00:00,NGG1@2011-01-27,2011-01-27 19:30:00+00:00,5.303,2010-07-30 00:09:18.856000+00:00,
2010-07-29 00:00:00+00:00,NGU0@2010-08-27,2010-08-27 18:30:00+00:00,4.827,2010-07-30 00:09:18.751000+00:00,
2010-07-29 00:00:00+00:00,NGV0@2010-09-28,2010-09-28 18:30:00+00:00,4.848,2010-07-30 00:09:18.762000+00:00,
2010-07-29 00:00:00+00:00,NGX0@2010-10-27,2010-10-27 18:30:00+00:00,5.009,2010-07-30 00:09:18.773000+00:00,
2010-07-29 00:00:00+00:00,NGZ0@2010-11-24,2010-11-24 19:30:00+00:00,5.205,2010-07-30 00:09:18.784000+00:00,
2010-07-30 00:00:00+00:00,NGF1@2010-12-28,2010-12-28 19:30:00+00:00,5.39,2010-08-01 22:34:05.195000+00:00,
2010-07-30 00:00:00+00:00,NGG1@2011-01-27,2011-01-27 19:30:00+00:00,5.356,2010-08-01 22:43:31.558000+00:00,
2010-07-30 00:00:00+00:00,NGU0@2010-08-27,2010-08-27 18:30:00+00:00,4.923,2010-08-01 22:04:02.937000+00:00,
2010-07-30 00:00:00+00:00,NGV0@2010-09-28,2010-09-28 18:30:00+00:00,4.933,2010-08-01 23:45:34.368000+00:00,
2010-07-30 00:00:00+00:00,NGX0@2010-10-27,2010-10-27 18:30:00+00:00,5.072,2010-08-01 22:16:32.252000+00:00,
2010-07-30 00:00:00+00:00,NGZ0@2010-11-24,2010-11-24 19:30:00+00:00,5.259,2010-08-01 22:41:45.153000+00:00,
2010-08-02 00:00:00+00:00,NGF1@2010-12-28,2010-12-28 19:30:00+00:00,5.282,2010-08-03 00:01:07.046000+00:00,
2010-08-02 00:00:00+00:00,NGG1@2011-01-27,2011-01-27 19:30:00+00:00,5.253,2010-08-03 00:01:07.096000+00:00,
2010-08-02 00:00:00+00:00,NGU0@2010-08-27,2010-08-27 18:30:00+00:00,4.701,2010-08-03 00:01:07.018000+00:00,
2010-08-02 00:00:00+00:00,NGV0@2010-09-28,2010-09-28 18:30:00+00:00,4.723,2010-08-03 00:01:07.023000+00:00,
2010-08-02 00:00:00+00:00,NGX0@2010-10-27,2010-10-27 18:30:00+00:00,4.908,2010-08-03 00:01:07.030000+00:00,
2010-08-02 00:00:00+00:00,NGZ0@2010-11-24,2010-11-24 19:30:00+00:00,5.145,2010-08-03 00:01:07.039000+00:00,
2010-08-03 00:00:00+00:00,NGF1@2010-12-28,2010-12-28 19:30:00+00:00,5.245,2010-08-04 00:01:09.666000+00:00,
2010-08-03 00:00:00+00:00,NGG1@2011-01-27,2011-01-27 19:30:00+00:00,5.217,2010-08-04 00:01:09.710000+00:00,
2010-08-03 00:00:00+00:00,NGU0@2010-08-27,2010-08-27 18:30:00+00:00,4.639,2010-08-04 00:01:09.637000+00:00,
2010-08-03 00:00:00+00:00,NGV0@2010-09-28,2010-09-28 18:30:00+00:00,4.668,2010-08-04 00:01:09.643000+00:00,
2010-08-03 00:00:00+00:00,NGX0@2010-10-27,2010-10-27 18:30:00+00:00,4.851,2010-08-04 00:01:09.651000+00:00,
2010-08-03 00:00:00+00:00,NGZ0@2010-11-24,2010-11-24 19:30:00+00:00,5.107,2010-08-04 00:01:09.658000+00:00,
2010-08-04 00:00:00+00:00,NGF1@2010-12-28,2010-12-28 19:30:00+00:00,5.285,2010-08-05 00:01:09.897000+00:00,
2010-08-04 00:00:00+00:00,NGG1@2011-01-27,2011-01-27 19:30:00+00:00,5.252,2010-08-05 00:01:09.942000+00:00,
2010-08-04 00:00:00+00:00,NGU0@2010-08-27,2010-08-27 18:30:00+00:00,4.737,2010-08-05 00:01:09.869000+00:00,
2010-08-04 00:00:00+00:00,NGV0@2010-09-28,2010-09-28 18:30:00+00:00,4.756,2010-08-05 00:01:09.873000+00:00,
2010-08-04 00:00:00+00:00,NGX0@2010-10-27,2010-10-27 18:30:00+00:00,4.909,2010-08-05 00:01:09.881000+00:00,
2010-08-04 00:00:00+00:00,NGZ0@2010-11-24,2010-11-24 19:30:00+00:00,5.149,2010-08-05 00:01:09.889000+00:00,
2010-08-05 00:00:00+00:00,NGF1@2010-12-28,2010-12-28 19:30:00+00:00,5.184,2010-08-06 00:12:16.171000+00:00,
2010-08-05 00:00:00+00:00,NGG1@2011-01-27,2011-01-27 19:30:00+00:00,5.155,2010-08-06 00:12:16.215000+00:00,
2010-08-05 00:00:00+00:00,NGU0@2010-08-27,2010-08-27 18:30:00+00:00,4.598,2010-08-06 00:12:16.142000+00:00,
2010-08-05 00:00:00+00:00,NGV0@2010-09-28,2010-09-28 18:30:00+00:00,4.622,2010-08-06 00:12:16.149000+00:00,
2010-08-05 00:00:00+00:00,NGX0@2010-10-27,2010-10-27 18:30:00+00:00,4.795,2010-08-06 00:12:16.157000+00:00,
2010-08-05 00:00:00+00:00,NGZ0@2010-11-24,2010-11-24 19:30:00+00:00,5.047,2010-08-06 00:12:16.164000+00:00,
2010-08-06 00:00:00+00:00,NGF1@2010-12-28,2010-12-28 19:30:00+00:00,5.139,2010-08-08 23:59:15.431000+00:00,
2010-08-06 00:00:00+00:00,NGG1@2011-01-27,2011-01-27 19:30:00+00:00,5.112,2010-08-08 18:02:00.209000+00:00,
2010-08-06 00:00:00+00:00,NGU0@2010-08-27,2010-08-27 18:30:00+00:00,4.467,2010-08-08 22:00:17.738000+00:00,
2010-08-06 00:00:00+00:00,NGV0@2010-09-28,2010-09-28 18:30:00+00:00,4.494,2010-08-08 22:34:48.386000+00:00,
2010-08-06 00:00:00+00:00,NGX0@2010-10-27,2010-10-27 18:30:00+00:00,4.727,2010-08-08 18:02:00.134000+00:00,
2010-08-06 00:00:00+00:00,NGZ0@2010-11-24,2010-11-24 19:30:00+00:00,5.001,2010-08-08 23:59:15.431000+00:00,
2010-08-09 00:00:00+00:00,NGF1@2010-12-28,2010-12-28 19:30:00+00:00,5.028,2010-08-10 00:13:23.891000+00:00,
2010-08-09 00:00:00+00:00,NGG1@2011-01-27,2011-01-27 19:30:00+00:00,5.013,2010-08-10 00:13:23.934000+00:00,
2010-08-09 00:00:00+00:00,NGU0@2010-08-27,2010-08-27 18:30:00+00:00,4.309,2010-08-10 00:13:23.861000+00:00,
2010-08-09 00:00:00+00:00,NGV0@2010-09-28,2010-09-28 18:30:00+00:00,4.332,2010-08-10 00:13:23.868000+00:00,
2010-08-09 00:00:00+00:00,NGX0@2010-10-27,2010-10-27 18:30:00+00:00,4.596,2010-08-10 00:13:23.876000+00:00,
2010-08-09 00:00:00+00:00,NGZ0@2010-11-24,2010-11-24 19:30:00+00:00,4.889,2010-08-10 00:13:23.883000+00:00,
2010-08-10 00:00:00+00:00,NGF1@2010-12-28,2010-12-28 19:30:00+00:00,4.949,2010-08-11 00:01:13.527000+00:00,
2010-08-10 00:00:00+00:00,NGG1@2011-01-27,2011-01-27 19:30:00+00:00,4.933,2010-08-11 00:01:13.589000+00:00,
2010-08-10 00:00:00+00:00,NGU0@2010-08-27,2010-08-27 18:30:00+00:00,4.297,2010-08-11 00:01:13.482000+00:00,
2010-08-10 00:00:00+00:00,NGV0@2010-09-28,2010-09-28 18:30:00+00:00,4.304,2010-08-11 00:01:13.493000+00:00,
2010-08-10 00:00:00+00:00,NGX0@2010-10-27,2010-10-27 18:30:00+00:00,4.555,2010-08-11 00:01:13.504000+00:00,
2010-08-10 00:00:00+00:00,NGZ0@2010-11-24,2010-11-24 19:30:00+00:00,4.817,2010-08-11 00:01:13.515000+00:00,
2010-08-11 00:00:00+00:00,NGF1@2010-12-28,2010-12-28 19:30:00+00:00,4.906,2010-08-12 00:01:11.240000+00:00,
2010-08-11 00:00:00+00:00,NGG1@2011-01-27,2011-01-27 19:30:00+00:00,4.889,2010-08-12 00:01:11.284000+00:00,
2010-08-11 00:00:00+00:00,NGU0@2010-08-27,2010-08-27 18:30:00+00:00,4.326,2010-08-12 00:01:11.208000+00:00,
2010-08-11 00:00:00+00:00,NGV0@2010-09-28,2010-09-28 18:30:00+00:00,4.331,2010-08-12 00:01:11.216000+00:00,
2010-08-11 00:00:00+00:00,NGX0@2010-10-27,2010-10-27 18:30:00+00:00,4.546,2010-08-12 00:01:11.224000+00:00,
2010-08-11 00:00:00+00:00,NGZ0@2010-11-24,2010-11-24 19:30:00+00:00,4.777,2010-08-12 00:01:11.233000+00:00,
2010-08-12 00:00:00+00:00,NGF1@2010-12-28,2010-12-28 19:30:00+00:00,4.973,2010-08-13 00:01:31.527000+00:00,
2010-08-12 00:00:00+00:00,NGG1@2011-01-27,2011-01-27 19:30:00+00:00,4.957,2010-08-13 00:01:31.584000+00:00,
2010-08-12 00:00:00+00:00,NGU0@2010-08-27,2010-08-27 18:30:00+00:00,4.296,2010-08-13 00:01:31.487000+00:00,
2010-08-12 00:00:00+00:00,NGV0@2010-09-28,2010-09-28 18:30:00+00:00,4.315,2010-08-13 00:01:31.497000+00:00,
2010-08-12 00:00:00+00:00,NGX0@2010-10-27,2010-10-27 18:30:00+00:00,4.573,2010-08-13 00:01:31.507000+00:00,
2010-08-12 00:00:00+00:00,NGZ0@2010-11-24,2010-11-24 19:30:00+00:00,4.848,2010-08-13 00:01:31.517000+00:00,
2010-08-13 00:00:00+00:00,NGF1@2010-12-28,2010-12-28 19:30:00+00:00,5.002,2010-08-15 18:02:01.635000+00:00,
2010-08-13 00:00:00+00:00,NGG1@2011-01-27,2011-01-27 19:30:00+00:00,4.986,2010-08-15 22:36:43.302000+00:00,
2010-08-13 00:00:00+00:00,NGU0@2010-08-27,2010-08-27 18:30:00+00:00,4.328,2010-08-15 22:26:27.517000+00:00,
2010-08-13 00:00:00+00:00,NGV0@2010-09-28,2010-09-28 18:30:00+00:00,4.35,2010-08-15 23:52:25.548000+00:00,
2010-08-13 00:00:00+00:00,NGX0@2010-10-27,2010-10-27 18:30:00+00:00,4.585,2010-08-15 22:16:22.978000+00:00,
2010-08-13 00:00:00+00:00,NGZ0@2010-11-24,2010-11-24 19:30:00+00:00,4.869,2010-08-15 23:52:25.548000+00:00,
2010-08-16 00:00:00+00:00,NGF1@2010-12-28,2010-12-28 19:30:00+00:00,4.865,2010-08-17 00:01:25.415000+00:00,
2010-08-16 00:00:00+00:00,NGG1@2011-01-27,2011-01-27 19:30:00+00:00,4.85,2010-08-17 00:01:25.470000+00:00,
2010-08-16 00:00:00+00:00,NGU0@2010-08-27,2010-08-27 18:30:00+00:00,4.228,2010-08-17 00:01:25.376000+00:00,
2010-08-16 00:00:00+00:00,NGV0@2010-09-28,2010-09-28 18:30:00+00:00,4.249,2010-08-17 00:01:25.386000+00:00,
2010-08-16 00:00:00+00:00,NGX0@2010-10-27,2010-10-27 18:30:00+00:00,4.456,2010-08-17 00:01:25.395000+00:00,
2010-08-16 00:00:00+00:00,NGZ0@2010-11-24,2010-11-24 19:30:00+00:00,4.725,2010-08-17 00:01:25.405000+00:00,
2010-08-17 00:00:00+00:00,NGF1@2010-12-28,2010-12-28 19:30:00+00:00,4.869,2010-08-18 00:01:38.580000+00:00,
2010-08-17 00:00:00+00:00,NGG1@2011-01-27,2011-01-27 19:30:00+00:00,4.855,2010-08-18 00:01:38.646000+00:00,
2010-08-17 00:00:00+00:00,NGU0@2010-08-27,2010-08-27 18:30:00+00:00,4.267,2010-08-18 00:01:38.536000+00:00,
2010-08-17 00:00:00+00:00,NGV0@2010-09-28,2010-09-28 18:30:00+00:00,4.283,2010-08-18 00:01:38.547000+00:00,
2010-08-17 00:00:00+00:00,NGX0@2010-10-27,2010-10-27 18:30:00+00:00,4.473,2010-08-18 00:01:38.558000+00:00,
2010-08-17 00:00:00+00:00,NGZ0@2010-11-24,2010-11-24 19:30:00+00:00,4.732,2010-08-18 00:01:38.569000+00:00,
2010-08-18 00:00:00+00:00,NGF1@2010-12-28,2010-12-28 19:30:00+00:00,4.872,2010-08-19 00:01:09.564000+00:00,
2010-08-18 00:00:00+00:00,NGG1@2011-01-27,2011-01-27 19:30:00+00:00,4.855,2010-08-19 00:01:09.608000+00:00,
2010-08-18 00:00:00+00:00,NGU0@2010-08-27,2010-08-27 18:30:00+00:00,4.239,2010-08-19 00:01:09.531000+00:00,
2010-08-18 00:00:00+00:00,NGV0@2010-09-28,2010-09-28 18:30:00+00:00,4.266,2010-08-19 00:01:09.540000+00:00,
2010-08-18 00:00:00+00:00,NGX0@2010-10-27,2010-10-27 18:30:00+00:00,4.473,2010-08-19 00:01:09.547000+00:00,
2010-08-18 00:00:00+00:00,NGZ0@2010-11-24,2010-11-24 19:30:00+00:00,4.734,2010-08-19 00:01:09.556000+00:00,
2010-08-19 00:00:00+00:00,NGF1@2010-12-28,2010-12-28 19:30:00+00:00,4.81,2010-08-20 00:01:20.396000+00:00,
2010-08-19 00:00:00+00:00,NGG1@2011-01-27,2011-01-27 19:30:00+00:00,4.793,2010-08-20 00:01:20.446000+00:00,
2010-08-19 00:00:00+00:00,NGU0@2010-08-27,2010-08-27 18:30:00+00:00,4.171,2010-08-20 00:01:20.360000+00:00,
2010-08-19 00:00:00+00:00,NGV0@2010-09-28,2010-09-28 18:30:00+00:00,4.205,2010-08-20 00:01:20.370000+00:00,
2010-08-19 00:00:00+00:00,NGX0@2010-10-27,2010-10-27 18:30:00+00:00,4.402,2010-08-20 00:01:20.379000+00:00,
2010-08-19 00:00:00+00:00,NGZ0@2010-11-24,2010-11-24 19:30:00+00:00,4.663,2010-08-20 00:01:20.387000+00:00,
2010-08-20 00:00:00+00:00,NGF1@2010-12-28,2010-12-28 19:30:00+00:00,4.752,2010-08-22 22:10:49.582000+00:00,
2010-08-20 00:00:00+00:00,NGG1@2011-01-27,2011-01-27 19:30:00+00:00,4.736,2010-08-22 22:10:49.582000+00:00,
2010-08-20 00:00:00+00:00,NGU0@2010-08-27,2010-08-27 18:30:00+00:00,4.117,2010-08-22 22:15:16.534000+00:00,
2010-08-20 00:00:00+00:00,NGV0@2010-09-28,2010-09-28 18:30:00+00:00,4.137,2010-08-22 22:14:42.304000+00:00,
2010-08-20 00:00:00+00:00,NGX0@2010-10-27,2010-10-27 18:30:00+00:00,4.342,2010-08-22 22:12:55.973000+00:00,
2010-08-20 00:00:00+00:00,NGZ0@2010-11-24,2010-11-24 19:30:00+00:00,4.606,2010-08-22 23:02:55.734000+00:00,
2010-08-23 00:00:00+00:00,NGF1@2010-12-28,2010-12-28 19:30:00+00:00,4.684,2010-08-24 00:01:39.233000+00:00,
2010-08-23 00:00:00+00:00,NGG1@2011-01-27,2011-01-27 19:30:00+00:00,4.673,2010-08-24 00:01:39.284000+00:00,
2010-08-23 00:00:00+00:00,NGU0@2010-08-27,2010-08-27 18:30:00+00:00,4.066,2010-08-24 00:01:39.196000+00:00,
2010-08-23 00:00:00+00:00,NGV0@2010-09-28,2010-09-28 18:30:00+00:00,4.084,2010-08-24 00:01:39.206000+00:00,
2010-08-23 00:00:00+00:00,NGX0@2010-10-27,2010-10-27 18:30:00+00:00,4.279,2010-08-24 00:01:39.215000+00:00,
2010-08-23 00:00:00+00:00,NGZ0@2010-11-24,2010-11-24 19:30:00+00:00,4.539,2010-08-24 00:01:39.224000+00:00,
2010-08-24 00:00:00+00:00,NGF1@2010-12-28,2010-12-28 19:30:00+00:00,4.636,2010-08-25 00:01:07.867000+00:00,
2010-08-24 00:00:00+00:00,NGG1@2011-01-27,2011-01-27 19:30:00+00:00,4.624,2010-08-25 00:01:07.904000+00:00,
2010-08-24 00:00:00+00:00,NGU0@2010-08-27,2010-08-27 18:30:00+00:00,4.039,2010-08-25 00:01:07.840000+00:00,
2010-08-24 00:00:00+00:00,NGV0@2010-09-28,2010-09-28 18:30:00+00:00,4.059,2010-08-25 00:01:07.849000+00:00,
2010-08-24 00:00:00+00:00,NGX0@2010-10-27,2010-10-27 18:30:00+00:00,4.249,2010-08-25 00:01:07.855000+00:00,
2010-08-24 00:00:00+00:00,NGZ0@2010-11-24,2010-11-24 19:30:00+00:00,4.492,2010-08-25 00:01:07.861000+00:00,
2010-08-25 00:00:00+00:00,NGF1@2010-12-28,2010-12-28 19:30:00+00:00,4.567,2010-08-26 00:16:11.630000+00:00,
2010-08-25 00:00:00+00:00,NGG1@2011-01-27,2011-01-27 19:30:00+00:00,4.557,2010-08-26 00:16:11.666000+00:00,
2010-08-25 00:00:00+00:00,NGU0@2010-08-27,2010-08-27 18:30:00+00:00,3.871,2010-08-26 00:16:11.603000+00:00,
2010-08-25 00:00:00+00:00,NGV0@2010-09-28,2010-09-28 18:30:00+00:00,3.896,2010-08-26 00:16:11.611000+00:00,
2010-08-25 00:00:00+00:00,NGX0@2010-10-27,2010-10-27 18:30:00+00:00,4.132,2010-08-26 00:16:11.618000+00:00,
2010-08-25 00:00:00+00:00,NGZ0@2010-11-24,2010-11-24 19:30:00+00:00,4.411,2010-08-26 00:16:11.624000+00:00,
2010-08-26 00:00:00+00:00,NGF1@2010-12-28,2010-12-28 19:30:00+00:00,4.569,2010-08-27 00:05:47.317000+00:00,
2010-08-26 00:00:00+00:00,NGG1@2011-01-27,2011-01-27 19:30:00+00:00,4.559,2010-08-27 00:05:47.360000+00:00,
2010-08-26 00:00:00+00:00,NGU0@2010-08-27,2010-08-27 18:30:00+00:00,3.817,2010-08-27 00:05:47.282000+00:00,
2010-08-26 00:00:00+00:00,NGV0@2010-09-28,2010-09-28 18:30:00+00:00,3.843,2010-08-27 00:05:47.293000+00:00,
2010-08-26 00:00:00+00:00,NGX0@2010-10-27,2010-10-27 18:30:00+00:00,4.093,2010-08-27 00:05:47.301000+00:00,
2010-08-26 00:00:00+00:00,NGZ0@2010-11-24,2010-11-24 19:30:00+00:00,4.403,2010-08-27 00:05:47.312000+00:00,
2010-08-27 00:00:00+00:00,NGF1@2010-12-28,2010-12-28 19:30:00+00:00,4.493,2010-08-29 22:15:41.968000+00:00,
2010-08-27 00:00:00+00:00,NGG1@2011-01-27,2011-01-27 19:30:00+00:00,4.482,2010-08-29 18:00:47.917000+00:00,
2010-08-27 00:00:00+00:00,NGV0@2010-09-28,2010-09-28 18:30:00+00:00,3.705,2010-08-29 23:30:11.142000+00:00,
2010-08-27 00:00:00+00:00,NGX0@2010-10-27,2010-10-27 18:30:00+00:00,4.003,2010-08-29 23:29:11.039000+00:00,
2010-08-27 00:00:00+00:00,NGZ0@2010-11-24,2010-11-24 19:30:00+00:00,4.326,2010-08-29 22:15:41.968000+00:00,
2010-08-30 00:00:00+00:00,NGF1@2010-12-28,2010-12-28 19:30:00+00:00,4.611,2010-08-31 00:44:52.896000+00:00,
2010-08-30 00:00:00+00:00,NGG1@2011-01-27,2011-01-27 19:30:00+00:00,4.6,2010-08-31 00:44:52.951000+00:00,
2010-08-30 00:00:00+00:00,NGV0@2010-09-28,2010-09-28 18:30:00+00:00,3.812,2010-08-31 00:44:52.863000+00:00,
2010-08-30 00:00:00+00:00,NGX0@2010-10-27,2010-10-27 18:30:00+00:00,4.124,2010-08-31 00:44:52.875000+00:00,
2010-08-30 00:00:00+00:00,NGZ0@2010-11-24,2010-11-24 19:30:00+00:00,4.445,2010-08-31 00:44:52.885000+00:00,
2010-08-31 00:00:00+00:00,NGF1@2010-12-28,2010-12-28 19:30:00+00:00,4.654,2010-09-01 00:33:23.367000+00:00,
2010-08-31 00:00:00+00:00,NGG1@2011-01-27,2011-01-27 19:30:00+00:00,4.647,2010-09-01 00:33:23.414000+00:00,
2010-08-31 00:00:00+00:00,NGV0@2010-09-28,2010-09-28 18:30:00+00:00,3.816,2010-09-01 00:33:23.343000+00:00,
2010-08-31 00:00:00+00:00,NGX0@2010-10-27,2010-10-27 18:30:00+00:00,4.148,2010-09-01 00:33:23.351000+00:00,
2010-08-31 00:00:00+00:00,NGZ0@2010-11-24,2010-11-24 19:30:00+00:00,4.492,2010-09-01 00:33:23.359000+00:00,
2010-09-01 00:00:00+00:00,NGF1@2010-12-28,2010-12-28 19:30:00+00:00,4.584,2010-09-02 01:19:31.048000+00:00,
2010-09-01 00:00:00+00:00,NGG1@2011-01-27,2011-01-27 19:30:00+00:00,4.581,2010-09-02 01:19:31.114000+00:00,
2010-09-01 00:00:00+00:00,NGV0@2010-09-28,2010-09-28 18:30:00+00:00,3.762,2010-09-02 01:19:31.014000+00:00,
2010-09-01 00:00:00+00:00,NGX0@2010-10-27,2010-10-27 18:30:00+00:00,4.059,2010-09-02 01:19:31.025000+00:00,
2010-09-01 00:00:00+00:00,NGZ0@2010-11-24,2010-11-24 19:30:00+00:00,4.415,2010-09-02 01:19:31.037000+00:00,
2010-09-02 00:00:00+00:00,NGF1@2010-12-28,2010-12-28 19:30:00+00:00,4.543,2010-09-03 00:02:35.326000+00:00,
2010-09-02 00:00:00+00:00,NGG1@2011-01-27,2011-01-27 19:30:00+00:00,4.538,2010-09-03 00:02:35.383000+00:00,
2010-09-02 00:00:00+00:00,NGV0@2010-09-28,2010-09-28 18:30:00+00:00,3.751,2010-09-03 00:02:35.285000+00:00,
2010-09-02 00:00:00+00:00,NGX0@2010-10-27,2010-10-27 18:30:00+00:00,4.025,2010-09-03 00:02:35.292000+00:00,
2010-09-02 00:00:00+00:00,NGZ0@2010-11-24,2010-11-24 19:30:00+00:00,4.359,2010-09-03 00:02:35.302000+00:00,
2010-09-03 00:00:00+00:00,NGF1@2010-12-28,2010-12-28 19:30:00+00:00,4.648,2010-09-05 18:00:57.293000+00:00,
2010-09-03 00:00:00+00:00,NGG1@2011-01-27,2011-01-27 19:30:00+00:00,4.64,2010-09-05 18:00:57.326000+00:00,
2010-09-03 00:00:00+00:00,NGV0@2010-09-28,2010-09-28 18:30:00+00:00,3.939,2010-09-05 22:00:06.232000+00:00,
2010-09-03 00:00:00+00:00,NGX0@2010-10-27,2010-10-27 18:30:00+00:00,4.17,2010-09-05 22:46:20.202000+00:00,
2010-09-03 00:00:00+00:00,NGZ0@2010-11-24,2010-11-24 19:30:00+00:00,4.465,2010-09-05 23:16:53.774000+00:00,
2010-09-07 00:00:00+00:00,NGF1@2010-12-28,2010-12-28 19:30:00+00:00,4.571,2010-09-08 00:37:54.998000+00:00,
2010-09-07 00:00:00+00:00,NGG1@2011-01-27,2011-01-27 19:30:00+00:00,4.562,2010-09-08 00:37:55.034000+00:00,
2010-09-07 00:00:00+00:00,NGV0@2010-09-28,2010-09-28 18:30:00+00:00,3.852,2010-09-08 00:37:54.979000+00:00,
2010-09-07 00:00:00+00:00,NGX0@2010-10-27,2010-10-27 18:30:00+00:00,4.098,2010-09-08 00:37:54.985000+00:00,
2010-09-07 00:00:00+00:00,NGZ0@2010-11-24,2010-11-24 19:30:00+00:00,4.387,2010-09-08 00:37:54.994000+00:00,
2010-09-08 00:00:00+00:00,NGF1@2010-12-28,2010-12-28 19:30:00+00:00,4.534,2010-09-09 00:07:34.597000+00:00,
2010-09-08 00:00:00+00:00,NGG1@2011-01-27,2011-01-27 19:30:00+00:00,4.533,2010-09-09 00:07:34.634000+00:00,
2010-09-08 00:00:00+00:00,NGV0@2010-09-28,2010-09-28 18:30:00+00:00,3.814,2010-09-09 00:07:34.576000+00:00,
2010-09-08 00:00:00+00:00,NGX0@2010-10-27,2010-10-27 18:30:00+00:00,4.069,2010-09-09 00:07:34.583000+00:00,
2010-09-08 00:00:00+00:00,NGZ0@2010-11-24,2010-11-24 19:30:00+00:00,4.351,2010-09-09 00:07:34.590000+00:00,
2010-09-09 00:00:00+00:00,NGF1@2010-12-28,2010-12-28 19:30:00+00:00,4.523,2010-09-10 00:04:58.563000+00:00,
2010-09-09 00:00:00+00:00,NGG1@2011-01-27,2011-01-27 19:30:00+00:00,4.528,2010-09-10 00:04:58.606000+00:00,
2010-09-09 00:00:00+00:00,NGV0@2010-09-28,2010-09-28 18:30:00+00:00,3.768,2010-09-10 00:04:58.539000+00:00,
2010-09-09 00:00:00+00:00,NGX0@2010-10-27,2010-10-27 18:30:00+00:00,4.026,2010-09-10 00:04:58.547000+00:00,
2010-09-09 00:00:00+00:00,NGZ0@2010-11-24,2010-11-24 19:30:00+00:00,4.333,2010-09-10 00:04:58.554000+00:00,
2010-09-10 00:00:00+00:00,NGF1@2010-12-28,2010-12-28 19:30:00+00:00,4.606,2010-09-12 23:38:10.379000+00:00,
2010-09-10 00:00:00+00:00,NGG1@2011-01-27,2011-01-27 19:30:00+00:00,4.608,2010-09-12 18:01:00.481000+00:00,
2010-09-10 00:00:00+00:00,NGV0@2010-09-28,2010-09-28 18:30:00+00:00,3.883,2010-09-12 23:43:23.717000+00:00,
2010-09-10 00:00:00+00:00,NGX0@2010-10-27,2010-10-27 18:30:00+00:00,4.125,2010-09-12 23:43:23.717000+00:00,
2010-09-10 00:00:00+00:00,NGZ0@2010-11-24,2010-11-24 19:30:00+00:00,4.427,2010-09-12 22:00:11.752000+00:00,
2010-09-13 00:00:00+00:00,NGF1@2010-12-28,2010-12-28 19:30:00+00:00,4.643,2010-09-14 00:06:46.389000+00:00,
2010-09-13 00:00:00+00:00,NGG1@2011-01-27,2011-01-27 19:30:00+00:00,4.646,2010-09-14 00:06:46.470000+00:00,
2010-09-13 00:00:00+00:00,NGV0@2010-09-28,2010-09-28 18:30:00+00:00,3.938,2010-09-14 00:06:46.345000+00:00,
2010-09-13 00:00:00+00:00,NGX0@2010-10-27,2010-10-27 18:30:00+00:00,4.169,2010-09-14 00:06:46.356000+00:00,
2010-09-13 00:00:00+00:00,NGZ0@2010-11-24,2010-11-24 19:30:00+00:00,4.458,2010-09-14 00:06:46.368000+00:00,
2010-09-14 00:00:00+00:00,NGF1@2010-12-28,2010-12-28 19:30:00+00:00,4.601,2010-09-15 00:00:39.287000+00:00,
2010-09-14 00:00:00+00:00,NGG1@2011-01-27,2011-01-27 19:30:00+00:00,4.608,2010-09-15 00:00:39.379000+00:00,
2010-09-14 00:00:00+00:00,NGV0@2010-09-28,2010-09-28 18:30:00+00:00,3.966,2010-09-15 00:00:39.259000+00:00,
2010-09-14 00:00:00+00:00,NGX0@2010-10-27,2010-10-27 18:30:00+00:00,4.169,2010-09-15 00:00:39.269000+00:00,
2010-09-14 00:00:00+00:00,NGZ0@2010-11-24,2010-11-24 19:30:00+00:00,4.418,2010-09-15 00:00:39.277000+00:00,
2010-09-15 00:00:00+00:00,NGF1@2010-12-28,2010-12-28 19:30:00+00:00,4.586,2010-09-16 00:11:52.113000+00:00,
2010-09-15 00:00:00+00:00,NGG1@2011-01-27,2011-01-27 19:30:00+00:00,4.592,2010-09-16 00:11:52.181000+00:00,
2010-09-15 00:00:00+00:00,NGV0@2010-09-28,2010-09-28 18:30:00+00:00,3.995,2010-09-16 00:11:52.078000+00:00,
2010-09-15 00:00:00+00:00,NGX0@2010-10-27,2010-10-27 18:30:00+00:00,4.191,2010-09-16 00:11:52.090000+00:00,
2010-09-15 00:00:00+00:00,NGZ0@2010-11-24,2010-11-24 19:30:00+00:00,4.42,2010-09-16 00:11:52.102000+00:00,
2010-09-16 00:00:00+00:00,NGF1@2010-12-28,2010-12-28 19:30:00+00:00,4.605,2010-09-17 00:57:03.363000+00:00,
2010-09-16 00:00:00+00:00,NGG1@2011-01-27,2011-01-27 19:30:00+00:00,4.606,2010-09-17 00:57:03.401000+00:00,
2010-09-16 00:00:00+00:00,NGV0@2010-09-28,2010-09-28 18:30:00+00:00,4.062,2010-09-17 00:57:03.342000+00:00,
2010-09-16 00:00:00+00:00,NGX0@2010-10-27,2010-10-27 18:30:00+00:00,4.238,2010-09-17 00:57:03.350000+00:00,
2010-09-16 00:00:00+00:00,NGZ0@2010-11-24,2010-11-24 19:30:00+00:00,4.45,2010-09-17 00:57:03.356000+00:00,
2010-09-17 00:00:00+00:00,NGF1@2010-12-28,2010-12-28 19:30:00+00:00,4.574,2010-09-19 23:27:44.130000+00:00,
2010-09-17 00:00:00+00:00,NGG1@2011-01-27,2011-01-27 19:30:00+00:00,4.577,2010-09-19 22:00:02.589000+00:00,
2010-09-17 00:00:00+00:00,NGV0@2010-09-28,2010-09-28 18:30:00+00:00,4.024,2010-09-19 23:27:44.123000+00:00,
2010-09-17 00:00:00+00:00,NGX0@2010-10-27,2010-10-27 18:30:00+00:00,4.203,2010-09-19 23:44:00.446000+00:00,
2010-09-17 00:00:00+00:00,NGZ0@2010-11-24,2010-11-24 19:30:00+00:00,4.42,2010-09-19 22:00:47.401000+00:00,
2010-09-20 00:00:00+00:00,NGF1@2010-12-28,2010-12-28 19:30:00+00:00,4.422,2010-09-21 01:06:08.289000+00:00,
2010-09-20 00:00:00+00:00,NGG1@2011-01-27,2011-01-27 19:30:00+00:00,4.43,2010-09-21 01:06:08.339000+00:00,
2010-09-20 00:00:00+00:00,NGV0@2010-09-28,2010-09-28 18:30:00+00:00,3.822,2010-09-21 01:06:08.263000+00:00,
2010-09-20 00:00:00+00:00,NGX0@2010-10-27,2010-10-27 18:30:00+00:00,4.005,2010-09-21 01:06:08.273000+00:00,
2010-09-20 00:00:00+00:00,NGZ0@2010-11-24,2010-11-24 19:30:00+00:00,4.243,2010-09-21 01:06:08.282000+00:00,
2010-09-21 00:00:00+00:00,NGF1@2010-12-28,2010-12-28 19:30:00+00:00,4.462,2010-09-22 00:35:59.601000+00:00,
2010-09-21 00:00:00+00:00,NGG1@2011-01-27,2011-01-27 19:30:00+00:00,4.465,2010-09-22 00:35:59.657000+00:00,
2010-09-21 00:00:00+00:00,NGV0@2010-09-28,2010-09-28 18:30:00+00:00,3.919,2010-09-22 00:35:59.570000+00:00,
2010-09-21 00:00:00+00:00,NGX0@2010-10-27,2010-10-27 18:30:00+00:00,4.067,2010-09-22 00:35:59.581000+00:00,
2010-09-21 00:00:00+00:00,NGZ0@2010-11-24,2010-11-24 19:30:00+00:00,4.287,2010-09-22 00:35:59.591000+00:00,
2010-09-22 00:00:00+00:00,NGF1@2010-12-28,2010-12-28 19:30:00+00:00,4.49,2010-09-23 00:01:48.917000+00:00,
2010-09-22 00:00:00+00:00,NGG1@2011-01-27,2011-01-27 19:30:00+00:00,4.495,2010-09-23 00:01:48.970000+00:00,
2010-09-22 00:00:00+00:00,NGV0@2010-09-28,2010-09-28 18:30:00+00:00,3.966,2010-09-23 00:01:48.887000+00:00,
2010-09-22 00:00:00+00:00,NGX0@2010-10-27,2010-10-27 18:30:00+00:00,4.096,2010-09-23 00:01:48.898000+00:00,
2010-09-22 00:00:00+00:00,NGZ0@2010-11-24,2010-11-24 19:30:00+00:00,4.319,2010-09-23 00:01:48.907000+00:00,
2010-09-23 00:00:00+00:00,NGF1@2010-12-28,2010-12-28 19:30:00+00:00,4.536,2010-09-24 00:04:11.439000+00:00,
2010-09-23 00:00:00+00:00,NGG1@2011-01-27,2011-01-27 19:30:00+00:00,4.543,2010-09-24 00:04:11.504000+00:00,
2010-09-23 00:00:00+00:00,NGV0@2010-09-28,2010-09-28 18:30:00+00:00,4.019,2010-09-24 00:04:11.403000+00:00,
2010-09-23 00:00:00+00:00,NGX0@2010-10-27,2010-10-27 18:30:00+00:00,4.156,2010-09-24 00:04:11.416000+00:00,
2010-09-23 00:00:00+00:00,NGZ0@2010-11-24,2010-11-24 19:30:00+00:00,4.374,2010-09-24 00:04:11.428000+00:00,
2010-09-24 00:00:00+00:00,NGF1@2010-12-28,2010-12-28 19:30:00+00:00,4.435,2010-09-26 22:01:49.718000+00:00,
2010-09-24 00:00:00+00:00,NGG1@2011-01-27,2011-01-27 19:30:00+00:00,4.442,2010-09-26 22:01:49.718000+00:00,
2010-09-24 00:00:00+00:00,NGV0@2010-09-28,2010-09-28 18:30:00+00:00,3.881,2010-09-26 23:07:22.318000+00:00,
2010-09-24 00:00:00+00:00,NGX0@2010-10-27,2010-10-27 18:30:00+00:00,4.009,2010-09-26 23:44:37.613000+00:00,
2010-09-24 00:00:00+00:00,NGZ0@2010-11-24,2010-11-24 19:30:00+00:00,4.26,2010-09-26 22:04:27.884000+00:00,
2010-09-27 00:00:00+00:00,NGF1@2010-12-28,2010-12-28 19:30:00+00:00,4.309,2010-09-28 00:28:03.220000+00:00,
2010-09-27 00:00:00+00:00,NGG1@2011-01-27,2011-01-27 19:30:00+00:00,4.32,2010-09-28 00:28:03.263000+00:00,
2010-09-27 00:00:00+00:00,NGV0@2010-09-28,2010-09-28 18:30:00+00:00,3.8,2010-09-28 00:28:03.196000+00:00,
2010-09-27 00:00:00+00:00,NGX0@2010-10-27,2010-10-27 18:30:00+00:00,3.916,2010-09-28 00:28:03.205000+00:00,
2010-09-27 00:00:00+00:00,NGZ0@2010-11-24,2010-11-24 19:30:00+00:00,4.141,2010-09-28 00:28:03.213000+00:00,
2010-09-28 00:00:00+00:00,NGF1@2010-12-28,2010-12-28 19:30:00+00:00,4.342,2010-09-29 00:03:24.223000+00:00,
2010-09-28 00:00:00+00:00,NGG1@2011-01-27,2011-01-27 19:30:00+00:00,4.355,2010-09-29 00:03:24.278000+00:00,
2010-09-28 00:00:00+00:00,NGX0@2010-10-27,2010-10-27 18:30:00+00:00,3.951,2010-09-29 00:03:24.200000+00:00,
2010-09-28 00:00:00+00:00,NGZ0@2010-11-24,2010-11-24 19:30:00+00:00,4.172,2010-09-29 00:03:24.211000+00:00,
2010-09-29 00:00:00+00:00,NGF1@2010-12-28,2010-12-28 19:30:00+00:00,4.342,2010-09-30 00:32:27.688000+00:00,
2010-09-29 00:00:00+00:00,NGG1@2011-01-27,2011-01-27 19:30:00+00:00,4.352,2010-09-30 00:32:27.726000+00:00,
2010-09-29 00:00:00+00:00,NGX0@2010-10-27,2010-10-27 18:30:00+00:00,3.962,2010-09-30 00:32:27.675000+00:00,
2010-09-29 00:00:00+00:00,NGZ0@2010-11-24,2010-11-24 19:30:00+00:00,4.178,2010-09-30 00:32:27.681000+00:00,
2010-09-30 00:00:00+00:00,NGF1@2010-12-28,2010-12-28 19:30:00+00:00,4.294,2010-10-01 00:15:22.991000+00:00,
2010-09-30 00:00:00+00:00,NGG1@2011-01-27,2011-01-27 19:30:00+00:00,4.313,2010-10-01 00:15:23.037000+00:00,
2010-09-30 00:00:00+00:00,NGX0@2010-10-27,2010-10-27 18:30:00+00:00,3.872,2010-10-01 00:15:22.975000+00:00,
2010-09-30 00:00:00+00:00,NGZ0@2010-11-24,2010-11-24 19:30:00+00:00,4.122,2010-10-01 00:15:22.983000+00:00,
2010-10-01 00:00:00+00:00,NGF1@2010-12-28,2010-12-28 19:30:00+00:00,4.261,2010-10-03 22:26:32.093000+00:00,
2010-10-01 00:00:00+00:00,NGG1@2011-01-27,2011-01-27 19:30:00+00:00,4.283,2010-10-03 22:27:02.901000+00:00,
2010-10-01 00:00:00+00:00,NGX0@2010-10-27,2010-10-27 18:30:00+00:00,3.797,2010-10-03 22:15:21.918000+00:00,
2010-10-01 00:00:00+00:00,NGZ0@2010-11-24,2010-11-24 19:30:00+00:00,4.077,2010-10-03 23:30:55.291000+00:00,
2010-10-04 00:00:00+00:00,NGF1@2010-12-28,2010-12-28 19:30:00+00:00,4.249,2010-10-05 00:03:24.893000+00:00,
2010-10-04 00:00:00+00:00,NGG1@2011-01-27,2011-01-27 19:30:00+00:00,4.281,2010-10-05 00:03:24.946000+00:00,
2010-10-04 00:00:00+00:00,NGX0@2010-10-27,2010-10-27 18:30:00+00:00,3.727,2010-10-05 00:03:24.874000+00:00,
2010-10-04 00:00:00+00:00,NGZ0@2010-11-24,2010-11-24 19:30:00+00:00,4.047,2010-10-05 00:03:24.883000+00:00,
2010-10-05 00:00:00+00:00,NGF1@2010-12-28,2010-12-28 19:30:00+00:00,4.274,2010-10-06 00:00:36.914000+00:00,
2010-10-05 00:00:00+00:00,NGG1@2011-01-27,2011-01-27 19:30:00+00:00,4.307,2010-10-06 00:00:36.962000+00:00,
2010-10-05 00:00:00+00:00,NGX0@2010-10-27,2010-10-27 18:30:00+00:00,3.743,2010-10-06 00:00:36.898000+00:00,
2010-10-05 00:00:00+00:00,NGZ0@2010-11-24,2010-11-24 19:30:00+00:00,4.067,2010-10-06 00:00:36.906000+00:00,
2010-10-06 00:00:00+00:00,NGF1@2010-12-28,2010-12-28 19:30:00+00:00,4.373,2010-10-07 00:00:47.927000+00:00,
2010-10-06 00:00:00+00:00,NGG1@2011-01-27,2011-01-27 19:30:00+00:00,4.398,2010-10-07 00:00:47.984000+00:00,
2010-10-06 00:00:00+00:00,NGX0@2010-10-27,2010-10-27 18:30:00+00:00,3.865,2010-10-07 00:00:47.906000+00:00,
2010-10-06 00:00:00+00:00,NGZ0@2010-11-24,2010-11-24 19:30:00+00:00,4.187,2010-10-07 00:00:47.916000+00:00,
2010-10-07 00:00:00+00:00,NGF1@2010-12-28,2010-12-28 19:30:00+00:00,4.227,2010-10-08 00:00:29.983000+00:00,
2010-10-07 00:00:00+00:00,NGG1@2011-01-27,2011-01-27 19:30:00+00:00,4.26,2010-10-08 00:00:30.020000+00:00,
2010-10-07 00:00:00+00:00,NGX0@2010-10-27,2010-10-27 18:30:00+00:00,3.617,2010-10-08 00:00:29.970000+00:00,
2010-10-07 00:00:00+00:00,NGZ0@2010-11-24,2010-11-24 19:30:00+00:00,3.993,2010-10-08 00:00:29.976000+00:00,
2010-10-08 00:00:00+00:00,NGF1@2010-12-28,2010-12-28 19:30:00+00:00,4.292,2010-10-10 22:17:53.129000+00:00,
2010-10-08 00:00:00+00:00,NGG1@2011-01-27,2011-01-27 19:30:00+00:00,4.328,2010-10-10 18:01:01.959000+00:00,
2010-10-08 00:00:00+00:00,NGX0@2010-10-27,2010-10-27 18:30:00+00:00,3.651,2010-10-10 23:34:50.664000+00:00,
2010-10-08 00:00:00+00:00,NGZ0@2010-11-24,2010-11-24 19:30:00+00:00,4.046,2010-10-10 22:50:37.038000+00:00,
2010-10-11 00:00:00+00:00,NGF1@2010-12-28,2010-12-28 19:30:00+00:00,4.286,2010-10-12 00:00:36.533000+00:00,
2010-10-11 00:00:00+00:00,NGG1@2011-01-27,2011-01-27 19:30:00+00:00,4.326,2010-10-12 00:00:36.586000+00:00,
2010-10-11 00:00:00+00:00,NGX0@2010-10-27,2010-10-27 18:30:00+00:00,3.601,2010-10-12 00:00:36.517000+00:00,
2010-10-11 00:00:00+00:00,NGZ0@2010-11-24,2010-11-24 19:30:00+00:00,4.01,2010-10-12 00:00:36.525000+00:00,
2010-10-12 00:00:00+00:00,NGF1@2010-12-28,2010-12-28 19:30:00+00:00,4.263,2010-10-13 00:00:36.968000+00:00,
2010-10-12 00:00:00+00:00,NGG1@2011-01-27,2011-01-27 19:30:00+00:00,4.302,2010-10-13 00:00:37.014000+00:00,
2010-10-12 00:00:00+00:00,NGX0@2010-10-27,2010-10-27 18:30:00+00:00,3.629,2010-10-13 00:00:36.951000+00:00,
2010-10-12 00:00:00+00:00,NGZ0@2010-11-24,2010-11-24 19:30:00+00:00,3.992,2010-10-13 00:00:36.959000+00:00,
2010-10-13 00:00:00+00:00,NGF1@2010-12-28,2010-12-28 19:30:00+00:00,4.278,2010-10-14 00:00:37.583000+00:00,
2010-10-13 00:00:00+00:00,NGG1@2011-01-27,2011-01-27 19:30:00+00:00,4.317,2010-10-14 00:00:37.634000+00:00,
2010-10-13 00:00:00+00:00,NGX0@2010-10-27,2010-10-27 18:30:00+00:00,3.696,2010-10-14 00:00:37.565000+00:00,
2010-10-13 00:00:00+00:00,NGZ0@2010-11-24,2010-11-24 19:30:00+00:00,4.041,2010-10-14 00:00:37.574000+00:00,
2010-10-14 00:00:00+00:00,NGF1@2010-12-28,2010-12-28 19:30:00+00:00,4.244,2010-10-15 00:09:08.616000+00:00,
2010-10-14 00:00:00+00:00,NGG1@2011-01-27,2011-01-27 19:30:00+00:00,4.275,2010-10-15 00:09:08.679000+00:00,
2010-10-14 00:00:00+00:00,NGX0@2010-10-27,2010-10-27 18:30:00+00:00,3.657,2010-10-15 00:09:08.594000+00:00,
2010-10-14 00:00:00+00:00,NGZ0@2010-11-24,2010-11-24 19:30:00+00:00,4.016,2010-10-15 00:09:08.605000+00:00,
2010-10-15 00:00:00+00:00,NGF1@2010-12-28,2010-12-28 19:30:00+00:00,4.169,2010-10-17 22:24:04.878000+00:00,
2010-10-15 00:00:00+00:00,NGG1@2011-01-27,2011-01-27 19:30:00+00:00,4.202,2010-10-17 22:00:01.283000+00:00,
2010-10-15 00:00:00+00:00,NGX0@2010-10-27,2010-10-27 18:30:00+00:00,3.535,2010-10-17 22:16:13.914000+00:00,
2010-10-15 00:00:00+00:00,NGZ0@2010-11-24,2010-11-24 19:30:00+00:00,3.925,2010-10-17 22:15:51.363000+00:00,
2010-10-18 00:00:00+00:00,NGF1@2010-12-28,2010-12-28 19:30:00+00:00,4.13,2010-10-19 00:18:34.151000+00:00,
2010-10-18 00:00:00+00:00,NGG1@2011-01-27,2011-01-27 19:30:00+00:00,4.165,2010-10-19 00:18:34.207000+00:00,
2010-10-18 00:00:00+00:00,NGX0@2010-10-27,2010-10-27 18:30:00+00:00,3.431,2010-10-19 00:18:34.132000+00:00,
2010-10-18 00:00:00+00:00,NGZ0@2010-11-24,2010-11-24 19:30:00+00:00,3.87,2010-10-19 00:18:34.141000+00:00,
2010-10-19 00:00:00+00:00,NGF1@2010-12-28,2010-12-28 19:30:00+00:00,4.133,2010-10-20 00:10:20.005000+00:00,
2010-10-19 00:00:00+00:00,NGG1@2011-01-27,2011-01-27 19:30:00+00:00,4.17,2010-10-20 00:10:20.087000+00:00,
2010-10-19 00:00:00+00:00,NGX0@2010-10-27,2010-10-27 18:30:00+00:00,3.513,2010-10-20 00:10:19.982000+00:00,
2010-10-19 00:00:00+00:00,NGZ0@2010-11-24,2010-11-24 19:30:00+00:00,3.895,2010-10-20 00:10:19.994000+00:00,
2010-10-20 00:00:00+00:00,NGF1@2010-12-28,2010-12-28 19:30:00+00:00,4.144,2010-10-21 00:00:36.023000+00:00,
2010-10-20 00:00:00+00:00,NGG1@2011-01-27,2011-01-27 19:30:00+00:00,4.181,2010-10-21 00:00:36.068000+00:00,
2010-10-20 00:00:00+00:00,NGX0@2010-10-27,2010-10-27 18:30:00+00:00,3.539,2010-10-21 00:00:36.002000+00:00,
2010-10-20 00:00:00+00:00,NGZ0@2010-11-24,2010-11-24 19:30:00+00:00,3.893,2010-10-21 00:00:36.012000+00:00,
2010-10-21 00:00:00+00:00,NGF1@2010-12-28,2010-12-28 19:30:00+00:00,4.018,2010-10-22 00:00:40.646000+00:00,
2010-10-21 00:00:00+00:00,NGG1@2011-01-27,2011-01-27 19:30:00+00:00,4.056,2010-10-22 00:00:40.697000+00:00,
2010-10-21 00:00:00+00:00,NGX0@2010-10-27,2010-10-27 18:30:00+00:00,3.368,2010-10-22 00:00:40.629000+00:00,
2010-10-21 00:00:00+00:00,NGZ0@2010-11-24,2010-11-24 19:30:00+00:00,3.75,2010-10-22 00:00:40.638000+00:00,
2010-10-22 00:00:00+00:00,NGF1@2010-12-28,2010-12-28 19:30:00+00:00,3.948,2010-10-24 22:08:54.798000+00:00,
2010-10-22 00:00:00+00:00,NGG1@2011-01-27,2011-01-27 19:30:00+00:00,3.982,2010-10-24 22:01:25.864000+00:00,
2010-10-22 00:00:00+00:00,NGX0@2010-10-27,2010-10-27 18:30:00+00:00,3.332,2010-10-24 22:08:54.798000+00:00,
2010-10-22 00:00:00+00:00,NGZ0@2010-11-24,2010-11-24 19:30:00+00:00,3.693,2010-10-24 22:00:21.935000+00:00,
2010-10-25 00:00:00+00:00,NGF1@2010-12-28,2010-12-28 19:30:00+00:00,3.928,2010-10-26 00:02:43.230000+00:00,
2010-10-25 00:00:00+00:00,NGG1@2011-01-27,2011-01-27 19:30:00+00:00,3.963,2010-10-26 00:02:43.274000+00:00,
2010-10-25 00:00:00+00:00,NGX0@2010-10-27,2010-10-27 18:30:00+00:00,3.317,2010-10-26 00:02:43.212000+00:00,
2010-10-25 00:00:00+00:00,NGZ0@2010-11-24,2010-11-24 19:30:00+00:00,3.666,2010-10-26 00:02:43.222000+00:00,
2010-10-26 00:00:00+00:00,NGF1@2010-12-28,2010-12-28 19:30:00+00:00,4.023,2010-10-27 00:00:50.658000+00:00,
2010-10-26 00:00:00+00:00,NGG1@2011-01-27,2011-01-27 19:30:00+00:00,4.06,2010-10-27 00:00:50.718000+00:00,
2010-10-26 00:00:00+00:00,NGX0@2010-10-27,2010-10-27 18:30:00+00:00,3.354,2010-10-27 00:00:50.635000+00:00,
2010-10-26 00:00:00+00:00,NGZ0@2010-11-24,2010-11-24 19:30:00+00:00,3.766,2010-10-27 00:00:50.647000+00:00,
2010-10-27 00:00:00+00:00,NGF1@2010-12-28,2010-12-28 19:30:00+00:00,4.025,2010-10-28 00:21:19.525000+00:00,
2010-10-27 00:00:00+00:00,NGG1@2011-01-27,2011-01-27 19:30:00+00:00,4.063,2010-10-28 00:21:19.578000+00:00,
2010-10-27 00:00:00+00:00,NGZ0@2010-11-24,2010-11-24 19:30:00+00:00,3.763,2010-10-28 00:21:19.516000+00:00,
2010-10-28 00:00:00+00:00,NGF1@2010-12-28,2010-12-28 19:30:00+00:00,4.134,2010-10-29 00:05:31.987000+00:00,
2010-10-28 00:00:00+00:00,NGG1@2011-01-27,2011-01-27 19:30:00+00:00,4.157,2010-10-29 00:05:32.027000+00:00,
2010-10-28 00:00:00+00:00,NGZ0@2010-11-24,2010-11-24 19:30:00+00:00,3.89,2010-10-29 00:05:31.980000+00:00,
2010-10-29 00:00:00+00:00,NGF1@2010-12-28,2010-12-28 19:30:00+00:00,4.265,2010-10-31 22:25:45.415000+00:00,
2010-10-29 00:00:00+00:00,NGG1@2011-01-27,2011-01-27 19:30:00+00:00,4.275,2010-10-31 23:28:24.206000+00:00,
2010-10-29 00:00:00+00:00,NGZ0@2010-11-24,2010-11-24 19:30:00+00:00,4.038,2010-10-31 22:43:08.021000+00:00,
2010-11-01 00:00:00+00:00,NGF1@2010-12-28,2010-12-28 19:30:00+00:00,4.086,2010-11-02 00:07:13.927000+00:00,
2010-11-01 00:00:00+00:00,NGG1@2011-01-27,2011-01-27 19:30:00+00:00,4.113,2010-11-02 00:07:13.973000+00:00,
2010-11-01 00:00:00+00:00,NGZ0@2010-11-24,2010-11-24 19:30:00+00:00,3.832,2010-11-02 00:07:13.919000+00:00,
2010-11-02 00:00:00+00:00,NGF1@2010-12-28,2010-12-28 19:30:00+00:00,4.122,2010-11-03 00:00:50.091000+00:00,
2010-11-02 00:00:00+00:00,NGG1@2011-01-27,2011-01-27 19:30:00+00:00,4.142,2010-11-03 00:00:50.154000+00:00,
2010-11-02 00:00:00+00:00,NGZ0@2010-11-24,2010-11-24 19:30:00+00:00,3.87,2010-11-03 00:00:50.080000+00:00,
2010-11-03 00:00:00+00:00,NGF1@2010-12-28,2010-12-28 19:30:00+00:00,4.091,2010-11-04 00:07:34.504000+00:00,
2010-11-03 00:00:00+00:00,NGG1@2011-01-27,2011-01-27 19:30:00+00:00,4.11,2010-11-04 00:07:34.541000+00:00,
2010-11-03 00:00:00+00:00,NGZ0@2010-11-24,2010-11-24 19:30:00+00:00,3.836,2010-11-04 00:07:34.498000+00:00,
2010-11-04 00:00:00+00:00,NGF1@2010-12-28,2010-12-28 19:30:00+00:00,4.109,2010-11-05 00:16:26.953000+00:00,
2010-11-04 00:00:00+00:00,NGG1@2011-01-27,2011-01-27 19:30:00+00:00,4.117,2010-11-05 00:16:27.012000+00:00,
2010-11-04 00:00:00+00:00,NGZ0@2010-11-24,2010-11-24 19:30:00+00:00,3.856,2010-11-05 00:16:26.943000+00:00,
2010-11-05 00:00:00+00:00,NGF1@2010-12-28,2010-12-28 19:30:00+00:00,4.176,2010-11-07 23:57:43.038000+00:00,
2010-11-05 00:00:00+00:00,NGG1@2011-01-27,2011-01-27 19:30:00+00:00,4.18,2010-11-07 23:56:37.198000+00:00,
2010-11-05 00:00:00+00:00,NGZ0@2010-11-24,2010-11-24 19:30:00+00:00,3.937,2010-11-07 23:57:37.984000+00:00,
2010-11-08 00:00:00+00:00,NGF1@2010-12-28,2010-12-28 19:30:00+00:00,4.279,2010-11-09 01:00:49.348000+00:00,
2010-11-08 00:00:00+00:00,NGG1@2011-01-27,2011-01-27 19:30:00+00:00,4.285,2010-11-09 01:00:49.413000+00:00,
2010-11-08 00:00:00+00:00,NGZ0@2010-11-24,2010-11-24 19:30:00+00:00,4.088,2010-11-09 01:00:49.336000+00:00,
2010-11-09 00:00:00+00:00,NGF1@2010-12-28,2010-12-28 19:30:00+00:00,4.372,2010-11-10 01:10:13.416000+00:00,
2010-11-09 00:00:00+00:00,NGG1@2011-01-27,2011-01-27 19:30:00+00:00,4.37,2010-11-10 01:10:13.466000+00:00,
2010-11-09 00:00:00+00:00,NGZ0@2010-11-24,2010-11-24 19:30:00+00:00,4.21,2010-11-10 01:10:13.407000+00:00,
2010-11-10 00:00:00+00:00,NGF1@2010-12-28,2010-12-28 19:30:00+00:00,4.239,2010-11-11 01:00:36.398000+00:00,
2010-11-10 00:00:00+00:00,NGG1@2011-01-27,2011-01-27 19:30:00+00:00,4.251,2010-11-11 01:00:36.443000+00:00,
2010-11-10 00:00:00+00:00,NGZ0@2010-11-24,2010-11-24 19:30:00+00:00,4.046,2010-11-11 01:00:36.390000+00:00,
2010-11-11 00:00:00+00:00,NGF1@2010-12-28,2010-12-28 19:30:00+00:00,4.111,2010-11-12 01:00:51.139000+00:00,
2010-11-11 00:00:00+00:00,NGG1@2011-01-27,2011-01-27 19:30:00+00:00,4.131,2010-11-12 01:00:51.217000+00:00,
2010-11-11 00:00:00+00:00,NGZ0@2010-11-24,2010-11-24 19:30:00+00:00,3.927,2010-11-12 01:00:51.127000+00:00,
2010-11-12 00:00:00+00:00,NGF1@2010-12-28,2010-12-28 19:30:00+00:00,3.982,2010-11-14 23:28:19.750000+00:00,
2010-11-12 00:00:00+00:00,NGG1@2011-01-27,2011-01-27 19:30:00+00:00,4.001,2010-11-14 23:03:22.512000+00:00,
2010-11-12 00:00:00+00:00,NGZ0@2010-11-24,2010-11-24 19:30:00+00:00,3.799,2010-11-14 23:37:53.184000+00:00,
2010-11-15 00:00:00+00:00,NGF1@2010-12-28,2010-12-28 19:30:00+00:00,4.028,2010-11-16 01:34:50.940000+00:00,
2010-11-15 00:00:00+00:00,NGG1@2011-01-27,2011-01-27 19:30:00+00:00,4.039,2010-11-16 01:34:50.991000+00:00,
2010-11-15 00:00:00+00:00,NGZ0@2010-11-24,2010-11-24 19:30:00+00:00,3.845,2010-11-16 01:34:50.932000+00:00,
2010-11-16 00:00:00+00:00,NGF1@2010-12-28,2010-12-28 19:30:00+00:00,3.994,2010-11-17 02:49:25.078000+00:00,
2010-11-16 00:00:00+00:00,NGG1@2011-01-27,2011-01-27 19:30:00+00:00,4.001,2010-11-17 02:49:25.143000+00:00,
2010-11-16 00:00:00+00:00,NGZ0@2010-11-24,2010-11-24 19:30:00+00:00,3.818,2010-11-17 02:49:25.066000+00:00,
2010-11-17 00:00:00+00:00,NGF1@2010-12-28,2010-12-28 19:30:00+00:00,4.19,2010-11-18 01:01:24.004000+00:00,
2010-11-17 00:00:00+00:00,NGG1@2011-01-27,2011-01-27 19:30:00+00:00,4.187,2010-11-18 01:01:24.048000+00:00,
2010-11-17 00:00:00+00:00,NGZ0@2010-11-24,2010-11-24 19:30:00+00:00,4.03,2010-11-18 01:01:23.995000+00:00,
2010-11-18 00:00:00+00:00,NGF1@2010-12-28,2010-12-28 19:30:00+00:00,4.183,2010-11-19 01:04:34.527000+00:00,
2010-11-18 00:00:00+00:00,NGG1@2011-01-27,2011-01-27 19:30:00+00:00,4.189,2010-11-19 01:04:34.564000+00:00,
2010-11-18 00:00:00+00:00,NGZ0@2010-11-24,2010-11-24 19:30:00+00:00,4.007,2010-11-19 01:04:34.520000+00:00,
2010-11-19 00:00:00+00:00,NGF1@2010-12-28,2010-12-28 19:30:00+00:00,4.324,2010-11-21 23:45:11.016000+00:00,
2010-11-19 00:00:00+00:00,NGG1@2011-01-27,2011-01-27 19:30:00+00:00,4.32,2010-11-21 23:59:08.911000+00:00,
2010-11-19 00:00:00+00:00,NGZ0@2010-11-24,2010-11-24 19:30:00+00:00,4.164,2010-11-21 23:55:19.662000+00:00,
2010-11-22 00:00:00+00:00,NGF1@2010-12-28,2010-12-28 19:30:00+00:00,4.432,2010-11-23 01:00:50.885000+00:00,
2010-11-22 00:00:00+00:00,NGG1@2011-01-27,2011-01-27 19:30:00+00:00,4.435,2010-11-23 01:00:50.945000+00:00,
2010-11-22 00:00:00+00:00,NGZ0@2010-11-24,2010-11-24 19:30:00+00:00,4.271,2010-11-23 01:00:50.868000+00:00,
2010-11-23 00:00:00+00:00,NGF1@2010-12-28,2010-12-28 19:30:00+00:00,4.415,2010-11-24 23:45:17.562000+00:00,
2010-11-23 00:00:00+00:00,NGG1@2011-01-27,2011-01-27 19:30:00+00:00,4.421,2010-11-24 23:42:41.043000+00:00,
2010-11-23 00:00:00+00:00,NGZ0@2010-11-24,2010-11-24 19:30:00+00:00,4.264,2010-11-24 01:00:36.298000+00:00,
2010-11-24 00:00:00+00:00,NGF1@2010-12-28,2010-12-28 19:30:00+00:00,4.388,2010-11-25 23:00:00.344000+00:00,
2010-11-24 00:00:00+00:00,NGG1@2011-01-27,2011-01-27 19:30:00+00:00,4.394,2010-11-25 01:00:29.034000+00:00,
2010-11-26 00:00:00+00:00,NGF1@2010-12-28,2010-12-28 19:30:00+00:00,4.399,2010-11-28 23:29:34.863000+00:00,
2010-11-26 00:00:00+00:00,NGG1@2011-01-27,2011-01-27 19:30:00+00:00,4.412,2010-11-28 23:07:20.716000+00:00,
2010-11-29 00:00:00+00:00,NGF1@2010-12-28,2010-12-28 19:30:00+00:00,4.21,2010-11-30 01:01:24.438000+00:00,
2010-11-29 00:00:00+00:00,NGG1@2011-01-27,2011-01-27 19:30:00+00:00,4.234,2010-11-30 01:01:24.477000+00:00,
2010-11-30 00:00:00+00:00,NGF1@2010-12-28,2010-12-28 19:30:00+00:00,4.18,2010-12-01 01:00:48.628000+00:00,
2010-11-30 00:00:00+00:00,NGG1@2011-01-27,2011-01-27 19:30:00+00:00,4.199,2010-12-01 01:00:48.687000+00:00,
2010-12-01 00:00:00+00:00,NGF1@2010-12-28,2010-12-28 19:30:00+00:00,4.269,2010-12-02 01:08:17.104000+00:00,
2010-12-01 00:00:00+00:00,NGG1@2011-01-27,2011-01-27 19:30:00+00:00,4.279,2010-12-02 01:08:17.157000+00:00,
2010-12-02 00:00:00+00:00,NGF1@2010-12-28,2010-12-28 19:30:00+00:00,4.343,2010-12-03 01:05:14.135000+00:00,
2010-12-02 00:00:00+00:00,NGG1@2011-01-27,2011-01-27 19:30:00+00:00,4.35,2010-12-03 01:05:14.198000+00:00,
2010-12-03 00:00:00+00:00,NGF1@2010-12-28,2010-12-28 19:30:00+00:00,4.349,2010-12-05 23:20:24.043000+00:00,
2010-12-03 00:00:00+00:00,NGG1@2011-01-27,2011-01-27 19:30:00+00:00,4.359,2010-12-05 23:06:44.926000+00:00,
2010-12-06 00:00:00+00:00,NGF1@2010-12-28,2010-12-28 19:30:00+00:00,4.488,2010-12-07 01:00:45.280000+00:00,
2010-12-06 00:00:00+00:00,NGG1@2011-01-27,2011-01-27 19:30:00+00:00,4.488,2010-12-07 01:00:45.331000+00:00,
2010-12-07 00:00:00+00:00,NGF1@2010-12-28,2010-12-28 19:30:00+00:00,4.393,2010-12-08 01:00:35.406000+00:00,
2010-12-07 00:00:00+00:00,NGG1@2011-01-27,2011-01-27 19:30:00+00:00,4.401,2010-12-08 01:00:35.452000+00:00,
2010-12-08 00:00:00+00:00,NGF1@2010-12-28,2010-12-28 19:30:00+00:00,4.606,2010-12-09 01:00:46.287000+00:00,
2010-12-08 00:00:00+00:00,NGG1@2011-01-27,2011-01-27 19:30:00+00:00,4.604,2010-12-09 01:00:46.345000+00:00,
2010-12-09 00:00:00+00:00,NGF1@2010-12-28,2010-12-28 19:30:00+00:00,4.435,2010-12-10 01:01:02.488000+00:00,
2010-12-09 00:00:00+00:00,NGG1@2011-01-27,2011-01-27 19:30:00+00:00,4.44,2010-12-10 01:01:02.553000+00:00,
2010-12-10 00:00:00+00:00,NGF1@2010-12-28,2010-12-28 19:30:00+00:00,4.417,2010-12-12 23:21:50.799000+00:00,
2010-12-10 00:00:00+00:00,NGG1@2011-01-27,2011-01-27 19:30:00+00:00,4.428,2010-12-12 23:21:51.179000+00:00,
2010-12-13 00:00:00+00:00,NGF1@2010-12-28,2010-12-28 19:30:00+00:00,4.42,2010-12-14 01:10:10.588000+00:00,
2010-12-13 00:00:00+00:00,NGG1@2011-01-27,2011-01-27 19:30:00+00:00,4.434,2010-12-14 01:10:10.638000+00:00,
2010-12-14 00:00:00+00:00,NGF1@2010-12-28,2010-12-28 19:30:00+00:00,4.255,2010-12-15 01:00:34.850000+00:00,
2010-12-14 00:00:00+00:00,NGG1@2011-01-27,2011-01-27 19:30:00+00:00,4.284,2010-12-15 01:00:34.900000+00:00,
2010-12-15 00:00:00+00:00,NGF1@2010-12-28,2010-12-28 19:30:00+00:00,4.222,2010-12-16 01:00:34.449000+00:00,
2010-12-15 00:00:00+00:00,NGG1@2011-01-27,2011-01-27 19:30:00+00:00,4.251,2010-12-16 01:00:34.494000+00:00,
2010-12-16 00:00:00+00:00,NGF1@2010-12-28,2010-12-28 19:30:00+00:00,4.048,2010-12-17 01:00:47.814000+00:00,
2010-12-16 00:00:00+00:00,NGG1@2011-01-27,2011-01-27 19:30:00+00:00,4.084,2010-12-17 01:00:47.879000+00:00,
2010-12-17 00:00:00+00:00,NGF1@2010-12-28,2010-12-28 19:30:00+00:00,4.066,2010-12-19 23:52:07.950000+00:00,
2010-12-17 00:00:00+00:00,NGG1@2011-01-27,2011-01-27 19:30:00+00:00,4.103,2010-12-19 23:52:06.337000+00:00,
2010-12-20 00:00:00+00:00,NGF1@2010-12-28,2010-12-28 19:30:00+00:00,4.237,2010-12-21 01:43:07.341000+00:00,
2010-12-20 00:00:00+00:00,NGG1@2011-01-27,2011-01-27 19:30:00+00:00,4.264,2010-12-21 01:43:07.405000+00:00,
2010-12-21 00:00:00+00:00,NGF1@2010-12-28,2010-12-28 19:30:00+00:00,4.059,2010-12-22 01:25:38.960000+00:00,
2010-12-21 00:00:00+00:00,NGG1@2011-01-27,2011-01-27 19:30:00+00:00,4.084,2010-12-22 01:25:39.016000+00:00,
2010-12-22 00:00:00+00:00,NGF1@2010-12-28,2010-12-28 19:30:00+00:00,4.152,2010-12-23 01:19:38.912000+00:00,
2010-12-22 00:00:00+00:00,NGG1@2011-01-27,2011-01-27 19:30:00+00:00,4.188,2010-12-23 01:19:38.959000+00:00,
2010-12-23 00:00:00+00:00,NGF1@2010-12-28,2010-12-28 19:30:00+00:00,4.083,2010-12-24 01:47:19.097000+00:00,
2010-12-23 00:00:00+00:00,NGG1@2011-01-27,2011-01-27 19:30:00+00:00,4.133,2010-12-24 01:47:19.137000+00:00,
2010-12-24 00:00:00+00:00,NGF1@2010-12-28,2010-12-28 19:30:00+00:00,4.083,2010-12-26 23:22:02.047000+00:00,
2010-12-24 00:00:00+00:00,NGG1@2011-01-27,2011-01-27 19:30:00+00:00,4.133,2010-12-26 23:00:04.106000+00:00,
2010-12-27 00:00:00+00:00,NGF1@2010-12-28,2010-12-28 19:30:00+00:00,4.112,2010-12-28 01:00:34.255000+00:00,
2010-12-27 00:00:00+00:00,NGG1@2011-01-27,2011-01-27 19:30:00+00:00,4.155,2010-12-28 01:00:34.302000+00:00,
2010-12-28 00:00:00+00:00,NGG1@2011-01-27,2011-01-27 19:30:00+00:00,4.288,2010-12-29 01:00:48.383000+00:00,
2010-12-29 00:00:00+00:00,NGG1@2011-01-27,2011-01-27 19:30:00+00:00,4.287,2010-12-30 01:00:34.344000+00:00,
2010-12-30 00:00:00+00:00,NGG1@2011-01-27,2011-01-27 19:30:00+00:00,4.338,2010-12-31 01:00:34.790000+00:00,
2010-12-31 00:00:00+00:00,NGG1@2011-01-27,2011-01-27 19:30:00+00:00,4.405,2011-01-02 23:09:42.884000+00:00,
