trade_date,session_open,contract_id,expiration,open_price,next_trade_date,next_session_open,next_selected_contract_id,next_open_same_contract,path_move_per_mmbtu,roll_at_next_open
2010-07-08 00:00:00+00:00,2010-07-08 00:00:00+00:00,NGQ0@2010-07-28,2010-07-28 18:30:00+00:00,4.602,2010-07-09 00:00:00+00:00,2010-07-09 00:00:00+00:00,NGQ0@2010-07-28,4.402,-0.20000000000000018,False
2010-07-09 00:00:00+00:00,2010-07-09 00:00:00+00:00,NGQ0@2010-07-28,2010-07-28 18:30:00+00:00,4.402,2010-07-11 00:00:00+00:00,2010-07-11 00:00:00+00:00,NGQ0@2010-07-28,4.421,0.019000000000000128,False
2010-07-11 00:00:00+00:00,2010-07-11 00:00:00+00:00,NGQ0@2010-07-28,2010-07-28 18:30:00+00:00,4.421,2010-07-12 00:00:00+00:00,2010-07-12 00:00:00+00:00,NGQ0@2010-07-28,4.442,0.020999999999999908,False
2010-07-12 00:00:00+00:00,2010-07-12 00:00:00+00:00,NGQ0@2010-07-28,2010-07-28 18:30:00+00:00,4.442,2010-07-13 00:00:00+00:00,2010-07-13 00:00:00+00:00,NGQ0@2010-07-28,4.397,-0.04499999999999993,False
2010-07-13 00:00:00+00:00,2010-07-13 00:00:00+00:00,NGQ0@2010-07-28,2010-07-28 18:30:00+00:00,4.397,2010-07-14 00:00:00+00:00,2010-07-14 00:00:00+00:00,NGQ0@2010-07-28,4.374,-0.023000000000000576,False
2010-07-14 00:00:00+00:00,2010-07-14 00:00:00+00:00,NGQ0@2010-07-28,2010-07-28 18:30:00+00:00,4.374,2010-07-15 00:00:00+00:00,2010-07-15 00:00:00+00:00,NGQ0@2010-07-28,4.322,-0.0519999999999996,False
2010-07-15 00:00:00+00:00,2010-07-15 00:00:00+00:00,NGQ0@2010-07-28,2010-07-28 18:30:00+00:00,4.322,2010-07-16 00:00:00+00:00,2010-07-16 00:00:00+00:00,NGQ0@2010-07-28,4.617,0.29499999999999993,False
2010-07-16 00:00:00+00:00,2010-07-16 00:00:00+00:00,NGQ0@2010-07-28,2010-07-28 18:30:00+00:00,4.617,2010-07-18 00:00:00+00:00,2010-07-18 00:00:00+00:00,NGQ0@2010-07-28,4.531,-0.0860000000000003,False
2010-07-18 00:00:00+00:00,2010-07-18 00:00:00+00:00,NGQ0@2010-07-28,2010-07-28 18:30:00+00:00,4.531,2010-07-19 00:00:00+00:00,2010-07-19 00:00:00+00:00,NGQ0@2010-07-28,4.522,-0.008999999999999453,False
2010-07-19 00:00:00+00:00,2010-07-19 00:00:00+00:00,NGQ0@2010-07-28,2010-07-28 18:30:00+00:00,4.522,2010-07-20 00:00:00+00:00,2010-07-20 00:00:00+00:00,NGQ0@2010-07-28,4.505,-0.017000000000000348,False
2010-07-20 00:00:00+00:00,2010-07-20 00:00:00+00:00,NGQ0@2010-07-28,2010-07-28 18:30:00+00:00,4.505,2010-07-21 00:00:00+00:00,2010-07-21 00:00:00+00:00,NGQ0@2010-07-28,4.63,0.125,False
2010-07-21 00:00:00+00:00,2010-07-21 00:00:00+00:00,NGQ0@2010-07-28,2010-07-28 18:30:00+00:00,4.63,2010-07-22 00:00:00+00:00,2010-07-22 00:00:00+00:00,NGQ0@2010-07-28,4.526,-0.10400000000000009,False
2010-07-22 00:00:00+00:00,2010-07-22 00:00:00+00:00,NGQ0@2010-07-28,2010-07-28 18:30:00+00:00,4.526,2010-07-23 00:00:00+00:00,2010-07-23 00:00:00+00:00,NGQ0@2010-07-28,4.662,0.13600000000000012,False
2010-07-23 00:00:00+00:00,2010-07-23 00:00:00+00:00,NGQ0@2010-07-28,2010-07-28 18:30:00+00:00,4.662,2010-07-25 00:00:00+00:00,2010-07-25 00:00:00+00:00,NGQ0@2010-07-28,4.561,-0.10099999999999998,False
2010-07-25 00:00:00+00:00,2010-07-25 00:00:00+00:00,NGQ0@2010-07-28,2010-07-28 18:30:00+00:00,4.561,2010-07-26 00:00:00+00:00,2010-07-26 00:00:00+00:00,NGQ0@2010-07-28,4.547,-0.014000000000000234,False
2010-07-26 00:00:00+00:00,2010-07-26 00:00:00+00:00,NGQ0@2010-07-28,2010-07-28 18:30:00+00:00,4.547,2010-07-27 00:00:00+00:00,2010-07-27 00:00:00+00:00,NGQ0@2010-07-28,4.629,0.08199999999999985,False
2010-07-27 00:00:00+00:00,2010-07-27 00:00:00+00:00,NGQ0@2010-07-28,2010-07-28 18:30:00+00:00,4.629,2010-07-28 00:00:00+00:00,2010-07-28 00:00:00+00:00,NGU0@2010-08-27,4.692,0.06300000000000061,True
2010-07-28 00:00:00+00:00,2010-07-28 00:00:00+00:00,NGU0@2010-08-27,2010-08-27 18:30:00+00:00,4.669,2010-07-29 00:00:00+00:00,2010-07-29 00:00:00+00:00,NGU0@2010-08-27,4.707,0.038000000000000256,False
2010-07-29 00:00:00+00:00,2010-07-29 00:00:00+00:00,NGU0@2010-08-27,2010-08-27 18:30:00+00:00,4.707,2010-07-30 00:00:00+00:00,2010-07-30 00:00:00+00:00,NGU0@2010-08-27,4.84,0.133,False
2010-07-30 00:00:00+00:00,2010-07-30 00:00:00+00:00,NGU0@2010-08-27,2010-08-27 18:30:00+00:00,4.84,2010-08-01 00:00:00+00:00,2010-08-01 00:00:00+00:00,NGU0@2010-08-27,4.988,0.14800000000000058,False
2010-08-01 00:00:00+00:00,2010-08-01 00:00:00+00:00,NGU0@2010-08-27,2010-08-27 18:30:00+00:00,4.988,2010-08-02 00:00:00+00:00,2010-08-02 00:00:00+00:00,NGU0@2010-08-27,4.997,0.008999999999999453,False
2010-08-02 00:00:00+00:00,2010-08-02 00:00:00+00:00,NGU0@2010-08-27,2010-08-27 18:30:00+00:00,4.997,2010-08-03 00:00:00+00:00,2010-08-03 00:00:00+00:00,NGU0@2010-08-27,4.729,-0.2679999999999998,False
2010-08-03 00:00:00+00:00,2010-08-03 00:00:00+00:00,NGU0@2010-08-27,2010-08-27 18:30:00+00:00,4.729,2010-08-04 00:00:00+00:00,2010-08-04 00:00:00+00:00,NGU0@2010-08-27,4.66,-0.06899999999999995,False
2010-08-04 00:00:00+00:00,2010-08-04 00:00:00+00:00,NGU0@2010-08-27,2010-08-27 18:30:00+00:00,4.66,2010-08-05 00:00:00+00:00,2010-08-05 00:00:00+00:00,NGU0@2010-08-27,4.73,0.07000000000000028,False
2010-08-05 00:00:00+00:00,2010-08-05 00:00:00+00:00,NGU0@2010-08-27,2010-08-27 18:30:00+00:00,4.73,2010-08-06 00:00:00+00:00,2010-08-06 00:00:00+00:00,NGU0@2010-08-27,4.616,-0.11400000000000077,False
2010-08-06 00:00:00+00:00,2010-08-06 00:00:00+00:00,NGU0@2010-08-27,2010-08-27 18:30:00+00:00,4.616,2010-08-08 00:00:00+00:00,2010-08-08 00:00:00+00:00,NGU0@2010-08-27,4.452,-0.1639999999999997,False
2010-08-08 00:00:00+00:00,2010-08-08 00:00:00+00:00,NGU0@2010-08-27,2010-08-27 18:30:00+00:00,4.452,2010-08-09 00:00:00+00:00,2010-08-09 00:00:00+00:00,NGU0@2010-08-27,4.463,0.01100000000000012,False
2010-08-09 00:00:00+00:00,2010-08-09 00:00:00+00:00,NGU0@2010-08-27,2010-08-27 18:30:00+00:00,4.463,2010-08-10 00:00:00+00:00,2010-08-10 00:00:00+00:00,NGU0@2010-08-27,4.329,-0.13400000000000034,False
2010-08-10 00:00:00+00:00,2010-08-10 00:00:00+00:00,NGU0@2010-08-27,2010-08-27 18:30:00+00:00,4.329,2010-08-11 00:00:00+00:00,2010-08-11 00:00:00+00:00,NGU0@2010-08-27,4.312,-0.01699999999999946,False
2010-08-11 00:00:00+00:00,2010-08-11 00:00:00+00:00,NGU0@2010-08-27,2010-08-27 18:30:00+00:00,4.312,2010-08-12 00:00:00+00:00,2010-08-12 00:00:00+00:00,NGU0@2010-08-27,4.312,0.0,False
2010-08-12 00:00:00+00:00,2010-08-12 00:00:00+00:00,NGU0@2010-08-27,2010-08-27 18:30:00+00:00,4.312,2010-08-13 00:00:00+00:00,2010-08-13 00:00:00+00:00,NGU0@2010-08-27,4.281,-0.031000000000000583,False
2010-08-13 00:00:00+00:00,2010-08-13 00:00:00+00:00,NGU0@2010-08-27,2010-08-27 18:30:00+00:00,4.281,2010-08-15 00:00:00+00:00,2010-08-15 00:00:00+00:00,NGU0@2010-08-27,4.336,0.055000000000000604,False
2010-08-15 00:00:00+00:00,2010-08-15 00:00:00+00:00,NGU0@2010-08-27,2010-08-27 18:30:00+00:00,4.336,2010-08-16 00:00:00+00:00,2010-08-16 00:00:00+00:00,NGU0@2010-08-27,4.329,-0.007000000000000561,False
2010-08-16 00:00:00+00:00,2010-08-16 00:00:00+00:00,NGU0@2010-08-27,2010-08-27 18:30:00+00:00,4.329,2010-08-17 00:00:00+00:00,2010-08-17 00:00:00+00:00,NGU0@2010-08-27,4.235,-0.09399999999999942,False
2010-08-17 00:00:00+00:00,2010-08-17 00:00:00+00:00,NGU0@2010-08-27,2010-08-27 18:30:00+00:00,4.235,2010-08-18 00:00:00+00:00,2010-08-18 00:00:00+00:00,NGU0@2010-08-27,4.281,0.045999999999999375,False
2010-08-18 00:00:00+00:00,2010-08-18 00:00:00+00:00,NGU0@2010-08-27,2010-08-27 18:30:00+00:00,4.281,2010-08-19 00:00:00+00:00,2010-08-19 00:00:00+00:00,NGU0@2010-08-27,4.231,-0.04999999999999982,False
2010-08-19 00:00:00+00:00,2010-08-19 00:00:00+00:00,NGU0@2010-08-27,2010-08-27 18:30:00+00:00,4.231,2010-08-20 00:00:00+00:00,2010-08-20 00:00:00+00:00,NGU0@2010-08-27,4.167,-0.06400000000000006,False
2010-08-20 00:00:00+00:00,2010-08-20 00:00:00+00:00,NGU0@2010-08-27,2010-08-27 18:30:00+00:00,4.167,2010-08-22 00:00:00+00:00,2010-08-22 00:00:00+00:00,NGU0@2010-08-27,4.066,-0.10099999999999998,False
2010-08-22 00:00:00+00:00,2010-08-22 00:00:00+00:00,NGU0@2010-08-27,2010-08-27 18:30:00+00:00,4.066,2010-08-23 00:00:00+00:00,2010-08-23 00:00:00+00:00,NGU0@2010-08-27,4.052,-0.014000000000000234,False
2010-08-23 00:00:00+00:00,2010-08-23 00:00:00+00:00,NGU0@2010-08-27,2010-08-27 18:30:00+00:00,4.052,2010-08-24 00:00:00+00:00,2010-08-24 00:00:00+00:00,NGU0@2010-08-27,4.081,0.029000000000000803,False
2010-08-24 00:00:00+00:00,2010-08-24 00:00:00+00:00,NGU0@2010-08-27,2010-08-27 18:30:00+00:00,4.081,2010-08-25 00:00:00+00:00,2010-08-25 00:00:00+00:00,NGU0@2010-08-27,4.044,-0.03700000000000081,False
2010-08-25 00:00:00+00:00,2010-08-25 00:00:00+00:00,NGU0@2010-08-27,2010-08-27 18:30:00+00:00,4.044,2010-08-26 00:00:00+00:00,2010-08-26 00:00:00+00:00,NGV0@2010-09-28,3.924,-0.11999999999999966,True
2010-08-26 00:00:00+00:00,2010-08-26 00:00:00+00:00,NGV0@2010-09-28,2010-09-28 18:30:00+00:00,3.95,2010-08-27 00:00:00+00:00,2010-08-27 00:00:00+00:00,NGV0@2010-09-28,3.848,-0.10200000000000031,False
2010-08-27 00:00:00+00:00,2010-08-27 00:00:00+00:00,NGV0@2010-09-28,2010-09-28 18:30:00+00:00,3.848,2010-08-29 00:00:00+00:00,2010-08-29 00:00:00+00:00,NGV0@2010-09-28,3.746,-0.10199999999999987,False
2010-08-29 00:00:00+00:00,2010-08-29 00:00:00+00:00,NGV0@2010-09-28,2010-09-28 18:30:00+00:00,3.746,2010-08-30 00:00:00+00:00,2010-08-30 00:00:00+00:00,NGV0@2010-09-28,3.763,0.016999999999999904,False
2010-08-30 00:00:00+00:00,2010-08-30 00:00:00+00:00,NGV0@2010-09-28,2010-09-28 18:30:00+00:00,3.763,2010-08-31 00:00:00+00:00,2010-08-31 00:00:00+00:00,NGV0@2010-09-28,3.837,0.07400000000000029,False
2010-08-31 00:00:00+00:00,2010-08-31 00:00:00+00:00,NGV0@2010-09-28,2010-09-28 18:30:00+00:00,3.837,2010-09-01 00:00:00+00:00,2010-09-01 00:00:00+00:00,NGV0@2010-09-28,3.766,-0.07100000000000017,False
2010-09-01 00:00:00+00:00,2010-09-01 00:00:00+00:00,NGV0@2010-09-28,2010-09-28 18:30:00+00:00,3.766,2010-09-02 00:00:00+00:00,2010-09-02 00:00:00+00:00,NGV0@2010-09-28,3.735,-0.03100000000000014,False
2010-09-02 00:00:00+00:00,2010-09-02 00:00:00+00:00,NGV0@2010-09-28,2010-09-28 18:30:00+00:00,3.735,2010-09-03 00:00:00+00:00,2010-09-03 00:00:00+00:00,NGV0@2010-09-28,3.776,0.040999999999999925,False
2010-09-03 00:00:00+00:00,2010-09-03 00:00:00+00:00,NGV0@2010-09-28,2010-09-28 18:30:00+00:00,3.776,2010-09-05 00:00:00+00:00,2010-09-05 00:00:00+00:00,NGV0@2010-09-28,3.933,0.15700000000000003,False
2010-09-05 00:00:00+00:00,2010-09-05 00:00:00+00:00,NGV0@2010-09-28,2010-09-28 18:30:00+00:00,3.933,2010-09-06 00:00:00+00:00,2010-09-06 00:00:00+00:00,NGV0@2010-09-28,3.899,-0.03399999999999981,False
2010-09-06 00:00:00+00:00,2010-09-06 00:00:00+00:00,NGV0@2010-09-28,2010-09-28 18:30:00+00:00,3.899,2010-09-07 00:00:00+00:00,2010-09-07 00:00:00+00:00,NGV0@2010-09-28,3.875,-0.02400000000000002,False
2010-09-07 00:00:00+00:00,2010-09-07 00:00:00+00:00,NGV0@2010-09-28,2010-09-28 18:30:00+00:00,3.875,2010-09-08 00:00:00+00:00,2010-09-08 00:00:00+00:00,NGV0@2010-09-28,3.89,0.015000000000000124,False
2010-09-08 00:00:00+00:00,2010-09-08 00:00:00+00:00,NGV0@2010-09-28,2010-09-28 18:30:00+00:00,3.89,2010-09-09 00:00:00+00:00,2010-09-09 00:00:00+00:00,NGV0@2010-09-28,3.82,-0.07000000000000028,False
2010-09-09 00:00:00+00:00,2010-09-09 00:00:00+00:00,NGV0@2010-09-28,2010-09-28 18:30:00+00:00,3.82,2010-09-10 00:00:00+00:00,2010-09-10 00:00:00+00:00,NGV0@2010-09-28,3.799,-0.020999999999999908,False
2010-09-10 00:00:00+00:00,2010-09-10 00:00:00+00:00,NGV0@2010-09-28,2010-09-28 18:30:00+00:00,3.799,2010-09-12 00:00:00+00:00,2010-09-12 00:00:00+00:00,NGV0@2010-09-28,3.834,0.03500000000000014,False
2010-09-12 00:00:00+00:00,2010-09-12 00:00:00+00:00,NGV0@2010-09-28,2010-09-28 18:30:00+00:00,3.834,2010-09-13 00:00:00+00:00,2010-09-13 00:00:00+00:00,NGV0@2010-09-28,3.842,0.008000000000000007,False
2010-09-13 00:00:00+00:00,2010-09-13 00:00:00+00:00,NGV0@2010-09-28,2010-09-28 18:30:00+00:00,3.842,2010-09-14 00:00:00+00:00,2010-09-14 00:00:00+00:00,NGV0@2010-09-28,3.937,0.09499999999999975,False
2010-09-14 00:00:00+00:00,2010-09-14 00:00:00+00:00,NGV0@2010-09-28,2010-09-28 18:30:00+00:00,3.937,2010-09-15 00:00:00+00:00,2010-09-15 00:00:00+00:00,NGV0@2010-09-28,3.965,0.028000000000000025,False
2010-09-15 00:00:00+00:00,2010-09-15 00:00:00+00:00,NGV0@2010-09-28,2010-09-28 18:30:00+00:00,3.965,2010-09-16 00:00:00+00:00,2010-09-16 00:00:00+00:00,NGV0@2010-09-28,3.999,0.03400000000000025,False
2010-09-16 00:00:00+00:00,2010-09-16 00:00:00+00:00,NGV0@2010-09-28,2010-09-28 18:30:00+00:00,3.999,2010-09-17 00:00:00+00:00,2010-09-17 00:00:00+00:00,NGV0@2010-09-28,4.066,0.06699999999999973,False
2010-09-17 00:00:00+00:00,2010-09-17 00:00:00+00:00,NGV0@2010-09-28,2010-09-28 18:30:00+00:00,4.066,2010-09-19 00:00:00+00:00,2010-09-19 00:00:00+00:00,NGV0@2010-09-28,3.97,-0.09599999999999964,False
2010-09-19 00:00:00+00:00,2010-09-19 00:00:00+00:00,NGV0@2010-09-28,2010-09-28 18:30:00+00:00,3.97,2010-09-20 00:00:00+00:00,2010-09-20 00:00:00+00:00,NGV0@2010-09-28,3.929,-0.04100000000000037,False
2010-09-20 00:00:00+00:00,2010-09-20 00:00:00+00:00,NGV0@2010-09-28,2010-09-28 18:30:00+00:00,3.929,2010-09-21 00:00:00+00:00,2010-09-21 00:00:00+00:00,NGV0@2010-09-28,3.833,-0.09599999999999964,False
2010-09-21 00:00:00+00:00,2010-09-21 00:00:00+00:00,NGV0@2010-09-28,2010-09-28 18:30:00+00:00,3.833,2010-09-22 00:00:00+00:00,2010-09-22 00:00:00+00:00,NGV0@2010-09-28,3.936,0.10299999999999976,False
2010-09-22 00:00:00+00:00,2010-09-22 00:00:00+00:00,NGV0@2010-09-28,2010-09-28 18:30:00+00:00,3.936,2010-09-23 00:00:00+00:00,2010-09-23 00:00:00+00:00,NGV0@2010-09-28,3.986,0.050000000000000266,False
2010-09-23 00:00:00+00:00,2010-09-23 00:00:00+00:00,NGV0@2010-09-28,2010-09-28 18:30:00+00:00,3.986,2010-09-24 00:00:00+00:00,2010-09-24 00:00:00+00:00,NGV0@2010-09-28,4.034,0.0479999999999996,False
2010-09-24 00:00:00+00:00,2010-09-24 00:00:00+00:00,NGV0@2010-09-28,2010-09-28 18:30:00+00:00,4.034,2010-09-26 00:00:00+00:00,2010-09-26 00:00:00+00:00,NGV0@2010-09-28,3.818,-0.21599999999999975,False
2010-09-26 00:00:00+00:00,2010-09-26 00:00:00+00:00,NGV0@2010-09-28,2010-09-28 18:30:00+00:00,3.818,2010-09-27 00:00:00+00:00,2010-09-27 00:00:00+00:00,NGV0@2010-09-28,3.803,-0.015000000000000124,False
2010-09-27 00:00:00+00:00,2010-09-27 00:00:00+00:00,NGV0@2010-09-28,2010-09-28 18:30:00+00:00,3.803,2010-09-28 00:00:00+00:00,2010-09-28 00:00:00+00:00,NGV0@2010-09-28,3.793,-0.009999999999999787,False
2010-09-28 00:00:00+00:00,2010-09-28 00:00:00+00:00,NGV0@2010-09-28,2010-09-28 18:30:00+00:00,3.793,,,,,,False
2010-09-29 00:00:00+00:00,2010-09-29 00:00:00+00:00,NGX0@2010-10-27,2010-10-27 18:30:00+00:00,3.957,2010-09-30 00:00:00+00:00,2010-09-30 00:00:00+00:00,NGX0@2010-10-27,3.969,0.01200000000000001,False
2010-09-30 00:00:00+00:00,2010-09-30 00:00:00+00:00,NGX0@2010-10-27,2010-10-27 18:30:00+00:00,3.969,2010-10-01 00:00:00+00:00,2010-10-01 00:00:00+00:00,NGX0@2010-10-27,3.859,-0.10999999999999988,False
2010-10-01 00:00:00+00:00,2010-10-01 00:00:00+00:00,NGX0@2010-10-27,2010-10-27 18:30:00+00:00,3.859,2010-10-03 00:00:00+00:00,2010-10-03 00:00:00+00:00,NGX0@2010-10-27,3.752,-0.1070000000000002,False
2010-10-03 00:00:00+00:00,2010-10-03 00:00:00+00:00,NGX0@2010-10-27,2010-10-27 18:30:00+00:00,3.752,2010-10-04 00:00:00+00:00,2010-10-04 00:00:00+00:00,NGX0@2010-10-27,3.784,0.03200000000000003,False
2010-10-04 00:00:00+00:00,2010-10-04 00:00:00+00:00,NGX0@2010-10-27,2010-10-27 18:30:00+00:00,3.784,2010-10-05 00:00:00+00:00,2010-10-05 00:00:00+00:00,NGX0@2010-10-27,3.737,-0.04699999999999971,False
2010-10-05 00:00:00+00:00,2010-10-05 00:00:00+00:00,NGX0@2010-10-27,2010-10-27 18:30:00+00:00,3.737,2010-10-06 00:00:00+00:00,2010-10-06 00:00:00+00:00,NGX0@2010-10-27,3.77,0.03299999999999992,False
2010-10-06 00:00:00+00:00,2010-10-06 00:00:00+00:00,NGX0@2010-10-27,2010-10-27 18:30:00+00:00,3.77,2010-10-07 00:00:00+00:00,2010-10-07 00:00:00+00:00,NGX0@2010-10-27,3.877,0.10699999999999976,False
2010-10-07 00:00:00+00:00,2010-10-07 00:00:00+00:00,NGX0@2010-10-27,2010-10-27 18:30:00+00:00,3.877,2010-10-08 00:00:00+00:00,2010-10-08 00:00:00+00:00,NGX0@2010-10-27,3.611,-0.26599999999999957,False
2010-10-08 00:00:00+00:00,2010-10-08 00:00:00+00:00,NGX0@2010-10-27,2010-10-27 18:30:00+00:00,3.611,2010-10-10 00:00:00+00:00,2010-10-10 00:00:00+00:00,NGX0@2010-10-27,3.646,0.0349999999999997,False
2010-10-10 00:00:00+00:00,2010-10-10 00:00:00+00:00,NGX0@2010-10-27,2010-10-27 18:30:00+00:00,3.646,2010-10-11 00:00:00+00:00,2010-10-11 00:00:00+00:00,NGX0@2010-10-27,3.631,-0.015000000000000124,False
2010-10-11 00:00:00+00:00,2010-10-11 00:00:00+00:00,NGX0@2010-10-27,2010-10-27 18:30:00+00:00,3.631,2010-10-12 00:00:00+00:00,2010-10-12 00:00:00+00:00,NGX0@2010-10-27,3.597,-0.03399999999999981,False
2010-10-12 00:00:00+00:00,2010-10-12 00:00:00+00:00,NGX0@2010-10-27,2010-10-27 18:30:00+00:00,3.597,2010-10-13 00:00:00+00:00,2010-10-13 00:00:00+00:00,NGX0@2010-10-27,3.645,0.04800000000000004,False
2010-10-13 00:00:00+00:00,2010-10-13 00:00:00+00:00,NGX0@2010-10-27,2010-10-27 18:30:00+00:00,3.645,2010-10-14 00:00:00+00:00,2010-10-14 00:00:00+00:00,NGX0@2010-10-27,3.673,0.028000000000000025,False
2010-10-14 00:00:00+00:00,2010-10-14 00:00:00+00:00,NGX0@2010-10-27,2010-10-27 18:30:00+00:00,3.673,2010-10-15 00:00:00+00:00,2010-10-15 00:00:00+00:00,NGX0@2010-10-27,3.646,-0.027000000000000135,False
2010-10-15 00:00:00+00:00,2010-10-15 00:00:00+00:00,NGX0@2010-10-27,2010-10-27 18:30:00+00:00,3.646,2010-10-17 00:00:00+00:00,2010-10-17 00:00:00+00:00,NGX0@2010-10-27,3.48,-0.16599999999999993,False
2010-10-17 00:00:00+00:00,2010-10-17 00:00:00+00:00,NGX0@2010-10-27,2010-10-27 18:30:00+00:00,3.48,2010-10-18 00:00:00+00:00,2010-10-18 00:00:00+00:00,NGX0@2010-10-27,3.48,0.0,False
2010-10-18 00:00:00+00:00,2010-10-18 00:00:00+00:00,NGX0@2010-10-27,2010-10-27 18:30:00+00:00,3.48,2010-10-19 00:00:00+00:00,2010-10-19 00:00:00+00:00,NGX0@2010-10-27,3.416,-0.06400000000000006,False
2010-10-19 00:00:00+00:00,2010-10-19 00:00:00+00:00,NGX0@2010-10-27,2010-10-27 18:30:00+00:00,3.416,2010-10-20 00:00:00+00:00,2010-10-20 00:00:00+00:00,NGX0@2010-10-27,3.522,0.10599999999999987,False
2010-10-20 00:00:00+00:00,2010-10-20 00:00:00+00:00,NGX0@2010-10-27,2010-10-27 18:30:00+00:00,3.522,2010-10-21 00:00:00+00:00,2010-10-21 00:00:00+00:00,NGX0@2010-10-27,3.527,0.0050000000000003375,False
2010-10-21 00:00:00+00:00,2010-10-21 00:00:00+00:00,NGX0@2010-10-27,2010-10-27 18:30:00+00:00,3.527,2010-10-22 00:00:00+00:00,2010-10-22 00:00:00+00:00,NGX0@2010-10-27,3.398,-0.129,False
2010-10-22 00:00:00+00:00,2010-10-22 00:00:00+00:00,NGX0@2010-10-27,2010-10-27 18:30:00+00:00,3.398,2010-10-24 00:00:00+00:00,2010-10-24 00:00:00+00:00,NGX0@2010-10-27,3.292,-0.10600000000000032,False
2010-10-24 00:00:00+00:00,2010-10-24 00:00:00+00:00,NGX0@2010-10-27,2010-10-27 18:30:00+00:00,3.292,2010-10-25 00:00:00+00:00,2010-10-25 00:00:00+00:00,NGX0@2010-10-27,3.27,-0.021999999999999797,False
2010-10-25 00:00:00+00:00,2010-10-25 00:00:00+00:00,NGX0@2010-10-27,2010-10-27 18:30:00+00:00,3.27,2010-10-26 00:00:00+00:00,2010-10-26 00:00:00+00:00,NGX0@2010-10-27,3.343,0.07299999999999995,False
2010-10-26 00:00:00+00:00,2010-10-26 00:00:00+00:00,NGX0@2010-10-27,2010-10-27 18:30:00+00:00,3.343,2010-10-27 00:00:00+00:00,2010-10-27 00:00:00+00:00,NGZ0@2010-11-24,3.339,-0.0040000000000000036,True
2010-10-27 00:00:00+00:00,2010-10-27 00:00:00+00:00,NGZ0@2010-11-24,2010-11-24 19:30:00+00:00,3.767,2010-10-28 00:00:00+00:00,2010-10-28 00:00:00+00:00,NGZ0@2010-11-24,3.787,0.020000000000000018,False
2010-10-28 00:00:00+00:00,2010-10-28 00:00:00+00:00,NGZ0@2010-11-24,2010-11-24 19:30:00+00:00,3.787,2010-10-29 00:00:00+00:00,2010-10-29 00:00:00+00:00,NGZ0@2010-11-24,3.919,0.13200000000000012,False
2010-10-29 00:00:00+00:00,2010-10-29 00:00:00+00:00,NGZ0@2010-11-24,2010-11-24 19:30:00+00:00,3.919,2010-10-31 00:00:00+00:00,2010-10-31 00:00:00+00:00,NGZ0@2010-11-24,4.031,0.11199999999999966,False
2010-10-31 00:00:00+00:00,2010-10-31 00:00:00+00:00,NGZ0@2010-11-24,2010-11-24 19:30:00+00:00,4.031,2010-11-01 00:00:00+00:00,2010-11-01 00:00:00+00:00,NGZ0@2010-11-24,4.056,0.025000000000000355,False
2010-11-01 00:00:00+00:00,2010-11-01 00:00:00+00:00,NGZ0@2010-11-24,2010-11-24 19:30:00+00:00,4.056,2010-11-02 00:00:00+00:00,2010-11-02 00:00:00+00:00,NGZ0@2010-11-24,3.832,-0.2240000000000002,False
2010-11-02 00:00:00+00:00,2010-11-02 00:00:00+00:00,NGZ0@2010-11-24,2010-11-24 19:30:00+00:00,3.832,2010-11-03 00:00:00+00:00,2010-11-03 00:00:00+00:00,NGZ0@2010-11-24,3.858,0.026000000000000245,False
2010-11-03 00:00:00+00:00,2010-11-03 00:00:00+00:00,NGZ0@2010-11-24,2010-11-24 19:30:00+00:00,3.858,2010-11-04 00:00:00+00:00,2010-11-04 00:00:00+00:00,NGZ0@2010-11-24,3.822,-0.03600000000000003,False
2010-11-04 00:00:00+00:00,2010-11-04 00:00:00+00:00,NGZ0@2010-11-24,2010-11-24 19:30:00+00:00,3.822,2010-11-05 00:00:00+00:00,2010-11-05 00:00:00+00:00,NGZ0@2010-11-24,3.856,0.03399999999999981,False
2010-11-05 00:00:00+00:00,2010-11-05 00:00:00+00:00,NGZ0@2010-11-24,2010-11-24 19:30:00+00:00,3.856,2010-11-07 00:00:00+00:00,2010-11-07 00:00:00+00:00,NGZ0@2010-11-24,3.954,0.09800000000000031,False
2010-11-07 00:00:00+00:00,2010-11-07 00:00:00+00:00,NGZ0@2010-11-24,2010-11-24 19:30:00+00:00,3.954,2010-11-08 00:00:00+00:00,2010-11-08 00:00:00+00:00,NGZ0@2010-11-24,3.984,0.029999999999999805,False
2010-11-08 00:00:00+00:00,2010-11-08 00:00:00+00:00,NGZ0@2010-11-24,2010-11-24 19:30:00+00:00,3.984,2010-11-09 00:00:00+00:00,2010-11-09 00:00:00+00:00,NGZ0@2010-11-24,4.128,0.14400000000000013,False
2010-11-09 00:00:00+00:00,2010-11-09 00:00:00+00:00,NGZ0@2010-11-24,2010-11-24 19:30:00+00:00,4.128,2010-11-10 00:00:00+00:00,2010-11-10 00:00:00+00:00,NGZ0@2010-11-24,4.216,0.08800000000000008,False
2010-11-10 00:00:00+00:00,2010-11-10 00:00:00+00:00,NGZ0@2010-11-24,2010-11-24 19:30:00+00:00,4.216,2010-11-11 00:00:00+00:00,2010-11-11 00:00:00+00:00,NGZ0@2010-11-24,4.079,-0.13700000000000045,False
2010-11-11 00:00:00+00:00,2010-11-11 00:00:00+00:00,NGZ0@2010-11-24,2010-11-24 19:30:00+00:00,4.079,2010-11-12 00:00:00+00:00,2010-11-12 00:00:00+00:00,NGZ0@2010-11-24,3.921,-0.15799999999999992,False
2010-11-12 00:00:00+00:00,2010-11-12 00:00:00+00:00,NGZ0@2010-11-24,2010-11-24 19:30:00+00:00,3.921,2010-11-14 00:00:00+00:00,2010-11-14 00:00:00+00:00,NGZ0@2010-11-24,3.78,-0.14100000000000001,False
2010-11-14 00:00:00+00:00,2010-11-14 00:00:00+00:00,NGZ0@2010-11-24,2010-11-24 19:30:00+00:00,3.78,2010-11-15 00:00:00+00:00,2010-11-15 00:00:00+00:00,NGZ0@2010-11-24,3.815,0.03500000000000014,False
2010-11-15 00:00:00+00:00,2010-11-15 00:00:00+00:00,NGZ0@2010-11-24,2010-11-24 19:30:00+00:00,3.815,2010-11-16 00:00:00+00:00,2010-11-16 00:00:00+00:00,NGZ0@2010-11-24,3.873,0.058000000000000274,False
2010-11-16 00:00:00+00:00,2010-11-16 00:00:00+00:00,NGZ0@2010-11-24,2010-11-24 19:30:00+00:00,3.873,2010-11-17 00:00:00+00:00,2010-11-17 00:00:00+00:00,NGZ0@2010-11-24,3.825,-0.04800000000000004,False
2010-11-17 00:00:00+00:00,2010-11-17 00:00:00+00:00,NGZ0@2010-11-24,2010-11-24 19:30:00+00:00,3.825,2010-11-18 00:00:00+00:00,2010-11-18 00:00:00+00:00,NGZ0@2010-11-24,4.025,0.20000000000000018,False
2010-11-18 00:00:00+00:00,2010-11-18 00:00:00+00:00,NGZ0@2010-11-24,2010-11-24 19:30:00+00:00,4.025,2010-11-19 00:00:00+00:00,2010-11-19 00:00:00+00:00,NGZ0@2010-11-24,4.02,-0.005000000000000782,False
2010-11-19 00:00:00+00:00,2010-11-19 00:00:00+00:00,NGZ0@2010-11-24,2010-11-24 19:30:00+00:00,4.02,2010-11-21 00:00:00+00:00,2010-11-21 00:00:00+00:00,NGZ0@2010-11-24,4.162,0.14200000000000035,False
2010-11-21 00:00:00+00:00,2010-11-21 00:00:00+00:00,NGZ0@2010-11-24,2010-11-24 19:30:00+00:00,4.162,2010-11-22 00:00:00+00:00,2010-11-22 00:00:00+00:00,NGZ0@2010-11-24,4.182,0.020000000000000462,False
2010-11-22 00:00:00+00:00,2010-11-22 00:00:00+00:00,NGZ0@2010-11-24,2010-11-24 19:30:00+00:00,4.182,2010-11-23 00:00:00+00:00,2010-11-23 00:00:00+00:00,NGZ0@2010-11-24,4.277,0.09499999999999975,False
2010-11-23 00:00:00+00:00,2010-11-23 00:00:00+00:00,NGZ0@2010-11-24,2010-11-24 19:30:00+00:00,4.277,2010-11-24 00:00:00+00:00,2010-11-24 00:00:00+00:00,NGF1@2010-12-28,4.241,-0.036000000000000476,True
2010-11-24 00:00:00+00:00,2010-11-24 00:00:00+00:00,NGF1@2010-12-28,2010-12-28 19:30:00+00:00,4.4,2010-11-25 00:00:00+00:00,2010-11-25 00:00:00+00:00,NGF1@2010-12-28,4.418,0.017999999999999794,False
2010-11-25 00:00:00+00:00,2010-11-25 00:00:00+00:00,NGF1@2010-12-28,2010-12-28 19:30:00+00:00,4.418,2010-11-26 00:00:00+00:00,2010-11-26 00:00:00+00:00,NGF1@2010-12-28,4.406,-0.012000000000000455,False
2010-11-26 00:00:00+00:00,2010-11-26 00:00:00+00:00,NGF1@2010-12-28,2010-12-28 19:30:00+00:00,4.406,2010-11-28 00:00:00+00:00,2010-11-28 00:00:00+00:00,NGF1@2010-12-28,4.398,-0.008000000000000007,False
2010-11-28 00:00:00+00:00,2010-11-28 00:00:00+00:00,NGF1@2010-12-28,2010-12-28 19:30:00+00:00,4.398,2010-11-29 00:00:00+00:00,2010-11-29 00:00:00+00:00,NGF1@2010-12-28,4.4,0.002000000000000668,False
2010-11-29 00:00:00+00:00,2010-11-29 00:00:00+00:00,NGF1@2010-12-28,2010-12-28 19:30:00+00:00,4.4,2010-11-30 00:00:00+00:00,2010-11-30 00:00:00+00:00,NGF1@2010-12-28,4.207,-0.1930000000000005,False
2010-11-30 00:00:00+00:00,2010-11-30 00:00:00+00:00,NGF1@2010-12-28,2010-12-28 19:30:00+00:00,4.207,2010-12-01 00:00:00+00:00,2010-12-01 00:00:00+00:00,NGF1@2010-12-28,4.206,-0.0009999999999994458,False
2010-12-01 00:00:00+00:00,2010-12-01 00:00:00+00:00,NGF1@2010-12-28,2010-12-28 19:30:00+00:00,4.206,2010-12-02 00:00:00+00:00,2010-12-02 00:00:00+00:00,NGF1@2010-12-28,4.302,0.0959999999999992,False
2010-12-02 00:00:00+00:00,2010-12-02 00:00:00+00:00,NGF1@2010-12-28,2010-12-28 19:30:00+00:00,4.302,2010-12-03 00:00:00+00:00,2010-12-03 00:00:00+00:00,NGF1@2010-12-28,4.355,0.053000000000000824,False
2010-12-03 00:00:00+00:00,2010-12-03 00:00:00+00:00,NGF1@2010-12-28,2010-12-28 19:30:00+00:00,4.355,2010-12-05 00:00:00+00:00,2010-12-05 00:00:00+00:00,NGF1@2010-12-28,4.385,0.02999999999999936,False
2010-12-05 00:00:00+00:00,2010-12-05 00:00:00+00:00,NGF1@2010-12-28,2010-12-28 19:30:00+00:00,4.385,2010-12-06 00:00:00+00:00,2010-12-06 00:00:00+00:00,NGF1@2010-12-28,4.409,0.02400000000000002,False
2010-12-06 00:00:00+00:00,2010-12-06 00:00:00+00:00,NGF1@2010-12-28,2010-12-28 19:30:00+00:00,4.409,2010-12-07 00:00:00+00:00,2010-12-07 00:00:00+00:00,NGF1@2010-12-28,4.518,0.10899999999999999,False
2010-12-07 00:00:00+00:00,2010-12-07 00:00:00+00:00,NGF1@2010-12-28,2010-12-28 19:30:00+00:00,4.518,2010-12-08 00:00:00+00:00,2010-12-08 00:00:00+00:00,NGF1@2010-12-28,4.37,-0.1479999999999997,False
2010-12-08 00:00:00+00:00,2010-12-08 00:00:00+00:00,NGF1@2010-12-28,2010-12-28 19:30:00+00:00,4.37,2010-12-09 00:00:00+00:00,2010-12-09 00:00:00+00:00,NGF1@2010-12-28,4.612,0.242,False
2010-12-09 00:00:00+00:00,2010-12-09 00:00:00+00:00,NGF1@2010-12-28,2010-12-28 19:30:00+00:00,4.612,2010-12-10 00:00:00+00:00,2010-12-10 00:00:00+00:00,NGF1@2010-12-28,4.412,-0.20000000000000018,False
2010-12-10 00:00:00+00:00,2010-12-10 00:00:00+00:00,NGF1@2010-12-28,2010-12-28 19:30:00+00:00,4.412,2010-12-12 00:00:00+00:00,2010-12-12 00:00:00+00:00,NGF1@2010-12-28,4.444,0.03200000000000003,False
2010-12-12 00:00:00+00:00,2010-12-12 00:00:00+00:00,NGF1@2010-12-28,2010-12-28 19:30:00+00:00,4.444,2010-12-13 00:00:00+00:00,2010-12-13 00:00:00+00:00,NGF1@2010-12-28,4.481,0.03699999999999992,False
2010-12-13 00:00:00+00:00,2010-12-13 00:00:00+00:00,NGF1@2010-12-28,2010-12-28 19:30:00+00:00,4.481,2010-12-14 00:00:00+00:00,2010-12-14 00:00:00+00:00,NGF1@2010-12-28,4.426,-0.054999999999999716,False
2010-12-14 00:00:00+00:00,2010-12-14 00:00:00+00:00,NGF1@2010-12-28,2010-12-28 19:30:00+00:00,4.426,2010-12-15 00:00:00+00:00,2010-12-15 00:00:00+00:00,NGF1@2010-12-28,4.236,-0.1900000000000004,False
2010-12-15 00:00:00+00:00,2010-12-15 00:00:00+00:00,NGF1@2010-12-28,2010-12-28 19:30:00+00:00,4.236,2010-12-16 00:00:00+00:00,2010-12-16 00:00:00+00:00,NGF1@2010-12-28,4.23,-0.005999999999999339,False
2010-12-16 00:00:00+00:00,2010-12-16 00:00:00+00:00,NGF1@2010-12-28,2010-12-28 19:30:00+00:00,4.23,2010-12-17 00:00:00+00:00,2010-12-17 00:00:00+00:00,NGF1@2010-12-28,4.018,-0.21200000000000063,False
2010-12-17 00:00:00+00:00,2010-12-17 00:00:00+00:00,NGF1@2010-12-28,2010-12-28 19:30:00+00:00,4.018,2010-12-19 00:00:00+00:00,2010-12-19 00:00:00+00:00,NGF1@2010-12-28,4.052,0.03399999999999981,False
2010-12-19 00:00:00+00:00,2010-12-19 00:00:00+00:00,NGF1@2010-12-28,2010-12-28 19:30:00+00:00,4.052,2010-12-20 00:00:00+00:00,2010-12-20 00:00:00+00:00,NGF1@2010-12-28,4.025,-0.026999999999999247,False
2010-12-20 00:00:00+00:00,2010-12-20 00:00:00+00:00,NGF1@2010-12-28,2010-12-28 19:30:00+00:00,4.025,2010-12-21 00:00:00+00:00,2010-12-21 00:00:00+00:00,NGF1@2010-12-28,4.238,0.21300000000000008,False
2010-12-21 00:00:00+00:00,2010-12-21 00:00:00+00:00,NGF1@2010-12-28,2010-12-28 19:30:00+00:00,4.238,2010-12-22 00:00:00+00:00,2010-12-22 00:00:00+00:00,NGF1@2010-12-28,4.078,-0.16000000000000014,False
2010-12-22 00:00:00+00:00,2010-12-22 00:00:00+00:00,NGF1@2010-12-28,2010-12-28 19:30:00+00:00,4.078,2010-12-23 00:00:00+00:00,2010-12-23 00:00:00+00:00,NGF1@2010-12-28,4.116,0.03799999999999937,False
2010-12-23 00:00:00+00:00,2010-12-23 00:00:00+00:00,NGF1@2010-12-28,2010-12-28 19:30:00+00:00,4.116,2010-12-26 00:00:00+00:00,2010-12-26 00:00:00+00:00,NGF1@2010-12-28,4.031,-0.08499999999999996,False
2010-12-26 00:00:00+00:00,2010-12-26 00:00:00+00:00,NGF1@2010-12-28,2010-12-28 19:30:00+00:00,4.031,2010-12-27 00:00:00+00:00,2010-12-27 00:00:00+00:00,NGF1@2010-12-28,4.047,0.016000000000000014,False
2010-12-27 00:00:00+00:00,2010-12-27 00:00:00+00:00,NGF1@2010-12-28,2010-12-28 19:30:00+00:00,4.047,2010-12-28 00:00:00+00:00,2010-12-28 00:00:00+00:00,NGF1@2010-12-28,4.097,0.05000000000000071,False
2010-12-28 00:00:00+00:00,2010-12-28 00:00:00+00:00,NGF1@2010-12-28,2010-12-28 19:30:00+00:00,4.097,,,,,,False
2010-12-29 00:00:00+00:00,2010-12-29 00:00:00+00:00,NGG1@2011-01-27,2011-01-27 19:30:00+00:00,4.263,2010-12-30 00:00:00+00:00,2010-12-30 00:00:00+00:00,NGG1@2011-01-27,4.315,0.05200000000000049,False
2010-12-30 00:00:00+00:00,2010-12-30 00:00:00+00:00,NGG1@2011-01-27,2011-01-27 19:30:00+00:00,4.315,2010-12-31 00:00:00+00:00,2010-12-31 00:00:00+00:00,NGG1@2011-01-27,4.332,0.01699999999999946,False
2010-12-31 00:00:00+00:00,2010-12-31 00:00:00+00:00,NGG1@2011-01-27,2011-01-27 19:30:00+00:00,4.332,2011-01-02 00:00:00+00:00,2011-01-02 00:00:00+00:00,NGG1@2011-01-27,4.492,0.16000000000000014,False
2011-01-02 00:00:00+00:00,2011-01-02 00:00:00+00:00,NGG1@2011-01-27,2011-01-27 19:30:00+00:00,4.492,2011-01-03 00:00:00+00:00,2011-01-03 00:00:00+00:00,NGG1@2011-01-27,4.512,0.019999999999999574,False
2011-01-03 00:00:00+00:00,2011-01-03 00:00:00+00:00,NGG1@2011-01-27,2011-01-27 19:30:00+00:00,4.512,2011-01-04 00:00:00+00:00,2011-01-04 00:00:00+00:00,NGG1@2011-01-27,4.623,0.11100000000000065,False
2011-01-04 00:00:00+00:00,2011-01-04 00:00:00+00:00,NGG1@2011-01-27,2011-01-27 19:30:00+00:00,4.623,2011-01-05 00:00:00+00:00,2011-01-05 00:00:00+00:00,NGG1@2011-01-27,4.634,0.01100000000000012,False
2011-01-05 00:00:00+00:00,2011-01-05 00:00:00+00:00,NGG1@2011-01-27,2011-01-27 19:30:00+00:00,4.634,2011-01-06 00:00:00+00:00,2011-01-06 00:00:00+00:00,NGG1@2011-01-27,4.49,-0.14400000000000013,False
