outer_block_id,trade_date,prediction_time,generated_at,fill_trade_date,contract_id,future_end,pred_terminal_return,actual_terminal_return,pred_terminal_q10_return,pred_terminal_q90_return,pred_slope_per_step,actual_slope_per_step,pred_close_dispersion_pct,actual_close_dispersion_pct,pred_close_return_h1,actual_close_return_h1,pred_q10_close_return_h1,pred_q90_close_return_h1,pred_close_return_h2,actual_close_return_h2,pred_q10_close_return_h2,pred_q90_close_return_h2,pred_close_return_h3,actual_close_return_h3,pred_q10_close_return_h3,pred_q90_close_return_h3,pred_close_return_h4,actual_close_return_h4,pred_q10_close_return_h4,pred_q90_close_return_h4,pred_close_return_h5,actual_close_return_h5,pred_q10_close_return_h5,pred_q90_close_return_h5
outer-2017-2018,2016-12-29T00:00:00+00:00,2016-12-30T14:50:14.329502576+00:00,2016-12-30T14:50:14.329502576+00:00,2017-01-02T00:00:00+00:00,NGG7@2017-01-27,2017-01-06T00:00:00+00:00,0.0024203062057495117,-0.14270696452036802,-0.054333627223968506,0.06153857707977295,0.0002946376800537109,-0.012851511169513793,0.0007665225421078503,0.02351685104443627,0.001596212387084961,-0.08015768725361372,-0.024869859218597412,0.0283660888671875,0.0026831626892089844,-0.12851511169513807,-0.03189212083816528,0.036379098892211914,0.0027272701263427734,-0.1445466491458608,-0.040824174880981445,0.04401063919067383,0.003981351852416992,-0.13193166885676744,-0.04653412103652954,0.05303668975830078,0.0024203062057495117,-0.14270696452036802,-0.054333627223968506,0.06153857707977295
outer-2017-2018,2017-01-24T00:00:00+00:00,2017-01-25T14:49:27.263814922+00:00,2017-01-25T14:49:27.263814922+00:00,2017-01-26T00:00:00+00:00,NGH7@2017-02-24,2017-01-31T00:00:00+00:00,0.006311893463134766,-0.05722070844686655,-0.06109189987182617,0.07652723789215088,-9.987354278564461e-05,-0.019860732667272188,0.00045606671483255923,0.030161213267110045,0.006237983703613281,0.01816530426884655,-0.023792564868927002,0.03435492515563965,0.006250262260437012,0.025734181047532445,-0.035150110721588135,0.04764282703399658,0.006143331527709961,0.0027247956403269047,-0.04433560371398926,0.05794954299926758,0.005103707313537598,-0.022101120193763202,-0.05318868160247803,0.06502246856689453,0.006311893463134766,-0.05722070844686655,-0.06109189987182617,0.07652723789215088
outer-2017-2018,2017-02-13T00:00:00+00:00,2017-02-14T14:49:29.250496882+00:00,2017-02-14T14:49:29.250496882+00:00,2017-02-15T00:00:00+00:00,NGH7@2017-02-24,2017-02-20T00:00:00+00:00,-0.006263256072998047,-0.0539433253670194,-0.06494742631912231,0.052776336669921875,-0.0009628057479858399,-0.013758962103106865,0.0014060025569051504,0.020390816578119874,-0.0023906826972961426,0.0027313076135200287,-0.03220832347869873,0.026543140411376953,-0.003769218921661377,-0.02663024923181967,-0.03905230760574341,0.035127878189086914,-0.0037556886672973633,-0.029361556845339698,-0.04837888479232788,0.042706847190856934,-0.005652129650115967,-0.05087060430180945,-0.05646920204162598,0.047720909118652344,-0.006263256072998047,-0.0539433253670194,-0.06494742631912231,0.052776336669921875
outer-2017-2018,2017-03-07T00:00:00+00:00,2017-03-08T14:49:23.130408594+00:00,2017-03-08T14:49:23.130408594+00:00,2017-03-09T00:00:00+00:00,NGJ7@2017-03-29,2017-03-14T00:00:00+00:00,0.005833029747009277,0.03223545900490543,-0.04198646545410156,0.05603146553039551,0.00020964145660400368,-0.0040644709180097886,0.0007387322839349508,0.01609486205726115,0.0056504011154174805,0.04940434477925715,-0.019868433475494385,0.028609752655029297,0.005887269973754883,0.06587245970567612,-0.023948192596435547,0.03739452362060547,0.006736040115356445,0.0802382620882971,-0.02980417013168335,0.04425990581512451,0.007618427276611328,0.059565522074281674,-0.03553587198257446,0.05090630054473877,0.005833029747009277,0.03223545900490543,-0.04198646545410156,0.05603146553039551
outer-2017-2018,2017-03-29T00:00:00+00:00,2017-03-30T13:52:19.238774064+00:00,2017-03-30T13:52:19.238774064+00:00,2017-03-31T00:00:00+00:00,NGK7@2017-04-26,2017-04-05T00:00:00+00:00,0.0007216930389404297,0.017096673919801075,-0.04463309049606323,0.04888713359832764,0.00022789239883422852,0.007304942493005905,0.0007892613648436964,0.016827680120079222,-0.0002232193946838379,-0.007771215418091337,-0.020955026149749756,0.021628737449645996,0.0014449357986450195,0.0006216972334471826,-0.024506032466888428,0.03159964084625244,3.62396240234375e-05,-0.02269194902082683,-0.0340043306350708,0.0365680456161499,0.0018340349197387695,0.023935343487721417,-0.03954958915710449,0.04521656036376953,0.0007216930389404297,0.017096673919801075,-0.04463309049606323,0.04888713359832764
outer-2017-2018,2017-04-19T00:00:00+00:00,2017-04-20T13:48:54.386580250+00:00,2017-04-20T13:48:54.386580250+00:00,2017-04-21T00:00:00+00:00,NGK7@2017-04-26,2017-04-26T00:00:00+00:00,-0.0017625689506530762,-0.01567398119122254,-0.044217824935913086,0.041374921798706055,-0.00012328624725341795,0.00015673981191222113,0.00046029119403101504,0.011940240939012341,-0.000985860824584961,-0.02946708463949843,-0.019703567028045654,0.018132567405700684,-0.000789940357208252,-0.022257053291535933,-0.02489328384399414,0.025997161865234375,-0.0014377832412719727,-0.041065830721003116,-0.032374560832977295,0.03171098232269287,-0.00046938657760620117,-0.0482758620689655,-0.03851288557052612,0.03697395324707031,-0.0017625689506530762,-0.01567398119122254,-0.044217824935913086,0.041374921798706055
outer-2017-2018,2017-05-11T00:00:00+00:00,2017-05-12T13:46:23.409223245+00:00,2017-05-12T13:46:23.409223245+00:00,2017-05-14T00:00:00+00:00,NGM7@2017-05-26,2017-05-18T00:00:00+00:00,-0.0010454654693603516,-0.05313149302463649,-0.038134753704071045,0.03971445560455322,-7.782578468322762e-05,-0.015791035915701992,0.0005382996168918908,0.023545458410408063,-0.0009589195251464844,0.004749183734045648,-0.020333707332611084,0.018642425537109375,0.00042188167572021484,-0.00534283170080152,-0.023804545402526855,0.026594161987304688,-0.0003687143325805664,-0.04125853368952215,-0.03160429000854492,0.031084179878234863,-0.00018328428268432617,-0.047491837340457144,-0.03482693433761597,0.036252379417419434,-0.0010454654693603516,-0.05313149302463649,-0.038134753704071045,0.03971445560455322
outer-2017-2018,2017-06-05T00:00:00+00:00,2017-06-06T13:49:16.538428448+00:00,2017-06-06T13:49:16.538428448+00:00,2017-06-07T00:00:00+00:00,NGN7@2017-06-28,2017-06-12T00:00:00+00:00,0.002603292465209961,0.011741026501174145,-0.035445988178253174,0.04288601875305176,0.0003340601921081545,-0.0009728279100972758,0.00047463743248954415,0.003960108571183838,0.0012066364288330078,0.01308285810130827,-0.015498816967010498,0.019132375717163086,0.0015958547592163086,0.020127474002012757,-0.02136385440826416,0.027690768241882324,0.0018957853317260742,0.021133847702113462,-0.026338517665863037,0.033577799797058105,0.0021431446075439453,0.01308285810130827,-0.03013402223587036,0.03767073154449463,0.002603292465209961,0.011741026501174145,-0.035445988178253174,0.04288601875305176
outer-2017-2018,2017-06-27T00:00:00+00:00,2017-06-28T13:52:57.206181429+00:00,2017-06-28T13:52:57.206181429+00:00,2017-06-29T00:00:00+00:00,NGQ7@2017-07-27,2017-07-04T00:00:00+00:00,0.008108258247375488,-0.023248199083169552,-0.03438687324523926,0.05046415328979492,0.0004107475280761718,-0.006352324819908319,0.0006145999068394303,0.012473680105628446,0.006292223930358887,-0.004911591355599154,-0.0138930082321167,0.02687537670135498,0.007318377494812012,-0.004256712508185934,-0.020465433597564697,0.034487247467041016,0.007385849952697754,-0.03307138179436808,-0.024807870388031006,0.040346384048461914,0.007793784141540527,-0.03110674525212831,-0.02721494436264038,0.04441654682159424,0.008108258247375488,-0.023248199083169552,-0.03438687324523926,0.05046415328979492
outer-2017-2018,2017-07-18T00:00:00+00:00,2017-07-19T13:53:49.582891993+00:00,2017-07-19T13:53:49.582891993+00:00,2017-07-20T00:00:00+00:00,NGQ7@2017-07-27,2017-07-25T00:00:00+00:00,0.00044715404510498047,-0.04384540435206241,-0.04024076461791992,0.041722655296325684,-0.0003668785095214847,-0.007307567392010406,0.0005921724368818104,0.013276186296424505,0.0015331506729125977,-0.015589477102955551,-0.018942832946777344,0.022048234939575195,0.001828312873840332,-0.03864891198441056,-0.02506089210510254,0.027713775634765625,0.0008246898651123047,-0.04611886976291013,-0.02960437536239624,0.03243422508239746,0.00033152103424072266,-0.0552127314063009,-0.03330099582672119,0.035561203956604004,0.00044715404510498047,-0.04384540435206241,-0.04024076461791992,0.041722655296325684
outer-2017-2018,2017-08-08T00:00:00+00:00,2017-08-09T13:48:43.774228632+00:00,2017-08-09T13:48:43.774228632+00:00,2017-08-10T00:00:00+00:00,NGU7@2017-08-29,2017-08-15T00:00:00+00:00,0.0028933286666870117,0.030528931487397992,-0.032838284969329834,0.03933286666870117,-0.0004392743110656736,-0.006531771388001408,0.0006351750926114619,0.013137418253427452,0.004625201225280762,0.057862974795882094,-0.01478511095046997,0.022844672203063965,0.0039397478103637695,0.06141285055023071,-0.019019663333892822,0.028285622596740723,0.0035353899002075195,0.06922257720979763,-0.02511662244796753,0.03224992752075195,0.0030107498168945312,0.050763223287184855,-0.028815865516662598,0.03571975231170654,0.0028933286666870117,0.030528931487397992,-0.032838284969329834,0.03933286666870117
outer-2017-2018,2017-09-06T00:00:00+00:00,2017-09-07T13:48:29.735066436+00:00,2017-09-07T13:48:29.735066436+00:00,2017-09-08T00:00:00+00:00,NGV7@2017-09-27,2017-09-13T00:00:00+00:00,0.0025491714477539062,0.01828457446808507,-0.033412039279937744,0.04127037525177002,-0.00016549825668334952,0.013497340425531922,0.0003316676302347332,0.01947173622895585,0.0032840967178344727,-0.03590425531914898,-0.015447854995727539,0.02044546604156494,0.0031589269638061523,-0.02759308510638303,-0.019750773906707764,0.028378963470458984,0.0024433135986328125,-0.018949468085106336,-0.024553418159484863,0.03218400478363037,0.002973794937133789,-0.0009973404255319007,-0.028501152992248535,0.03625786304473877,0.0025491714477539062,0.01828457446808507,-0.033412039279937744,0.04127037525177002
outer-2017-2018,2017-09-28T00:00:00+00:00,2017-09-29T13:53:45.251470074+00:00,2017-09-29T13:53:45.251470074+00:00,2017-10-01T00:00:00+00:00,NGX7@2017-10-27,2017-10-05T00:00:00+00:00,0.0072716474533081055,-0.03649635036496346,-0.02841341495513916,0.04687988758087158,0.0005320787429809572,-0.006901128069011274,0.0007871993584558368,0.013587152900552337,0.005108952522277832,0.0,-0.012526154518127441,0.023815512657165527,0.006200313568115234,-0.029528865295288642,-0.016348659992218018,0.031397342681884766,0.006535053253173828,-0.0371599203715991,-0.020808100700378418,0.036237120628356934,0.007195711135864258,-0.025547445255474477,-0.02426016330718994,0.04045748710632324,0.0072716474533081055,-0.03649635036496346,-0.02841341495513916,0.04687988758087158
outer-2017-2018,2017-10-18T00:00:00+00:00,2017-10-19T14:19:13.636238127+00:00,2017-10-19T14:19:13.636238127+00:00,2017-10-20T00:00:00+00:00,NGX7@2017-10-27,2017-10-25T00:00:00+00:00,0.0038291215896606445,0.020550330895158453,-0.032488346099853516,0.0412905216217041,0.0004529714584350588,0.0016370602577499018,0.0006580751505680382,0.01087175823052562,0.0022134780883789062,0.013584117032392928,-0.016248345375061035,0.019607067108154297,0.002500772476196289,0.03901079763148729,-0.02072674036026001,0.02720475196838379,0.003057241439819336,0.034482758620689724,-0.025759756565093994,0.03243303298950195,0.0037992000579833984,0.04144897248345525,-0.02843177318572998,0.037111639976501465,0.0038291215896606445,0.020550330895158453,-0.032488346099853516,0.0412905216217041
outer-2017-2018,2017-11-09T00:00:00+00:00,2017-11-10T14:18:37.811490006+00:00,2017-11-10T14:18:37.811490006+00:00,2017-11-12T00:00:00+00:00,NGZ7@2017-11-28,2017-11-16T00:00:00+00:00,-0.012875020503997803,-0.043600124571784415,-0.05519378185272217,0.031046152114868164,-0.002225661277770996,-0.008688881968234186,0.003193394048139453,0.0140128031284687,-0.0037553906440734863,-0.007162877608221652,-0.02575474977493286,0.014246225357055664,-0.007256865501403809,-0.02211149174711924,-0.03367722034454346,0.01998448371887207,-0.009525477886199951,-0.04328869511055744,-0.04125082492828369,0.02297210693359375,-0.011274218559265137,-0.03612581750233557,-0.049746036529541016,0.025743842124938965,-0.012875020503997803,-0.043600124571784415,-0.05519378185272217,0.031046152114868164
outer-2017-2018,2017-12-07T00:00:00+00:00,2017-12-08T14:19:11.824613273+00:00,2017-12-08T14:19:11.824613273+00:00,2017-12-10T00:00:00+00:00,NGF8@2017-12-27,2017-12-14T00:00:00+00:00,-0.006501972675323486,-0.03096867122794389,-0.08260864019393921,0.06390905380249023,0.0012221693992614747,-0.013863881886928367,0.00196341285482049,0.021451856467994523,-0.011947274208068848,0.020165646380986724,-0.05680954456329346,0.028978705406188965,-0.011768341064453125,0.010803024846957054,-0.06441009044647217,0.039260268211364746,-0.010375440120697021,-0.026647461289161067,-0.07543230056762695,0.04565834999084473,-0.010437250137329102,-0.025567158804465362,-0.07859861850738525,0.05421590805053711,-0.006501972675323486,-0.03096867122794389,-0.08260864019393921,0.06390905380249023
outer-2017-2018,2018-01-09T00:00:00+00:00,2018-01-10T14:19:07.256630145+00:00,2018-01-10T14:19:07.256630145+00:00,2018-01-11T00:00:00+00:00,NGG8@2018-01-29,2018-01-16T00:00:00+00:00,0.0002906322479248047,0.0581670612106866,-0.07425522804260254,0.07127535343170166,-0.0003126621246337891,-0.0019614474129184827,0.0006575987790711224,0.011423498002085352,0.0018084049224853516,0.055461616503212685,-0.03704357147216797,0.03899192810058594,0.0019927024841308594,0.08488332769699025,-0.049264371395111084,0.04892873764038086,0.0019989013671875,0.05377071356104168,-0.06015068292617798,0.05548834800720215,0.0019016265869140625,0.0598579641528576,-0.06730300188064575,0.06281924247741699,0.0002906322479248047,0.0581670612106866,-0.07425522804260254,0.07127535343170166
outer-2017-2018,2018-02-07T00:00:00+00:00,2018-02-08T14:19:07.951648592+00:00,2018-02-08T14:19:07.951648592+00:00,2018-02-09T00:00:00+00:00,NGH8@2018-02-26,2018-02-14T00:00:00+00:00,0.010988831520080566,-0.03394833948339482,-0.0678173303604126,0.08767509460449219,0.0016782522201538082,0.0022509225092251055,0.0029375064186751842,0.0067259969830638835,0.0034186840057373047,-0.03874538745387457,-0.03381568193435669,0.03872549533843994,0.008215665817260742,-0.05092250922509223,-0.04139071702957153,0.061133623123168945,0.011617183685302734,-0.049446494464944646,-0.05204212665557861,0.07192659378051758,0.009857892990112305,-0.03800738007380067,-0.06001824140548706,0.07949984073638916,0.010988831520080566,-0.03394833948339482,-0.0678173303604126,0.08767509460449219
outer-2017-2018,2018-03-05T00:00:00+00:00,2018-03-06T14:18:32.383947335+00:00,2018-03-06T14:18:32.383947335+00:00,2018-03-07T00:00:00+00:00,NGJ8@2018-03-27,2018-03-12T00:00:00+00:00,-0.0014293789863586426,0.027286135693215252,-0.028308331966400146,0.022270560264587402,-0.0003870368003845216,-0.0004793510324483608,0.0005744673544541001,0.010098129747514095,-5.8710575103759766e-05,0.0265486725663715,-0.013685047626495361,0.01082611083984375,-0.0004264712333679199,0.014011799410029502,-0.016455888748168945,0.015412569046020508,-0.0009918212890625,0.0018436578171090456,-0.021019279956817627,0.01872384548187256,-0.0015555024147033691,0.007743362831858391,-0.0255090594291687,0.020990490913391113,-0.0014293789863586426,0.027286135693215252,-0.028308331966400146,0.022270560264587402
outer-2017-2018,2018-04-03T00:00:00+00:00,2018-04-04T13:19:13.701488733+00:00,2018-04-04T13:19:13.701488733+00:00,2018-04-05T00:00:00+00:00,NGK8@2018-04-26,2018-04-10T00:00:00+00:00,0.0010105371475219727,-0.014798372179060326,-0.03164297342300415,0.028402328491210938,-0.00037376880645751954,-0.0009988901220865935,0.0006584929069504142,0.004683164601834052,0.002337813377380371,-0.009618941916389123,-0.015829026699066162,0.016803383827209473,0.0015320777893066406,-0.002589715131335435,-0.019877731800079346,0.021024584770202637,0.000792384147644043,-0.007029226785053577,-0.02495676279067993,0.024063825607299805,0.0004489421844482422,-0.00221975582685896,-0.02838212251663208,0.02698051929473877,0.0010105371475219727,-0.014798372179060326,-0.03164297342300415,0.028402328491210938
outer-2017-2018,2018-04-24T00:00:00+00:00,2018-04-25T13:19:05.663858406+00:00,2018-04-25T13:19:05.663858406+00:00,2018-04-26T00:00:00+00:00,NGM8@2018-05-29,2018-05-01T00:00:00+00:00,0.0023273229598999023,-0.004966300106420629,-0.025298237800598145,0.027661800384521484,-1.0597705841064396e-05,-0.0013125221709825992,0.0002841766399797052,0.008360331539043113,0.0024099349975585938,0.0017736786094360024,-0.011598348617553711,0.013704419136047363,0.001968860626220703,-0.018091521816246958,-0.015662312507629395,0.019141197204589844,0.0016117095947265625,-0.018446257538134114,-0.018820464611053467,0.021790027618408203,0.0020281076431274414,-0.01773678609435969,-0.02157151699066162,0.024572372436523438,0.0023273229598999023,-0.004966300106420629,-0.025298237800598145,0.027661800384521484
outer-2017-2018,2018-05-14T00:00:00+00:00,2018-05-15T13:19:28.311974866+00:00,2018-05-15T13:19:28.311974866+00:00,2018-05-16T00:00:00+00:00,NGM8@2018-05-29,2018-05-21T00:00:00+00:00,0.0005162954330444336,-0.005992245329573653,-0.024603605270385742,0.022556662559509277,-0.00030100345611572266,0.00010574550581596799,0.0004948186106048524,0.004349156662724635,0.0017673969268798828,-0.00845964046528025,-0.009353816509246826,0.009932756423950195,0.000876307487487793,0.0035248501938667243,-0.014238119125366211,0.015065193176269531,0.0006507635116577148,0.0,-0.017764508724212646,0.018104910850524902,0.00036847591400146484,-0.00035248501938678345,-0.020394742488861084,0.020223259925842285,0.0005162954330444336,-0.005992245329573653,-0.024603605270385742,0.022556662559509277
outer-2017-2018,2018-06-06T00:00:00+00:00,2018-06-07T13:20:45.582672308+00:00,2018-06-07T13:20:45.582672308+00:00,2018-06-08T00:00:00+00:00,NGN8@2018-06-27,2018-06-13T00:00:00+00:00,0.0021456480026245117,0.02104173853052771,-0.02372366189956665,0.02670919895172119,-4.628896713256839e-05,0.0038634011728182044,0.0002793874009512365,0.006753908658445253,0.0021407604217529297,0.002069679199723895,-0.00907355546951294,0.013953208923339844,0.0028635263442993164,0.012073128665057054,-0.01383286714553833,0.018651723861694336,0.002149820327758789,0.019661952397378446,-0.017081260681152344,0.021947383880615234,0.0023908615112304688,0.012763021731631463,-0.020059823989868164,0.02495121955871582,0.0021456480026245117,0.02104173853052771,-0.02372366189956665,0.02670919895172119
outer-2017-2018,2018-06-28T00:00:00+00:00,2018-06-29T13:20:34.168122600+00:00,2018-06-29T13:20:34.168122600+00:00,2018-07-01T00:00:00+00:00,NGQ8@2018-07-27,2018-07-05T00:00:00+00:00,0.0035698413848876953,-0.03903598099117456,-0.021467626094818115,0.030096054077148438,0.00018373727798461927,-0.006076035302104575,0.00032415706664323807,0.009476732070328267,0.002964019775390625,-0.012219959266802416,-0.008796095848083496,0.01680171489715576,0.0031585693359375,-0.029192124915139228,-0.013554096221923828,0.0216294527053833,0.003008127212524414,-0.03326544467074011,-0.016307950019836426,0.024606704711914062,0.0037842988967895508,-0.03632043448744071,-0.019245922565460205,0.029013395309448242,0.0035698413848876953,-0.03903598099117456,-0.021467626094818115,0.030096054077148438
outer-2017-2018,2018-07-19T00:00:00+00:00,2018-07-20T13:20:44.522899141+00:00,2018-07-20T13:20:44.522899141+00:00,2018-07-22T00:00:00+00:00,NGQ8@2018-07-27,2018-07-26T00:00:00+00:00,-0.001637876033782959,0.0007217610970768895,-0.028541505336761475,0.024601221084594727,-5.8245658874511715e-05,0.00479971129556116,0.00020028522703796625,0.007928209731336549,-0.0012477636337280273,-0.013352580295922012,-0.01581650972366333,0.01247096061706543,-0.00125885009765625,-0.01804402742692157,-0.019115328788757324,0.016704559326171875,-0.0011249184608459473,-0.0115481775532299,-0.022880852222442627,0.019944429397583008,-0.001061081886291504,0.0018044027426922238,-0.025613784790039062,0.022730588912963867,-0.001637876033782959,0.0007217610970768895,-0.028541505336761475,0.024601221084594727
outer-2017-2018,2018-08-10T00:00:00+00:00,2018-08-13T13:21:04.801793974+00:00,2018-08-13T13:21:04.801793974+00:00,2018-08-14T00:00:00+00:00,NGU8@2018-08-29,2018-08-19T00:00:00+00:00,-0.001513063907623291,-0.0034071550255537764,-0.02330225706100464,0.02063167095184326,0.0007202982902526854,-0.0013287904599659228,0.0010494192829355597,0.004220473612865932,-0.004108428955078125,0.004770017035774954,-0.015046536922454834,0.007112264633178711,-0.003966331481933594,0.0,-0.018223941326141357,0.010762214660644531,-0.003223717212677002,-0.006814310051107331,-0.020403027534484863,0.014742016792297363,-0.0019540786743164062,0.003066439522998232,-0.022701621055603027,0.01787436008453369,-0.001513063907623291,-0.0034071550255537764,-0.02330225706100464,0.02063167095184326
outer-2017-2018,2018-09-04T00:00:00+00:00,2018-09-05T13:20:53.110436712+00:00,2018-09-05T13:20:53.110436712+00:00,2018-09-06T00:00:00+00:00,NGV8@2018-09-26,2018-09-11T00:00:00+00:00,0.007583975791931152,0.0074573863636364646,-0.017251253128051758,0.03031909465789795,0.0004117369651794433,0.005042613636363635,0.0005885232822038233,0.008578769343282767,0.0058667659759521484,-0.012073863636363535,-0.005425691604614258,0.01660025119781494,0.006508469581604004,-0.01455965909090906,-0.009380698204040527,0.022327661514282227,0.006891727447509766,-0.014914772727272707,-0.011888086795806885,0.02558004856109619,0.00719141960144043,-0.003196022727272707,-0.013687968254089355,0.02785015106201172,0.007583975791931152,0.0074573863636364646,-0.017251253128051758,0.03031909465789795
outer-2017-2018,2018-09-26T00:00:00+00:00,2018-09-27T13:20:36.952484557+00:00,2018-09-27T13:20:36.952484557+00:00,2018-09-28T00:00:00+00:00,NGX8@2018-10-29,2018-10-03T00:00:00+00:00,0.008273005485534668,0.09057239057239053,-0.02927100658416748,0.04698777198791504,0.00047985315322876065,0.020875420875420915,0.0007663315627723932,0.029842668462375047,0.006810188293457031,0.010437710437710246,-0.008616387844085693,0.023685932159423828,0.006855607032775879,0.018181818181818077,-0.015696585178375244,0.03007805347442627,0.00741732120513916,0.04781144781144775,-0.02091038227081299,0.03575778007507324,0.008728504180908203,0.06666666666666665,-0.02479839324951172,0.042340636253356934,0.008273005485534668,0.09057239057239053,-0.02927100658416748,0.04698777198791504
outer-2017-2018,2018-10-16T00:00:00+00:00,2018-10-17T13:20:38.700060821+00:00,2018-10-17T13:20:38.700060821+00:00,2018-10-18T00:00:00+00:00,NGX8@2018-10-29,2018-10-23T00:00:00+00:00,0.0006767511367797852,-0.007997539218701832,-0.03696930408477783,0.03907120227813721,2.0533800125122125e-05,-0.004029529375576724,0.0007252200157381594,0.01142011987702271,0.00012314319610595703,-0.0018455859735465596,-0.019278228282928467,0.018990159034729004,-0.0004051327705383301,-0.006151953245155384,-0.02537912130355835,0.02435171604156494,-0.0010124444961547852,-0.015995078437403887,-0.030755579471588135,0.02969527244567871,-0.0013070106506347656,-0.034143340510612075,-0.03528183698654175,0.03359854221343994,0.0006767511367797852,-0.007997539218701832,-0.03696930408477783,0.03907120227813721
outer-2017-2018,2018-11-13T00:00:00+00:00,2018-11-14T14:20:17.552525798+00:00,2018-11-14T14:20:17.552525798+00:00,2018-11-15T00:00:00+00:00,NGZ8@2018-11-28,2018-11-20T00:00:00+00:00,0.0053174495697021484,0.13106676521310678,-0.06142306327819824,0.08587491512298584,0.0013415575027465822,0.0363636363636364,0.002000659005716443,0.06146102953333666,0.00010538101196289062,-0.033259423503326,-0.03750765323638916,0.03812408447265625,0.0010156631469726562,0.08154717910815457,-0.047923266887664795,0.05060136318206787,0.0010638236999511719,0.12712490761271256,-0.057708799839019775,0.0638735294342041,0.004007101058959961,0.11653116531165297,-0.06082284450531006,0.07299494743347168,0.0053174495697021484,0.13106676521310678,-0.06142306327819824,0.08587491512298584
outer-2017-2018,2018-12-05T00:00:00+00:00,2018-12-06T14:19:14.707541485+00:00,2018-12-06T14:19:14.707541485+00:00,2018-12-07T00:00:00+00:00,NGF9@2018-12-27,2018-12-12T00:00:00+00:00,-0.010174691677093506,-0.07559055118110247,-0.09222632646560669,0.08181679248809814,0.0007676005363464366,-0.023442069741282334,0.0020981663838028908,0.04080024888297194,-0.012218296527862549,0.01237345331833506,-0.05844080448150635,0.035062313079833984,-0.015095829963684082,0.04499437570303688,-0.07261967658996582,0.0411454439163208,-0.015612900257110596,0.01709786276715408,-0.08537423610687256,0.05533730983734131,-0.011507034301757812,-0.013498312710911287,-0.08931130170822144,0.06801855564117432,-0.010174691677093506,-0.07559055118110247,-0.09222632646560669,0.08181679248809814
outer-2017-2018,2018-12-27T00:00:00+00:00,2018-12-28T14:19:40.317744353+00:00,2018-12-28T14:19:40.317744353+00:00,2018-12-30T00:00:00+00:00,NGG9@2019-01-29,2019-01-03T00:00:00+00:00,-0.004250884056091309,-0.17238446271618946,-0.07184869050979614,0.10898792743682861,0.0006485760211944577,-0.010575559965976764,0.0011298622703179717,0.018023582341912356,-0.006187260150909424,-0.11936489934788774,-0.04504191875457764,0.05091965198516846,-0.005483686923980713,-0.16075985256592007,-0.057080209255218506,0.06309342384338379,-0.00459367036819458,-0.15452225687553156,-0.06095665693283081,0.07523131370544434,-0.0028706789016723633,-0.1604763254890843,-0.06659740209579468,0.0929797887802124,-0.004250884056091309,-0.17238446271618946,-0.07184869050979614,0.10898792743682861
outer-2019-2020,2018-12-28T00:00:00+00:00,2018-12-31T14:20:08.679408268+00:00,2018-12-31T14:20:08.679408268+00:00,2019-01-01T00:00:00+00:00,NGG9@2019-01-29,2019-01-06T00:00:00+00:00,0.019454479217529297,-0.11016949152542366,-0.0602150559425354,0.13018357753753662,0.0005355477333068851,-0.00036319612590800406,0.001270886743441224,0.011838745287898272,0.01677095890045166,-0.09745762711864392,-0.023721396923065186,0.06785190105438232,0.017027854919433594,-0.10381355932203384,-0.03806668519973755,0.0816199779510498,0.01959395408630371,-0.11652542372881347,-0.04005694389343262,0.09488523006439209,0.017016291618347168,-0.08202179176755442,-0.051258623600006104,0.10999226570129395,0.019454479217529297,-0.11016949152542366,-0.0602150559425354,0.13018357753753662
outer-2019-2020,2019-01-18T00:00:00+00:00,2019-01-22T14:19:49.130157568+00:00,2019-01-22T14:19:49.130157568+00:00,2019-01-23T00:00:00+00:00,NGG9@2019-01-29,2019-01-28T00:00:00+00:00,0.0067549943923950195,-0.14490213263219398,-0.07819753885269165,0.11146807670593262,0.000686538219451904,-0.013496932515337439,0.001557940966449678,0.03284189079348893,0.004222869873046875,-0.11451942740286292,-0.03139263391494751,0.04522049427032471,0.006844878196716309,-0.07712532865907107,-0.044735491275787354,0.06727123260498047,0.008281588554382324,-0.07274320771253284,-0.0547487735748291,0.0855870246887207,0.008646011352539062,-0.15132924335378328,-0.06824076175689697,0.10272300243377686,0.0067549943923950195,-0.14490213263219398,-0.07819753885269165,0.11146807670593262
outer-2019-2020,2019-02-12T00:00:00+00:00,2019-02-13T14:19:14.994049689+00:00,2019-02-13T14:19:14.994049689+00:00,2019-02-14T00:00:00+00:00,NGH9@2019-02-26,2019-02-19T00:00:00+00:00,-0.00435715913772583,0.003398791540785373,-0.05291318893432617,0.04016005992889404,-0.00049627423286438,0.006948640483383649,0.0008917633094824851,0.011167014850922162,-0.0024619698524475098,-0.028700906344410915,-0.02365851402282715,0.018117785453796387,-0.003078758716583252,-0.0060422960725075026,-0.03104996681213379,0.02658092975616455,-0.002201259136199951,-0.011329305135951762,-0.03858911991119385,0.033241987228393555,-0.00425112247467041,-0.0007552870090635766,-0.04384410381317139,0.038244009017944336,-0.00435715913772583,0.003398791540785373,-0.05291318893432617,0.04016005992889404
outer-2019-2020,2019-03-13T00:00:00+00:00,2019-03-14T13:33:41.905875775+00:00,2019-03-14T13:33:41.905875775+00:00,2019-03-15T00:00:00+00:00,NGJ9@2019-03-27,2019-03-20T00:00:00+00:00,-0.003888249397277832,-0.002111189303307559,-0.035054683685302734,0.030323505401611328,-0.0004985272884368898,0.0055594651653765115,0.0008169786306098104,0.010007819189095706,-0.0018976926803588867,-0.017945109078114085,-0.01580500602722168,0.013057470321655273,-0.001853346824645996,-0.01688951442646025,-0.021625876426696777,0.018453359603881836,-0.0034630894660949707,0.0014074595355384467,-0.026880919933319092,0.021582841873168945,-0.002857506275177002,0.0070372976776917895,-0.03157228231430054,0.027290701866149902,-0.003888249397277832,-0.002111189303307559,-0.035054683685302734,0.030323505401611328
outer-2019-2020,2019-04-05T00:00:00+00:00,2019-04-08T13:22:02.047181351+00:00,2019-04-08T13:22:02.047181351+00:00,2019-04-09T00:00:00+00:00,NGK9@2019-04-26,2019-04-14T00:00:00+00:00,0.0008755922317504883,-0.013437849944008984,-0.023343920707702637,0.025154590606689453,3.5583972930908196e-05,-0.006606942889137746,0.0001203840656671673,0.009429574062117401,0.0005900859832763672,0.011198208286674172,-0.011351525783538818,0.011410236358642578,0.0009295940399169922,0.0074654721911160404,-0.01471710205078125,0.016852617263793945,0.0007499456405639648,-0.0011198208286672395,-0.01734638214111328,0.019846320152282715,0.000714421272277832,-0.009331840238895106,-0.020635783672332764,0.0222928524017334,0.0008755922317504883,-0.013437849944008984,-0.023343920707702637,0.025154590606689453
outer-2019-2020,2019-04-30T00:00:00+00:00,2019-05-01T13:18:53.199587789+00:00,2019-05-01T13:18:53.199587789+00:00,2019-05-02T00:00:00+00:00,NGM9@2019-05-29,2019-05-07T00:00:00+00:00,0.0034886598587036133,-0.011641443538998764,-0.020907938480377197,0.026587247848510742,0.00032837390899658197,-0.004967015909972816,0.0005353320157155395,0.008699204513280248,0.0024917125701904297,0.005820721769499437,-0.009512245655059814,0.013109564781188965,0.0022433996200561523,-0.005820721769499437,-0.012143075466156006,0.01713573932647705,0.0025969743728637695,-0.004268529297632995,-0.015890419483184814,0.020652294158935547,0.0035332441329956055,-0.020566550252231197,-0.018422245979309082,0.02477586269378662,0.0034886598587036133,-0.011641443538998764,-0.020907938480377197,0.026587247848510742
outer-2019-2020,2019-05-20T00:00:00+00:00,2019-05-21T13:22:16.942380480+00:00,2019-05-21T13:22:16.942380480+00:00,2019-05-22T00:00:00+00:00,NGM9@2019-05-29,2019-05-27T00:00:00+00:00,0.0017046928405761719,-0.034521575984990616,-0.024235069751739502,0.02742767333984375,0.00029575824737548834,0.0022889305816134993,0.00045817127102054656,0.00670148265642197,0.000682830810546875,-0.042401500938086256,-0.011159360408782959,0.01118779182434082,0.0005146265029907227,-0.031144465290806833,-0.014904677867889404,0.016890406608581543,0.0008075237274169922,-0.02514071294559106,-0.017949461936950684,0.02057194709777832,0.0014284849166870117,-0.024015009380863095,-0.019719600677490234,0.024111032485961914,0.0017046928405761719,-0.034521575984990616,-0.024235069751739502,0.02742767333984375
outer-2019-2020,2019-06-17T00:00:00+00:00,2019-06-18T13:19:28.119531201+00:00,2019-06-18T13:19:28.119531201+00:00,2019-06-19T00:00:00+00:00,NGN9@2019-06-26,2019-06-24T00:00:00+00:00,0.0002745389938354492,-0.03281447202355903,-0.043015360832214355,0.04101431369781494,-2.5045871734619137e-05,0.0012620950778291882,0.00043099705362692475,0.018069472034391073,0.0002630949020385742,-0.039545645771981386,-0.02060091495513916,0.021289706230163574,-0.00012534856796264648,-0.07067732435843488,-0.027845025062561035,0.02768850326538086,0.000876307487487793,-0.0757257046697517,-0.034474194049835205,0.03284263610839844,-0.0003986954689025879,-0.07151872107698776,-0.037733614444732666,0.03720688819885254,0.0002745389938354492,-0.03281447202355903,-0.043015360832214355,0.04101431369781494
outer-2019-2020,2019-07-11T00:00:00+00:00,2019-07-12T13:22:52.091551292+00:00,2019-07-12T13:22:52.091551292+00:00,2019-07-14T00:00:00+00:00,NGQ9@2019-07-29,2019-07-18T00:00:00+00:00,0.001185297966003418,-0.0461538461538461,-0.04847627878189087,0.047518372535705566,-0.0003715395927429201,-0.016133056133056146,0.0005636157002300024,0.024121585224498955,0.002894759178161621,0.015800415800415912,-0.021589994430541992,0.025833725929260254,0.0023931264877319336,-0.0008316008316007206,-0.02897357940673828,0.03345811367034912,0.0019153356552124023,-0.03575883575883565,-0.037969350814819336,0.038579344749450684,0.0020966529846191406,-0.038253638253638145,-0.04311472177505493,0.044178128242492676,0.001185297966003418,-0.0461538461538461,-0.04847627878189087,0.047518372535705566
outer-2019-2020,2019-08-02T00:00:00+00:00,2019-08-05T13:19:05.728802255+00:00,2019-08-05T13:19:05.728802255+00:00,2019-08-06T00:00:00+00:00,NGU9@2019-08-28,2019-08-11T00:00:00+00:00,0.0052307844161987305,-0.005137786081270468,-0.057698071002960205,0.06165194511413574,-0.0003815889358520508,0.0038299859878561447,0.0011234016856178641,0.00610846622111977,0.007280707359313965,-0.01681457262961239,-0.02143639326095581,0.038536787033081055,0.004348397254943848,-0.02101821578701535,-0.03428703546524048,0.04346573352813721,0.006519913673400879,-0.01261092947220932,-0.043424904346466064,0.05135202407836914,0.004632353782653809,-0.006071929005137755,-0.04799783229827881,0.058159589767456055,0.0052307844161987305,-0.005137786081270468,-0.057698071002960205,0.06165194511413574
outer-2019-2020,2019-08-26T00:00:00+00:00,2019-08-27T13:20:00.204524588+00:00,2019-08-27T13:20:00.204524588+00:00,2019-08-28T00:00:00+00:00,NGV9@2019-09-26,2019-09-02T00:00:00+00:00,0.004025697708129883,0.03632286995515699,-0.04500317573547363,0.04851412773132324,9.20295715332055e-06,0.0057847533632287,0.0005671525723300874,0.010093571748059893,0.003818511962890625,0.004932735426008916,-0.025512397289276123,0.030556201934814453,0.005018711090087891,0.025112107623318503,-0.029420435428619385,0.03681635856628418,0.005298018455505371,0.022421524663676973,-0.036328256130218506,0.041580915451049805,0.004696369171142578,0.020179372197309364,-0.039886474609375,0.04657387733459473,0.004025697708129883,0.03632286995515699,-0.04500317573547363,0.04851412773132324
outer-2019-2020,2019-09-16T00:00:00+00:00,2019-09-17T13:19:11.959112412+00:00,2019-09-17T13:19:11.959112412+00:00,2019-09-18T00:00:00+00:00,NGV9@2019-09-26,2019-09-23T00:00:00+00:00,0.0030161142349243164,-0.05667412378821779,-0.03936368227005005,0.04298126697540283,0.00013259649276733392,-0.00917225950782998,0.00048778840573504567,0.016633560534565217,0.0023883581161499023,-0.017151379567486913,-0.017959892749786377,0.02193009853363037,0.0035429000854492188,-0.05257270693512306,-0.023263394832611084,0.0291060209274292,0.0026122331619262695,-0.05480984340044737,-0.028362751007080078,0.03433728218078613,0.0036133527755737305,-0.06524981357196113,-0.03250068426132202,0.03902387619018555,0.0030161142349243164,-0.05667412378821779,-0.03936368227005005,0.04298126697540283
outer-2019-2020,2019-10-08T00:00:00+00:00,2019-10-09T13:18:52.033598601+00:00,2019-10-09T13:18:52.033598601+00:00,2019-10-10T00:00:00+00:00,NGX9@2019-10-29,2019-10-15T00:00:00+00:00,-0.0031766891479492188,0.02086956521739136,-0.05241537094116211,0.04292118549346924,-0.00011193752288818374,0.015521739130434786,0.000751729472540319,0.02237437097150466,-0.0025358200073242188,-0.04130434782608683,-0.026336729526519775,0.019017338752746582,-0.0039923787117004395,-0.03391304347826085,-0.03393274545669556,0.026412129402160645,-0.0020171403884887695,-0.008695652173913104,-0.04175299406051636,0.0335313081741333,-0.0038300156593322754,-0.00304347826086937,-0.04569751024246216,0.03937125205993652,-0.0031766891479492188,0.02086956521739136,-0.05241537094116211,0.04292118549346924
outer-2019-2020,2019-11-05T00:00:00+00:00,2019-11-06T14:19:12.920568079+00:00,2019-11-06T14:19:12.920568079+00:00,2019-11-07T00:00:00+00:00,NGZ9@2019-11-26,2019-11-12T00:00:00+00:00,0.0010979175567626953,-0.08469850121993738,-0.04533344507217407,0.04213595390319824,0.0004569768905639649,-0.016521436040432252,0.0007969066500663757,0.02452449791993547,-0.00013136863708496094,-0.02753572673405369,-0.020044028759002686,0.019304394721984863,-0.00014340877532958984,-0.02788428023701639,-0.026535749435424805,0.024778008460998535,0.0006029605865478516,-0.06413384454513771,-0.03295236825942993,0.032647013664245605,0.001967787742614746,-0.07877309166957147,-0.039230287075042725,0.039879441261291504,0.0010979175567626953,-0.08469850121993738,-0.04533344507217407,0.04213595390319824
outer-2019-2020,2019-11-27T00:00:00+00:00,2019-11-29T14:20:06.304576192+00:00,2019-11-29T14:20:06.304576192+00:00,2019-12-01T00:00:00+00:00,NGF0@2019-12-27,2019-12-05T00:00:00+00:00,-0.004404008388519287,-0.030060120240480992,-0.06718224287033081,0.053071022033691406,-0.0013534486293792726,0.009018036072144282,0.0023048934526741505,0.01770690497510091,0.0006595849990844727,-0.06292585170340681,-0.029562652111053467,0.028975367546081543,0.00017750263214111328,-0.05971943887775555,-0.038203537464141846,0.040457844734191895,0.0014269351959228516,-0.0168336673346694,-0.049162983894348145,0.04709315299987793,-0.003229796886444092,-0.03527054108216432,-0.05658555030822754,0.0515056848526001,-0.004404008388519287,-0.030060120240480992,-0.06718224287033081,0.053071022033691406
outer-2019-2020,2019-12-18T00:00:00+00:00,2019-12-19T14:20:38.253398459+00:00,2019-12-19T14:20:38.253398459+00:00,2019-12-20T00:00:00+00:00,NGF0@2019-12-27,2019-12-25T00:00:00+00:00,0.008612632751464844,-0.03807439824945302,-0.06370389461517334,0.07696855068206787,0.002740281820297242,-0.014704595185995659,0.004131667781621218,0.023090306122513785,-0.002185642719268799,0.01925601750547057,-0.0380287766456604,0.030620455741882324,-0.0007383227348327637,-0.012253829321663079,-0.04331862926483154,0.04705333709716797,0.006061077117919922,-0.03194748358862143,-0.05173349380493164,0.06118655204772949,0.005067944526672363,-0.04463894967177251,-0.0563618540763855,0.07140719890594482,0.008612632751464844,-0.03807439824945302,-0.06370389461517334,0.07696855068206787
outer-2019-2020,2020-01-14T00:00:00+00:00,2020-01-15T14:30:50.421086206+00:00,2020-01-15T14:30:50.421086206+00:00,2020-01-16T00:00:00+00:00,NGG0@2020-01-29,2020-01-21T00:00:00+00:00,-0.0022649765014648438,-0.12305580969807861,-0.04956412315368652,0.044159650802612305,-0.0010705113410949705,-0.016514181152790477,0.0016788908978924155,0.027504667292937327,0.002244710922241211,-0.05535224153705398,-0.0233614444732666,0.03219735622406006,-0.00022161006927490234,-0.08371454711802373,-0.03025639057159424,0.03222858905792236,0.0007818937301635742,-0.12854528819762123,-0.038573503494262695,0.0366666316986084,-0.0019073486328125,-0.11344922232387922,-0.04382067918777466,0.041342735290527344,-0.0022649765014648438,-0.12305580969807861,-0.04956412315368652,0.044159650802612305
outer-2019-2020,2020-02-06T00:00:00+00:00,2020-02-07T14:20:25.837298646+00:00,2020-02-07T14:20:25.837298646+00:00,2020-02-09T00:00:00+00:00,NGH0@2020-02-26,2020-02-13T00:00:00+00:00,0.004422783851623535,-0.02406417112299475,-0.048374056816101074,0.054710984230041504,0.0003049135208129883,0.007379679144385008,0.0010610128520056605,0.014246695876232467,0.0036773681640625,-0.04064171122994653,-0.03143078088760376,0.04233753681182861,0.002087235450744629,-0.051336898395721975,-0.036414146423339844,0.04261040687561035,0.005307435989379883,-0.039572192513368964,-0.0415688157081604,0.04665493965148926,0.0036455392837524414,-0.010695187165775444,-0.04462766647338867,0.05147755146026611,0.004422783851623535,-0.02406417112299475,-0.048374056816101074,0.054710984230041504
outer-2019-2020,2020-03-03T00:00:00+00:00,2020-03-04T15:32:29.838199624+00:00,2020-03-04T15:32:29.838199624+00:00,2020-03-05T00:00:00+00:00,NGJ0@2020-03-27,2020-03-10T00:00:00+00:00,-0.009057819843292236,0.07573244886677721,-0.08195406198501587,0.05507075786590576,-0.004936015605926515,0.024488667772249867,0.007067251019179821,0.05451612686217786,0.009155035018920898,-0.024322830292979547,-0.03909623622894287,0.049500465393066406,0.006095290184020996,-0.04311774461028184,-0.04524195194244385,0.05135631561279297,-0.0004100203514099121,-0.08899944720840247,-0.05984830856323242,0.05029916763305664,-0.006839156150817871,0.0016583747927032544,-0.0706135630607605,0.05144238471984863,-0.009057819843292236,0.07573244886677721,-0.08195406198501587,0.05507075786590576
outer-2019-2020,2020-03-25T00:00:00+00:00,2020-03-26T13:20:07.818681426+00:00,2020-03-26T13:20:07.818681426+00:00,2020-03-27T00:00:00+00:00,NGK0@2020-04-28,2020-04-01T00:00:00+00:00,-0.02393209934234619,-0.0783517121300058,-0.09127730131149292,0.036969542503356934,-0.004557842016220093,-0.00742890307603017,0.008054264821112156,0.02270477492570847,-0.005409598350524902,-0.031340684852002365,-0.04836231470108032,0.04120922088623047,-0.018210172653198242,-0.06268136970400473,-0.06685864925384521,0.029550671577453613,-0.026900827884674072,-0.013929193267556594,-0.08683764934539795,0.02408421039581299,-0.026743590831756592,-0.042948345908299546,-0.08847582340240479,0.03204655647277832,-0.02393209934234619,-0.0783517121300058,-0.09127730131149292,0.036969542503356934
outer-2019-2020,2020-04-16T00:00:00+00:00,2020-04-17T13:19:19.582419310+00:00,2020-04-17T13:19:19.582419310+00:00,2020-04-19T00:00:00+00:00,NGK0@2020-04-28,2020-04-23T00:00:00+00:00,0.018436312675476074,0.051985981308411144,-0.07318568229675293,0.10187733173370361,0.01088025569915772,0.001985981308411204,0.02066776156425476,0.041747635829929554,-0.0262986421585083,0.03796728971962615,-0.09521514177322388,0.03989362716674805,-0.027133941650390625,0.14018691588785037,-0.10277283191680908,0.04246389865875244,-0.04162395000457764,0.07184579439252325,-0.12984615564346313,0.03345358371734619,-0.0078012943267822266,0.1320093457943925,-0.09108972549438477,0.07244229316711426,0.018436312675476074,0.051985981308411144,-0.07318568229675293,0.10187733173370361
outer-2019-2020,2020-05-08T00:00:00+00:00,2020-05-11T13:19:31.208923289+00:00,2020-05-11T13:19:31.208923289+00:00,2020-05-12T00:00:00+00:00,NGM0@2020-05-27,2020-05-17T00:00:00+00:00,0.030634522438049316,-0.06082191780821922,-0.06703996658325195,0.12417352199554443,0.0023750185966491697,0.0014794520547945006,0.0059635452926158905,0.019062193889454366,0.01777803897857666,-0.06739726027397264,-0.04841959476470947,0.07788896560668945,0.03219771385192871,-0.10520547945205472,-0.043024420738220215,0.10465335845947266,0.03513658046722412,-0.06958904109589037,-0.052128612995147705,0.11398649215698242,0.030234932899475098,-0.1035616438356165,-0.0573384165763855,0.1192246675491333,0.030634522438049316,-0.06082191780821922,-0.06703996658325195,0.12417352199554443
outer-2019-2020,2020-06-01T00:00:00+00:00,2020-06-02T13:20:33.039169905+00:00,2020-06-02T13:20:33.039169905+00:00,2020-06-03T00:00:00+00:00,NGN0@2020-06-26,2020-06-08T00:00:00+00:00,-0.007294356822967529,0.017366946778711645,-0.09044700860977173,0.06979906558990479,-0.003514617681503295,-0.0033613445378151375,0.005065885838121176,0.011329277005951459,0.0065544843673706055,0.01848739495798335,-0.04429370164871216,0.06140255928039551,0.0025823116302490234,0.021848739495798464,-0.05671721696853638,0.06174731254577637,0.0015037059783935547,0.008403361344537785,-0.07046151161193848,0.06556904315948486,-0.004866182804107666,-0.00952380952380949,-0.07867670059204102,0.06871819496154785,-0.007294356822967529,0.017366946778711645,-0.09044700860977173,0.06979906558990479
outer-2019-2020,2020-06-23T00:00:00+00:00,2020-06-24T13:37:18.630794169+00:00,2020-06-24T13:37:18.630794169+00:00,2020-06-25T00:00:00+00:00,NGQ0@2020-07-29,2020-06-30T00:00:00+00:00,-0.006378769874572754,0.038529934795494825,-0.08556175231933594,0.06676900386810303,-0.0021839499473571776,0.035921754593953754,0.0032775155268609524,0.05333016852939388,0.003032207489013672,-0.09128630705394203,-0.04477810859680176,0.05308270454406738,-0.001735091209411621,-0.08239478363959696,-0.056099891662597656,0.051557302474975586,-0.000723719596862793,-0.061055127445168944,-0.0678480863571167,0.05784308910369873,-0.004752635955810547,0.017190278601066922,-0.07414126396179199,0.06378436088562012,-0.006378769874572754,0.038529934795494825,-0.08556175231933594,0.06676900386810303
outer-2019-2020,2020-07-16T00:00:00+00:00,2020-07-17T13:48:18.962294370+00:00,2020-07-17T13:48:18.962294370+00:00,2020-07-19T00:00:00+00:00,NGQ0@2020-07-29,2020-07-23T00:00:00+00:00,0.0031088590621948242,0.03308183401044684,-0.07608014345169067,0.07691502571105957,-0.000968766212463379,0.012594312246082408,0.0016375123523175716,0.026543246430866387,0.007458925247192383,-0.01741149158444577,-0.036868512630462646,0.05497002601623535,0.0048073530197143555,-0.0441091120139292,-0.04900878667831421,0.05833113193511963,0.006572365760803223,-0.03366221706326178,-0.06119197607040405,0.06667566299438477,0.0038198232650756836,-0.01915264074289036,-0.06531506776809692,0.07405877113342285,0.0031088590621948242,0.03308183401044684,-0.07608014345169067,0.07691502571105957
outer-2019-2020,2020-08-07T00:00:00+00:00,2020-08-10T13:21:49.778209515+00:00,2020-08-10T13:21:49.778209515+00:00,2020-08-11T00:00:00+00:00,NGU0@2020-08-27,2020-08-16T00:00:00+00:00,0.009920597076416016,0.04922394678492248,-0.10321760177612305,0.11383986473083496,0.0009710788726806641,0.028159645232815993,0.0020770111586898565,0.04313249006326356,0.005435824394226074,-0.049667405764966754,-0.043666839599609375,0.05057322978973389,0.01065373420715332,-0.04390243902439017,-0.06304103136062622,0.07242345809936523,0.009122490882873535,-0.03458980044345894,-0.07780098915100098,0.08893787860870361,0.011394977569580078,0.03991130820399125,-0.08919095993041992,0.10446977615356445,0.009920597076416016,0.04922394678492248,-0.10321760177612305,0.11383986473083496
outer-2019-2020,2020-08-28T00:00:00+00:00,2020-08-31T13:20:23.315943001+00:00,2020-08-31T13:20:23.315943001+00:00,2020-09-01T00:00:00+00:00,NGV0@2020-09-28,2020-09-06T00:00:00+00:00,-0.004918575286865234,-0.0350414468726451,-0.07579988241195679,0.06713354587554932,-0.0006289064884185792,0.0071213262999246215,0.0012244039680808783,0.015481245023264171,-0.002424895763397217,-0.05237377543330812,-0.038040339946746826,0.03246152400970459,-0.0014976263046264648,-0.06480783722682737,-0.04851675033569336,0.04360926151275635,-0.0016756653785705566,-0.06669178598342129,-0.05777275562286377,0.05325055122375488,-0.0027993321418762207,-0.028259231348907177,-0.06739825010299683,0.06028151512145996,-0.004918575286865234,-0.0350414468726451,-0.07579988241195679,0.06713354587554932
outer-2019-2020,2020-09-18T00:00:00+00:00,2020-09-21T20:32:56.886871501+00:00,2020-09-21T20:32:56.886871501+00:00,2020-09-22T00:00:00+00:00,NGV0@2020-09-28,2020-09-27T00:00:00+00:00,-0.017553269863128662,0.02673796791443861,-0.13985371589660645,0.1005786657333374,-0.004482364654541017,0.024161400097228978,0.00673719123005867,0.06483722001967307,-0.0006830096244812012,-0.106951871657754,-0.06205505132675171,0.06405830383300781,-0.00015360116958618164,0.06319883325230924,-0.07774418592453003,0.0765833854675293,-0.0036133527755737305,0.07194944093339828,-0.09870833158493042,0.0834723711013794,-0.011236727237701416,0.03743315508021383,-0.11888998746871948,0.09358751773834229,-0.017553269863128662,0.02673796791443861,-0.13985371589660645,0.1005786657333374
outer-2019-2020,2020-10-13T00:00:00+00:00,2020-10-14T13:24:57.988178663+00:00,2020-10-14T13:24:57.988178663+00:00,2020-10-15T00:00:00+00:00,NGX0@2020-10-28,2020-10-20T00:00:00+00:00,-0.0015184879302978516,0.0709819786686281,-0.08022719621658325,0.07514941692352295,0.0024217665195465097,0.014784847370356699,0.006417499389499426,0.03146497177874786,-0.008057475090026855,0.025744759102611425,-0.05451333522796631,0.03092217445373535,-0.016176879405975342,-0.01140125045972773,-0.0733102560043335,0.03828859329223633,-0.018223345279693604,-0.007723427730783383,-0.08438622951507568,0.049193382263183594,-0.005037188529968262,0.04597278411180583,-0.07759827375411987,0.0685962438583374,-0.0015184879302978516,0.0709819786686281,-0.08022719621658325,0.07514941692352295
outer-2019-2020,2020-11-04T00:00:00+00:00,2020-11-05T14:39:49.033674781+00:00,2020-11-05T14:39:49.033674781+00:00,2020-11-06T00:00:00+00:00,NGZ0@2020-11-25,2020-11-11T00:00:00+00:00,0.019426941871643066,-0.011074918566775227,-0.03686481714248657,0.08236420154571533,0.0006690740585327146,0.012410423452768729,0.0014965676236897707,0.021496989393941048,0.016597390174865723,-0.05798045602605861,-0.012149572372436523,0.04816174507141113,0.01893460750579834,-0.06970684039087949,-0.020174145698547363,0.06087327003479004,0.021127820014953613,-0.06547231270358289,-0.024904727935791016,0.07032179832458496,0.0199662446975708,-0.039413680781759,-0.03177553415298462,0.07805347442626953,0.019426941871643066,-0.011074918566775227,-0.03686481714248657,0.08236420154571533
outer-2019-2020,2020-11-27T00:00:00+00:00,2020-11-30T14:20:04.540751901+00:00,2020-11-30T14:20:04.540751901+00:00,2020-12-01T00:00:00+00:00,NGF1@2020-12-29,2020-12-06T00:00:00+00:00,-0.007284343242645264,-0.137144861452122,-0.06494700908660889,0.052861809730529785,-0.0012491285800933837,-0.03549631708172568,0.002017499879002571,0.054182872748190516,-0.001759350299835205,0.005962820063135643,-0.028915047645568848,0.026705622673034668,-0.0054795145988464355,-0.035776920378814414,-0.04250425100326538,0.03374671936035156,-0.006602644920349121,-0.118554893019993,-0.052294790744781494,0.03907597064971924,-0.006920814514160156,-0.10452472816555591,-0.05892401933670044,0.047490596771240234,-0.007284343242645264,-0.137144861452122,-0.06494700908660889,0.052861809730529785
outer-2019-2020,2020-12-18T00:00:00+00:00,2020-12-21T14:37:41.438454558+00:00,2020-12-21T14:37:41.438454558+00:00,2020-12-22T00:00:00+00:00,NGF1@2020-12-29,2020-12-28T00:00:00+00:00,0.00022161006927490234,-0.1430155210643016,-0.05573338270187378,0.05675792694091797,0.0001874804496765138,-0.04445676274944569,0.0005729781114496291,0.06590941984534646,0.0001310110092163086,0.023651145602365142,-0.022700965404510498,0.025285720825195312,-0.00029098987579345703,-0.041389504804138944,-0.03374356031417847,0.0324862003326416,9.393692016601562e-05,-0.06060606060606066,-0.0441703200340271,0.03980588912963867,0.0014026165008544922,-0.15262379896526235,-0.050512731075286865,0.051412105560302734,0.00022161006927490234,-0.1430155210643016,-0.05573338270187378,0.05675792694091797
outer-2021-2022,2020-12-30T00:00:00+00:00,2020-12-31T14:25:54.542205769+00:00,2020-12-31T14:25:54.542205769+00:00,2021-01-03T00:00:00+00:00,NGG1@2021-01-27,2021-01-07T00:00:00+00:00,0.008255958557128906,0.10504718916700861,-0.08411204814910889,0.09436619281768799,8.199214935302762e-05,0.009191629052113242,0.0005278130411170423,0.016413623307345093,0.007905125617980957,0.07878539187525657,-0.03520995378494263,0.05262148380279541,0.008463859558105469,0.06893721789084939,-0.04936397075653076,0.06447422504425049,0.00948953628540039,0.10668855149774314,-0.06253600120544434,0.07416975498199463,0.008582115173339844,0.10832991382847768,-0.07231926918029785,0.08512544631958008,0.008255958557128906,0.10504718916700861,-0.08411204814910889,0.09436619281768799
outer-2021-2022,2021-01-20T00:00:00+00:00,2021-01-21T14:25:34.269999519+00:00,2021-01-21T14:25:34.269999519+00:00,2021-01-22T00:00:00+00:00,NGG1@2021-01-27,2021-01-27T00:00:00+00:00,0.010817646980285645,0.07100591715976323,-0.06734973192214966,0.08819818496704102,0.0007925987243652346,0.025641025641025664,0.0011529432376846671,0.03637072310848331,0.007947683334350586,-0.032741617357002095,-0.025407493114471436,0.043914794921875,0.008127927780151367,-0.0035502958579882726,-0.03881800174713135,0.05576586723327637,0.008926868438720703,0.02642998027613408,-0.049904823303222656,0.06521308422088623,0.010313987731933594,0.04536489151873768,-0.05915254354476929,0.079620361328125,0.010817646980285645,0.07100591715976323,-0.06734973192214966,0.08819818496704102
outer-2021-2022,2021-02-11T00:00:00+00:00,2021-02-12T14:32:29.008261911+00:00,2021-02-12T14:32:29.008261911+00:00,2021-02-14T00:00:00+00:00,NGH1@2021-02-24,2021-02-18T00:00:00+00:00,0.019704818725585938,0.051013277428371806,-0.05478036403656006,0.0936896800994873,0.0012763142585754403,0.004961565338923871,0.0018884154269471765,0.031204910638387325,0.015338897705078125,0.060447239692522636,-0.024367034435272217,0.051105380058288574,0.015379190444946289,0.07127882599580704,-0.035727858543395996,0.06369709968566895,0.0170137882232666,0.08106219426974137,-0.04243910312652588,0.07679963111877441,0.01941049098968506,0.13976240391334738,-0.04737448692321777,0.0866321325302124,0.019704818725585938,0.051013277428371806,-0.05478036403656006,0.0936896800994873
outer-2021-2022,2021-03-08T00:00:00+00:00,2021-03-09T14:23:32.474505570+00:00,2021-03-09T14:23:32.474505570+00:00,2021-03-10T00:00:00+00:00,NGJ1@2021-03-29,2021-03-15T00:00:00+00:00,0.006311297416687012,-0.06529080675422139,-0.04239755868911743,0.0613250732421875,0.0003709793090820312,-0.018874296435272046,0.0005896061775274575,0.027103675480900907,0.005074262619018555,0.007504690431519689,-0.01670175790786743,0.028728008270263672,0.005057930946350098,0.002251407129455929,-0.025648295879364014,0.038861751556396484,0.005172848701477051,-0.02514071294559106,-0.03231191635131836,0.04622507095336914,0.006293654441833496,-0.04090056285178234,-0.03753906488418579,0.05374288558959961,0.006311297416687012,-0.06529080675422139,-0.04239755868911743,0.0613250732421875
outer-2021-2022,2021-03-30T00:00:00+00:00,2021-03-31T13:26:10.939322757+00:00,2021-03-31T13:26:10.939322757+00:00,2021-04-01T00:00:00+00:00,NGK1@2021-04-28,2021-04-07T00:00:00+00:00,0.0021173954010009766,-0.042350247996947865,-0.03773462772369385,0.04669368267059326,0.0003715395927429199,-0.014307516215185058,0.0006032290402799845,0.023590513808854387,0.0007227659225463867,0.0019076688286912002,-0.017923355102539062,0.021556854248046875,0.0015850067138671875,-0.004959938954597454,-0.0237271785736084,0.029392123222351074,0.0019061565399169922,-0.04082411293399468,-0.02823716402053833,0.0342259407043457,0.002511143684387207,-0.05951926745516989,-0.033691585063934326,0.03954172134399414,0.0021173954010009766,-0.042350247996947865,-0.03773462772369385,0.04669368267059326
outer-2021-2022,2021-04-21T00:00:00+00:00,2021-04-22T13:22:11.745780948+00:00,2021-04-22T13:22:11.745780948+00:00,2021-04-23T00:00:00+00:00,NGK1@2021-04-28,2021-04-28T00:00:00+00:00,-0.0025793910026550293,0.08438193930421911,-0.04064369201660156,0.03827238082885742,4.1949748992919906e-05,0.020799407846039952,0.0003478261933196336,0.030080058776564392,-0.0023767948150634766,0.006661732050333269,-0.021919667720794678,0.015754342079162598,-0.0028165578842163086,0.00925240562546259,-0.02729618549346924,0.02249908447265625,-0.0018947124481201172,0.03515914137675802,-0.03173452615737915,0.02859938144683838,-0.001991868019104004,0.06180606957809043,-0.036434710025787354,0.03312385082244873,-0.0025793910026550293,0.08438193930421911,-0.04064369201660156,0.03827238082885742
outer-2021-2022,2021-05-13T00:00:00+00:00,2021-05-14T13:20:48.270431682+00:00,2021-05-14T13:20:48.270431682+00:00,2021-05-16T00:00:00+00:00,NGM1@2021-05-26,2021-05-20T00:00:00+00:00,0.00039649009704589844,-0.008721905400872143,-0.028661668300628662,0.029992103576660156,-7.412433624267579e-05,-0.011338477021133846,0.00015283103857655078,0.02113054611250691,0.0007845163345336914,0.019456558201945695,-0.01643049716949463,0.016878247261047363,0.0006908178329467773,0.047970479704797064,-0.019450366497039795,0.019621610641479492,0.0004655122756958008,0.008721905400872254,-0.024657487869262695,0.02322542667388916,0.0007256269454956055,-0.009057363300905674,-0.02491360902786255,0.02648746967315674,0.00039649009704589844,-0.008721905400872143,-0.028661668300628662,0.029992103576660156
outer-2021-2022,2021-06-04T00:00:00+00:00,2021-06-07T13:33:11.480676288+00:00,2021-06-07T13:33:11.480676288+00:00,2021-06-08T00:00:00+00:00,NGN1@2021-06-28,2021-06-13T00:00:00+00:00,0.0004057884216308594,0.06421426266537589,-0.03079962730407715,0.031873464584350586,0.00018250942230224612,0.015133914165859961,0.00027593664708547294,0.021775458466236602,-0.0003604292869567871,0.00871248789932233,-0.01904439926147461,0.01630246639251709,8.666515350341797e-05,0.019038399483704227,-0.0212862491607666,0.02010345458984375,0.00011646747589111328,0.04130364633752803,-0.026883840560913086,0.02438819408416748,0.00037932395935058594,0.05937399161019674,-0.027102947235107422,0.027649283409118652,0.0004057884216308594,0.06421426266537589,-0.03079962730407715,0.031873464584350586
outer-2021-2022,2021-07-02T00:00:00+00:00,2021-07-06T13:27:12.983535256+00:00,2021-07-06T13:27:12.983535256+00:00,2021-07-07T00:00:00+00:00,NGQ1@2021-07-28,2021-07-12T00:00:00+00:00,-0.0014641284942626953,0.015667206915180865,-0.05117928981781006,0.048224449157714844,0.0013319313526153564,0.008995137763371132,0.001931637991219759,0.015782840476291707,-0.006275951862335205,-0.03349540788762839,-0.037831902503967285,0.028664588928222656,-0.005662858486175537,-0.003781739600215994,-0.040666937828063965,0.030278325080871582,-0.004398524761199951,-0.007293354943273989,-0.047122061252593994,0.03690969944000244,-0.001967191696166992,-0.012155591572123203,-0.04635876417160034,0.04185199737548828,-0.0014641284942626953,0.015667206915180865,-0.05117928981781006,0.048224449157714844
outer-2021-2022,2021-07-27T00:00:00+00:00,2021-07-28T13:22:29.610499801+00:00,2021-07-28T13:22:29.610499801+00:00,2021-07-29T00:00:00+00:00,NGU1@2021-08-27,2021-08-03T00:00:00+00:00,0.0033888816833496094,0.03747132296711708,-0.04598051309585571,0.049245238304138184,0.00070493221282959,0.004002039255671698,0.0011649037478491664,0.01353553551821518,0.0006082057952880859,0.02549069589599795,-0.03378647565841675,0.03734898567199707,0.00020813941955566406,-0.002549069589599884,-0.03646606206893921,0.037375450134277344,0.0005286931991577148,0.011470813153199089,-0.042232394218444824,0.04053986072540283,0.0016961097717285156,0.013510068824878818,-0.04302757978439331,0.044010043144226074,0.0033888816833496094,0.03747132296711708,-0.04598051309585571,0.049245238304138184
outer-2021-2022,2021-08-16T00:00:00+00:00,2021-08-17T14:06:34.283214740+00:00,2021-08-17T14:06:34.283214740+00:00,2021-08-18T00:00:00+00:00,NGU1@2021-08-27,2021-08-23T00:00:00+00:00,0.006344318389892578,-0.004559270516717229,-0.039651691913604736,0.049836039543151855,0.0007038354873657227,0.005319148936170217,0.0010149056324735284,0.009326680018532983,0.003346085548400879,-0.03166160081053693,-0.02769416570663452,0.034647226333618164,0.004611492156982422,-0.02152988855116511,-0.028869152069091797,0.03726780414581299,0.005183100700378418,-0.028115501519756725,-0.03458285331726074,0.041989803314208984,0.00565338134765625,-0.02254305977710236,-0.03489279747009277,0.04576551914215088,0.006344318389892578,-0.004559270516717229,-0.039651691913604736,0.049836039543151855
outer-2021-2022,2021-09-08T00:00:00+00:00,2021-09-09T13:38:10.503319848+00:00,2021-09-09T13:38:10.503319848+00:00,2021-09-10T00:00:00+00:00,NGV1@2021-09-28,2021-09-15T00:00:00+00:00,0.0016751289367675781,0.09436648362822875,-0.06459712982177734,0.06728947162628174,0.0018218159675598145,0.0244864754931869,0.002861197106540203,0.03671162340720041,-0.005774974822998047,0.008338417734391035,-0.05244237184524536,0.04672122001647949,-0.004866898059844971,0.00020337604230236117,-0.05346482992172241,0.04789149761199951,-0.005442917346954346,0.058572300183038495,-0.06069755554199219,0.05271339416503906,-0.0015489459037780762,0.07301199918649592,-0.06279343366622925,0.05732452869415283,0.0016751289367675781,0.09436648362822875,-0.06459712982177734,0.06728947162628174
outer-2021-2022,2021-10-06T00:00:00+00:00,2021-10-07T13:20:41.428733393+00:00,2021-10-07T13:20:41.428733393+00:00,2021-10-08T00:00:00+00:00,NGX1@2021-10-27,2021-10-13T00:00:00+00:00,0.03378438949584961,-0.019540031125713342,-0.06024599075317383,0.12647247314453125,0.002165758609771729,-0.0020577554902299726,0.0032515323255211115,0.02232822519939802,0.025380611419677734,-0.03060695140930325,-0.034470319747924805,0.08597433567047119,0.0267791748046875,-0.016427459795953725,-0.03898453712463379,0.09381997585296631,0.026736736297607422,-0.07262666436105825,-0.052562057971954346,0.10411572456359863,0.031629204750061035,-0.05913885526543328,-0.05091965198516846,0.11355268955230713,0.03378438949584961,-0.019540031125713342,-0.06024599075317383,0.12647247314453125
outer-2021-2022,2021-10-27T00:00:00+00:00,2021-10-28T13:24:50.493153415+00:00,2021-10-28T13:24:50.493153415+00:00,2021-10-29T00:00:00+00:00,NGZ1@2021-11-26,2021-11-03T00:00:00+00:00,0.002801060676574707,-0.05004088307440724,-0.09024852514266968,0.09548819065093994,0.0002832293510437012,0.009926410466067037,0.0017173719825223088,0.03127644011372486,0.0010230541229248047,-0.08977923139820121,-0.05276525020599365,0.05883908271789551,0.0013486146926879883,-0.11447260834014716,-0.060778915882110596,0.06566178798675537,-0.002431333065032959,-0.14538021259198697,-0.07890534400939941,0.07269787788391113,0.0006248950958251953,-0.09468520032706473,-0.0817873477935791,0.081717848777771,0.002801060676574707,-0.05004088307440724,-0.09024852514266968,0.09548819065093994
outer-2021-2022,2021-11-16T00:00:00+00:00,2021-11-17T14:23:36.185932673+00:00,2021-11-17T14:23:36.185932673+00:00,2021-11-18T00:00:00+00:00,NGZ1@2021-11-26,2021-11-23T00:00:00+00:00,0.010912179946899414,-0.03950184860867878,-0.07851248979568481,0.11411750316619873,-4.928112030029307e-05,-0.005117727184277112,0.0014682973269373178,0.016092236780052914,0.010883092880249023,-0.039307258221443875,-0.03711217641830444,0.06056678295135498,0.008963465690612793,-0.012064604008562019,-0.05034118890762329,0.07361495494842529,0.007113099098205566,-0.039696438995913685,-0.06830787658691406,0.08779740333557129,0.008412480354309082,-0.06285269507686331,-0.07037138938903809,0.09788334369659424,0.010912179946899414,-0.03950184860867878,-0.07851248979568481,0.11411750316619873
outer-2021-2022,2021-12-09T00:00:00+00:00,2021-12-10T14:24:04.410869170+00:00,2021-12-10T14:24:04.410869170+00:00,2021-12-12T00:00:00+00:00,NGF2@2021-12-29,2021-12-16T00:00:00+00:00,0.01664602756500244,-0.0007934408886538513,-0.06292724609375,0.11663758754730225,-0.000998246669769287,-0.009679978841576299,0.0014820131473243237,0.019851179961913604,0.02082192897796631,0.05263157894736836,-0.013766646385192871,0.06086444854736328,0.018939495086669922,0.002909283258397233,-0.028507113456726074,0.07600915431976318,0.019266724586486816,0.002380322665961332,-0.0437282919883728,0.08855998516082764,0.017308831214904785,0.012959534514678683,-0.05514723062515259,0.10557615756988525,0.01664602756500244,-0.0007934408886538513,-0.06292724609375,0.11663758754730225
outer-2021-2022,2022-01-03T00:00:00+00:00,2022-01-04T14:44:16.429817831+00:00,2022-01-04T14:44:16.429817831+00:00,2022-01-05T00:00:00+00:00,NGG2@2022-01-27,2022-01-10T00:00:00+00:00,-0.0046097636222839355,0.07477853048462735,-0.07472944259643555,0.08332955837249756,-2.110004425048855e-05,0.021365294424179237,0.000818857632111758,0.03259742380203849,-0.004784882068634033,0.004168837936425307,-0.04040712118148804,0.03497469425201416,-0.0028731226921081543,0.005732152162584603,-0.047928810119628906,0.05118370056152344,-0.0029273033142089844,0.0252735799895778,-0.0600588321685791,0.05930984020233154,-0.0034343600273132324,0.07816571130797278,-0.06899404525756836,0.07280588150024414,-0.0046097636222839355,0.07477853048462735,-0.07472944259643555,0.08332955837249756
outer-2021-2022,2022-01-25T00:00:00+00:00,2022-01-26T14:21:07.083375642+00:00,2022-01-26T14:21:07.083375642+00:00,2022-01-27T00:00:00+00:00,NGH2@2022-02-24,2022-02-01T00:00:00+00:00,-0.01179206371307373,0.2528912875867386,-0.08557462692260742,0.07817625999450684,-0.0022269189357757573,0.03305062965818553,0.003250195411965251,0.059860618827324706,-0.0021387338638305664,0.1177075301978927,-0.0431363582611084,0.038718581199645996,-0.006837427616119385,0.20534566949370348,-0.0563281774520874,0.051906704902648926,-0.00772702693939209,0.2850167052171677,-0.06703633069992065,0.05964171886444092,-0.009799957275390625,0.2654844512978669,-0.0763540267944336,0.0675356388092041,-0.01179206371307373,0.2528912875867386,-0.08557462692260742,0.07817625999450684
outer-2021-2022,2022-02-14T00:00:00+00:00,2022-02-15T14:24:56.238773889+00:00,2022-02-15T14:24:56.238773889+00:00,2022-02-16T00:00:00+00:00,NGH2@2022-02-24,2022-02-21T00:00:00+00:00,0.00033104419708251953,0.15360651809249948,-0.09647303819656372,0.1354212760925293,-0.00035290718078613293,0.011358734723220732,0.0008477382361888885,0.02983918385475966,0.002414107322692871,0.1133477114785526,-0.03633129596710205,0.04944276809692383,0.0016100406646728516,0.08794632159118132,-0.05527651309967041,0.07749223709106445,0.0027180910110473633,0.06589983225497242,-0.07124477624893188,0.1015777587890625,0.0022470951080322266,0.12101605559549489,-0.08312863111495972,0.12021815776824951,0.00033104419708251953,0.15360651809249948,-0.09647303819656372,0.1354212760925293
outer-2021-2022,2022-03-07T00:00:00+00:00,2022-03-08T14:20:47.012178370+00:00,2022-03-08T14:20:47.012178370+00:00,2022-03-09T00:00:00+00:00,NGJ2@2022-03-29,2022-03-14T00:00:00+00:00,0.0052318572998046875,-0.034282152503635976,-0.0733109712600708,0.08389711380004883,0.0017972528934478763,0.0053604820278412395,0.002714902628213167,0.0155816330336417,-0.001175999641418457,-0.05651360897569069,-0.04523336887359619,0.037738680839538574,-0.002077043056488037,-0.03095782256388946,-0.05595499277114868,0.04776263236999512,0.00033164024353027344,-0.009349677955537095,-0.06608915328979492,0.06163430213928223,0.0030797719955444336,-0.02181591522958648,-0.06487423181533813,0.07194638252258301,0.0052318572998046875,-0.034282152503635976,-0.0733109712600708,0.08389711380004883
outer-2021-2022,2022-04-05T00:00:00+00:00,2022-04-06T13:32:29.748192883+00:00,2022-04-06T13:32:29.748192883+00:00,2022-04-07T00:00:00+00:00,NGK2@2022-04-27,2022-04-12T00:00:00+00:00,-0.004228651523590088,0.1027498765025523,-0.0949869155883789,0.08384871482849121,0.0009396314620971683,0.016894450848015823,0.001447684015147388,0.02889047813983214,-0.007712125778198242,0.05137493825127604,-0.0635901689529419,0.05342376232147217,-0.008121728897094727,0.040836489379219465,-0.07102662324905396,0.05650913715362549,-0.007292687892913818,0.046929030133377125,-0.08460360765457153,0.06604456901550293,-0.0056923627853393555,0.10703112135682513,-0.08611571788787842,0.07310819625854492,-0.004228651523590088,0.1027498765025523,-0.0949869155883789,0.08384871482849121
outer-2021-2022,2022-04-28T00:00:00+00:00,2022-04-29T13:19:35.512184757+00:00,2022-04-29T13:19:35.512184757+00:00,2022-05-01T00:00:00+00:00,NGM2@2022-05-26,2022-05-05T00:00:00+00:00,0.016783952713012695,0.2820809248554914,-0.08086395263671875,0.10805690288543701,0.001407468318939208,0.05223988439306364,0.0020806307438760996,0.075881523530335,0.011088728904724121,0.0778901734104045,-0.04949235916137695,0.06716263294219971,0.011481404304504395,0.09653179190751437,-0.05604821443557739,0.07499289512634277,0.012523770332336426,0.13627167630057802,-0.06943464279174805,0.08679759502410889,0.014165639877319336,0.21054913294797695,-0.06721633672714233,0.09511435031890869,0.016783952713012695,0.2820809248554914,-0.08086395263671875,0.10805690288543701
outer-2021-2022,2022-05-18T00:00:00+00:00,2022-05-19T13:20:25.792429791+00:00,2022-05-19T13:20:25.792429791+00:00,2022-05-20T00:00:00+00:00,NGM2@2022-05-26,2022-05-25T00:00:00+00:00,0.005415558815002441,0.11415581223887927,-0.08974581956863403,0.09568595886230469,0.0010538697242736816,0.03493487343327596,0.0017858486389741302,0.05194948380501595,0.0006110668182373047,-0.00983042516588839,-0.05870336294174194,0.059226393699645996,0.0010156631469726562,-0.007987220447284282,-0.06532865762710571,0.06619882583618164,0.0008225440979003906,0.07434259031703117,-0.07874995470046997,0.07589638233184814,0.0019453763961791992,0.09338903907593998,-0.07885998487472534,0.08352410793304443,0.005415558815002441,0.11415581223887927,-0.08974581956863403,0.09568595886230469
outer-2021-2022,2022-06-09T00:00:00+00:00,2022-06-10T13:38:41.427251021+00:00,2022-06-10T13:38:41.427251021+00:00,2022-06-12T00:00:00+00:00,NGN2@2022-06-28,2022-06-16T00:00:00+00:00,-0.014187872409820557,-0.17913907284768216,-0.12441283464431763,0.09613871574401855,0.0033427655696868916,-0.03907284768211921,0.004785908851772547,0.06849020582167863,-0.028027474880218506,-0.045253863134657846,-0.09779959917068481,0.03962206840515137,-0.024964869022369385,-0.04028697571743933,-0.10300511121749878,0.05138552188873291,-0.022858500480651855,-0.1993377483443709,-0.11759990453720093,0.06657564640045166,-0.019216418266296387,-0.16324503311258276,-0.11357563734054565,0.07840621471405029,-0.014187872409820557,-0.17913907284768216,-0.12441283464431763,0.09613871574401855
outer-2021-2022,2022-07-11T00:00:00+00:00,2022-07-12T13:32:07.361045383+00:00,2022-07-12T13:32:07.361045383+00:00,2022-07-13T00:00:00+00:00,NGQ2@2022-07-27,2022-07-18T00:00:00+00:00,-0.004519641399383545,0.1361200428724545,-0.1285947561264038,0.1326465606689453,-0.002468866109848023,0.031603123564538364,0.003637881949543953,0.04569707293485073,0.005052447319030762,0.01163680906446185,-0.05852222442626953,0.060071349143981934,0.0026710033416748047,0.030163834022354896,-0.08185607194900513,0.08362913131713867,-0.0023803114891052246,0.08941969070586442,-0.10477995872497559,0.10143280029296875,-0.0028734803199768066,0.09722860205175321,-0.11430919170379639,0.11506974697113037,-0.004519641399383545,0.1361200428724545,-0.1285947561264038,0.1326465606689453
outer-2021-2022,2022-08-01T00:00:00+00:00,2022-08-02T13:20:39.318233006+00:00,2022-08-02T13:20:39.318233006+00:00,2022-08-03T00:00:00+00:00,NGU2@2022-08-29,2022-08-08T00:00:00+00:00,0.01915156841278076,-0.06615309366593314,-0.1049310564994812,0.15085875988006592,0.002754342555999756,-0.01807287845438983,0.004125755745917559,0.025874088856677555,0.00792694091796875,0.008192712154560855,-0.06385254859924316,0.07479465007781982,0.009004354476928711,-0.005380288579114767,-0.07869654893875122,0.0945730209350586,0.00999915599822998,-0.021154316458791844,-0.09632742404937744,0.11686599254608154,0.014098525047302246,-0.03741746148202507,-0.0954778790473938,0.13267874717712402,0.01915156841278076,-0.06615309366593314,-0.1049310564994812,0.15085875988006592
outer-2021-2022,2022-08-19T00:00:00+00:00,2022-08-22T13:20:50.450749737+00:00,2022-08-22T13:20:50.450749737+00:00,2022-08-23T00:00:00+00:00,NGU2@2022-08-29,2022-08-28T00:00:00+00:00,0.001064300537109375,0.03480603448275876,-0.11230576038360596,0.11831462383270264,0.0019576013088226317,0.00843750000000001,0.0029724182095378637,0.014249096441721147,-0.007335782051086426,-0.0036637931034481097,-0.07659924030303955,0.06009626388549805,-0.005559802055358887,-0.0031250000000000444,-0.08387142419815063,0.07246410846710205,-0.005881309509277344,0.01346982758620685,-0.10227334499359131,0.08758103847503662,-0.00278395414352417,0.004310344827586299,-0.09990650415420532,0.09864771366119385,0.001064300537109375,0.03480603448275876,-0.11230576038360596,0.11831462383270264
outer-2021-2022,2022-09-19T00:00:00+00:00,2022-09-20T13:22:21.803476116+00:00,2022-09-20T13:22:21.803476116+00:00,2022-09-21T00:00:00+00:00,NGV2@2022-09-28,2022-09-26T00:00:00+00:00,0.0027834177017211914,-0.11842938568714367,-0.11223536729812622,0.1293501853942871,0.0013053655624389654,-0.02416719442685245,0.0019674866925925016,0.04240968857990789,-0.0023171305656433105,-0.02001266624445841,-0.06240129470825195,0.049997687339782715,-0.001373887062072754,-0.0862571247625078,-0.08141636848449707,0.0716170072555542,-0.0015327930450439453,-0.13350221659278017,-0.09934055805206299,0.09399557113647461,0.0014786720275878906,-0.13109563014566172,-0.1010705828666687,0.10810816287994385,0.0027834177017211914,-0.11842938568714367,-0.11223536729812622,0.1293501853942871
outer-2021-2022,2022-10-11T00:00:00+00:00,2022-10-12T13:21:57.851606691+00:00,2022-10-12T13:21:57.851606691+00:00,2022-10-13T00:00:00+00:00,NGX2@2022-10-27,2022-10-18T00:00:00+00:00,-0.017411768436431885,-0.13052695336159903,-0.0967450737953186,0.07702779769897461,-0.004277187585830689,-0.03691701998788611,0.006053231656551361,0.052363211868493055,-0.00023293495178222656,0.0151423379769835,-0.04112440347671509,0.03831017017364502,-0.005015194416046143,-0.019382192610539084,-0.06065702438354492,0.051139235496520996,-0.009362339973449707,-0.04860690490611741,-0.07837629318237305,0.06132090091705322,-0.013429403305053711,-0.09721380981223504,-0.08481651544570923,0.06595325469970703,-0.017411768436431885,-0.13052695336159903,-0.0967450737953186,0.07702779769897461
outer-2021-2022,2022-11-01T00:00:00+00:00,2022-11-02T13:38:22.573773710+00:00,2022-11-02T13:38:22.573773710+00:00,2022-11-03T00:00:00+00:00,NGZ2@2022-11-28,2022-11-08T00:00:00+00:00,-0.0030007362365722656,0.08025325119780957,-0.10747921466827393,0.11550414562225342,-0.0003990173339843751,0.01759069130732371,0.000995120033621788,0.06082228109468062,-0.0022740960121154785,0.015058179329226595,-0.05399620532989502,0.04822432994842529,-0.00016814470291137695,0.10523613963039002,-0.06752991676330566,0.06914985179901123,-0.0018518567085266113,0.1931895961670087,-0.08600097894668579,0.07851970195770264,-0.0027050375938415527,0.1507529089664612,-0.09537088871002197,0.09668684005737305,-0.0030007362365722656,0.08025325119780957,-0.10747921466827393,0.11550414562225342
outer-2021-2022,2022-11-29T00:00:00+00:00,2022-11-30T14:33:53.693739523+00:00,2022-11-30T14:33:53.693739523+00:00,2022-12-01T00:00:00+00:00,NGF3@2022-12-28,2022-12-06T00:00:00+00:00,-0.0006572604179382324,-0.2507615618942123,-0.09245449304580688,0.10595321655273438,-0.0007595658302307132,-0.046012184990307424,0.001222293241880834,0.06648221607189883,0.0020732879638671875,-0.06314040432013301,-0.04952502250671387,0.05034661293029785,0.0029615163803100586,-0.13846579894765987,-0.06366097927093506,0.06806039810180664,0.0015674829483032227,-0.18900581556355578,-0.07843607664108276,0.08425843715667725,0.0008269548416137695,-0.22334533370257548,-0.08193039894104004,0.09253978729248047,-0.0006572604179382324,-0.2507615618942123,-0.09245449304580688,0.10595321655273438
outer-2021-2022,2022-12-19T00:00:00+00:00,2022-12-20T14:26:24.890876987+00:00,2022-12-20T14:26:24.890876987+00:00,2022-12-21T00:00:00+00:00,NGF3@2022-12-28,2022-12-27T00:00:00+00:00,-0.015125393867492676,-0.11325919589392641,-0.14318615198135376,0.13911664485931396,0.002630698680877687,-0.009289991445680079,0.003859512275084853,0.027164425787123563,-0.024608612060546875,-0.05218135158254911,-0.07497501373291016,0.034708261489868164,-0.021945953369140625,-0.12677502138579977,-0.09616643190383911,0.06784749031066895,-0.019293010234832764,-0.1231822070145423,-0.11640274524688721,0.09086441993713379,-0.014605402946472168,-0.09751924721984595,-0.12928032875061035,0.11570155620574951,-0.015125393867492676,-0.11325919589392641,-0.14318615198135376,0.13911664485931396
