outer_block_id,prediction_time,generated_at,contract_id,pred_terminal_return,actual_terminal_return,pred_terminal_q10_return,pred_terminal_q90_return,pred_slope_per_step,actual_slope_per_step,pred_close_dispersion_pct,actual_close_dispersion_pct,pred_close_return_h1,actual_close_return_h1,pred_q10_close_return_h1,pred_q90_close_return_h1,pred_close_return_h2,actual_close_return_h2,pred_q10_close_return_h2,pred_q90_close_return_h2,pred_close_return_h3,actual_close_return_h3,pred_q10_close_return_h3,pred_q90_close_return_h3,pred_close_return_h4,actual_close_return_h4,pred_q10_close_return_h4,pred_q90_close_return_h4,pred_close_return_h5,actual_close_return_h5,pred_q10_close_return_h5,pred_q90_close_return_h5
outer-2017-2018,2016-12-30T14:50:14.329502576+00:00,2016-12-30T14:50:14.329502576+00:00,NGG7@2017-01-27,-0.009690821170806885,-0.14270696452036802,-0.09353947639465332,0.057234764099121094,-0.00240204930305481,-0.012851511169513795,0.0034082524944096804,0.02351685104443627,-0.00034815073013305664,-0.08015768725361372,-0.043372511863708496,0.037162065505981445,-0.0027251243591308594,-0.12851511169513807,-0.060893893241882324,0.045919179916381836,-0.005495429039001465,-0.1445466491458608,-0.07422035932540894,0.050000548362731934,-0.008060276508331299,-0.13193166885676744,-0.08570224046707153,0.05327916145324707,-0.009690821170806885,-0.14270696452036802,-0.09353947639465332,0.057234764099121094
outer-2017-2018,2017-01-25T14:49:27.263814922+00:00,2017-01-25T14:49:27.263814922+00:00,NGH7@2017-02-24,0.006682395935058594,-0.05722070844686655,-0.06252717971801758,0.0929269790649414,0.0012131929397583008,-0.019860732667272188,0.0018247801344841719,0.030161213267110045,0.0010277032852172852,0.01816530426884655,-0.03654515743255615,0.0428692102432251,0.002942681312561035,0.025734181047532445,-0.047160446643829346,0.06151473522186279,0.003304600715637207,0.0027247956403269047,-0.05372262001037598,0.07246232032775879,0.0037652254104614258,-0.022101120193763202,-0.059908390045166016,0.08222949504852295,0.006682395935058594,-0.05722070844686655,-0.06252717971801758,0.0929269790649414
outer-2017-2018,2017-02-14T14:49:29.250496882+00:00,2017-02-14T14:49:29.250496882+00:00,NGH7@2017-02-24,0.0354313850402832,-0.0539433253670194,-0.03788185119628906,0.13243305683135986,0.007000041007995605,-0.013758962103106865,0.010088762268424034,0.020390816578119874,0.0060814619064331055,0.0027313076135200287,-0.03103625774383545,0.052388787269592285,0.01801896095275879,-0.02663024923181967,-0.03230828046798706,0.08487892150878906,0.024921774864196777,-0.029361556845339698,-0.03327292203903198,0.10268700122833252,0.02931952476501465,-0.05087060430180945,-0.037266552448272705,0.11702477931976318,0.0354313850402832,-0.0539433253670194,-0.03788185119628906,0.13243305683135986
outer-2017-2018,2017-03-08T14:49:23.130408594+00:00,2017-03-08T14:49:23.130408594+00:00,NGJ7@2017-03-29,0.0029304027557373047,0.03223545900490543,-0.053677499294281006,0.07183325290679932,0.00015805959701538092,-0.0040644709180097886,0.00030104193137958646,0.01609486205726115,0.0020704269409179688,0.04940434477925715,-0.030969083309173584,0.03521859645843506,0.002444624900817871,0.06587245970567612,-0.03895854949951172,0.04716324806213379,0.0021686553955078125,0.0802382620882971,-0.04509007930755615,0.056353211402893066,0.002305269241333008,0.059565522074281674,-0.05001199245452881,0.06446611881256104,0.0029304027557373047,0.03223545900490543,-0.053677499294281006,0.07183325290679932
outer-2017-2018,2017-03-30T13:52:19.238774064+00:00,2017-03-30T13:52:19.238774064+00:00,NGK7@2017-04-26,-0.006770431995391846,0.017096673919801075,-0.06466567516326904,0.04741227626800537,-0.0009703099727630619,0.007304942493005907,0.0013752675149589777,0.016827680120079222,-0.0028171539306640625,-0.007771215418091337,-0.036314427852630615,0.026559114456176758,-0.004021704196929932,0.0006216972334471826,-0.048083722591400146,0.03402554988861084,-0.004729926586151123,-0.02269194902082683,-0.05495178699493408,0.039991021156311035,-0.0058182477951049805,0.023935343487721417,-0.060271501541137695,0.04376721382141113,-0.006770431995391846,0.017096673919801075,-0.06466567516326904,0.04741227626800537
outer-2017-2018,2017-04-20T13:48:54.386580250+00:00,2017-04-20T13:48:54.386580250+00:00,NGK7@2017-04-26,-0.006575644016265869,-0.01567398119122254,-0.05795133113861084,0.04047977924346924,-0.0017310559749603273,0.00015673981191222146,0.0024589388631284237,0.011940240939012341,0.0004981756210327148,-0.02946708463949843,-0.0242270827293396,0.023403167724609375,-0.0011039972305297852,-0.022257053291535933,-0.036196768283843994,0.030435919761657715,-0.0025349855422973633,-0.041065830721003116,-0.04450118541717529,0.03611719608306885,-0.004266917705535889,-0.0482758620689655,-0.05187058448791504,0.03962254524230957,-0.006575644016265869,-0.01567398119122254,-0.05795133113861084,0.04047977924346924
outer-2017-2018,2017-05-12T13:46:23.409223245+00:00,2017-05-12T13:46:23.409223245+00:00,NGM7@2017-05-26,-0.009949266910552979,-0.05313149302463649,-0.06270545721054077,0.03609347343444824,-0.0014801561832427982,-0.015791035915701992,0.002106920350342989,0.023545458410408063,-0.004121243953704834,0.004749183734045648,-0.032982587814331055,0.01837611198425293,-0.005910158157348633,-0.00534283170080152,-0.045248210430145264,0.02425241470336914,-0.0069738030433654785,-0.04125853368952215,-0.05227971076965332,0.02927422523498535,-0.009055674076080322,-0.047491837340457144,-0.05824679136276245,0.032004594802856445,-0.009949266910552979,-0.05313149302463649,-0.06270545721054077,0.03609347343444824
outer-2017-2018,2017-06-06T13:49:16.538428448+00:00,2017-06-06T13:49:16.538428448+00:00,NGN7@2017-06-28,0.011587381362915039,0.011741026501174145,-0.03241783380508423,0.06409573554992676,0.0010354518890380866,-0.0009728279100972753,0.0015159904723986983,0.003960108571183838,0.007087349891662598,0.01308285810130827,-0.016148090362548828,0.032746315002441406,0.00908052921295166,0.020127474002012757,-0.02159672975540161,0.04503774642944336,0.010130643844604492,0.021133847702113462,-0.02599787712097168,0.052549004554748535,0.010434985160827637,0.01308285810130827,-0.02969992160797119,0.058042168617248535,0.011587381362915039,0.011741026501174145,-0.03241783380508423,0.06409573554992676
outer-2017-2018,2017-06-28T13:52:57.206181429+00:00,2017-06-28T13:52:57.206181429+00:00,NGQ7@2017-07-27,-0.002993345260620117,-0.023248199083169552,-0.04723602533340454,0.04365694522857666,-0.00037925839424133315,-0.006352324819908318,0.0005525008891709149,0.012473680105628446,-0.0013006925582885742,-0.004911591355599154,-0.0240439772605896,0.022619128227233887,-0.0018474459648132324,-0.004256712508185934,-0.03246241807937622,0.030310392379760742,-0.0020542144775390625,-0.03307138179436808,-0.03863292932510376,0.03564584255218506,-0.0022547245025634766,-0.03110674525212831,-0.04314535856246948,0.040332674980163574,-0.002993345260620117,-0.023248199083169552,-0.04723602533340454,0.04365694522857666
outer-2017-2018,2017-07-19T13:53:49.582891993+00:00,2017-07-19T13:53:49.582891993+00:00,NGQ7@2017-07-27,-1.4901161193847656e-06,-0.04384540435206241,-0.046908676624298096,0.04969799518585205,0.0005053699016571045,-0.007307567392010407,0.0007317436975426972,0.013276186296424505,-0.001996457576751709,-0.015589477102955551,-0.026011347770690918,0.024164319038391113,-0.0015115737915039062,-0.03864891198441056,-0.03411895036697388,0.032512664794921875,-0.0006002187728881836,-0.04611886976291013,-0.03942155838012695,0.03935551643371582,-0.00044780969619750977,-0.0552127314063009,-0.04356461763381958,0.0445246696472168,-1.4901161193847656e-06,-0.04384540435206241,-0.046908676624298096,0.04969799518585205
outer-2017-2018,2017-08-09T13:48:43.774228632+00:00,2017-08-09T13:48:43.774228632+00:00,NGU7@2017-08-29,0.001460433006286621,0.030528931487397992,-0.04091465473175049,0.051056742668151855,0.00015985965728759774,-0.00653177138800141,0.0002697215531952679,0.013137418253427452,0.0007212162017822266,0.057862974795882094,-0.019128501415252686,0.023299098014831543,0.0007568597793579102,0.06141285055023071,-0.026469767093658447,0.03246331214904785,0.0010557174682617188,0.06922257720979763,-0.031787216663360596,0.0402681827545166,0.0008770227432250977,0.050763223287184855,-0.0370713472366333,0.04624021053314209,0.001460433006286621,0.030528931487397992,-0.04091465473175049,0.051056742668151855
outer-2017-2018,2017-09-07T13:48:29.735066436+00:00,2017-09-07T13:48:29.735066436+00:00,NGV7@2017-09-27,-0.008149921894073486,0.01828457446808507,-0.056831300258636475,0.03721356391906738,-0.002083957195281983,0.01349734042553192,0.002949483459815383,0.01947173622895585,9.620189666748047e-05,-0.03590425531914898,-0.0221368670463562,0.02346813678741455,-0.0017598271369934082,-0.02759308510638303,-0.034552931785583496,0.030083775520324707,-0.0037575364112854004,-0.018949468085106336,-0.043920159339904785,0.03374803066253662,-0.006107151508331299,-0.0009973404255319007,-0.05132991075515747,0.036148667335510254,-0.008149921894073486,0.01828457446808507,-0.056831300258636475,0.03721356391906738
outer-2017-2018,2017-09-29T13:53:45.251470074+00:00,2017-09-29T13:53:45.251470074+00:00,NGX7@2017-10-27,0.00246584415435791,-0.03649635036496346,-0.03501373529434204,0.04455912113189697,9.881258010864266e-05,-0.006901128069011274,0.0002259270113427192,0.013587152900552337,0.0019040107727050781,0.0,-0.016094684600830078,0.02124190330505371,0.0020363330841064453,-0.029528865295288642,-0.02255380153656006,0.030699491500854492,0.0023041963577270508,-0.0371599203715991,-0.02794569730758667,0.03663766384124756,0.001900792121887207,-0.025547445255474477,-0.03200024366378784,0.04021573066711426,0.00246584415435791,-0.03649635036496346,-0.03501373529434204,0.04455912113189697
outer-2017-2018,2017-10-19T14:19:13.636238127+00:00,2017-10-19T14:19:13.636238127+00:00,NGX7@2017-10-27,0.002979755401611328,0.020550330895158453,-0.03508371114730835,0.048038601875305176,0.00042287111282348635,0.0016370602577499003,0.0006231612642295659,0.01087175823052562,0.0011506080627441406,0.013584117032392928,-0.017809152603149414,0.021836519241333008,0.0019446611404418945,0.03901079763148729,-0.022988975048065186,0.03173649311065674,0.002461671829223633,0.034482758620689724,-0.027579069137573242,0.038909077644348145,0.002515077590942383,0.04144897248345525,-0.03195232152938843,0.043697476387023926,0.002979755401611328,0.020550330895158453,-0.03508371114730835,0.048038601875305176
outer-2017-2018,2017-11-10T14:18:37.811490006+00:00,2017-11-10T14:18:37.811490006+00:00,NGZ7@2017-11-28,-0.006358623504638672,-0.043600124571784415,-0.052271127700805664,0.03343856334686279,-0.0008741378784179689,-0.008688881968234186,0.0013504431117326021,0.0140128031284687,-0.0028911828994750977,-0.007162877608221652,-0.02080744504928589,0.01830577850341797,-0.0028229355812072754,-0.02211149174711924,-0.03160440921783447,0.024016380310058594,-0.0032621026039123535,-0.04328869511055744,-0.040015578269958496,0.02781987190246582,-0.0046294331550598145,-0.03612581750233557,-0.04695248603820801,0.030918359756469727,-0.006358623504638672,-0.043600124571784415,-0.052271127700805664,0.03343856334686279
outer-2017-2018,2017-12-08T14:19:11.824613273+00:00,2017-12-08T14:19:11.824613273+00:00,NGF8@2017-12-27,0.02279198169708252,-0.03096867122794389,-0.04488462209701538,0.09473955631256104,0.00411376953125,-0.013863881886928366,0.005920748226344585,0.021451856467994523,0.006083130836486816,0.020165646380986724,-0.027215778827667236,0.0458606481552124,0.012209773063659668,0.010803024846957054,-0.03200125694274902,0.06486284732818604,0.017259955406188965,-0.026647461289161067,-0.035644471645355225,0.0787118673324585,0.01992976665496826,-0.025567158804465362,-0.04029589891433716,0.08645772933959961,0.02279198169708252,-0.03096867122794389,-0.04488462209701538,0.09473955631256104
outer-2017-2018,2018-01-10T14:19:07.256630145+00:00,2018-01-10T14:19:07.256630145+00:00,NGG8@2018-01-29,-0.005041062831878662,0.0581670612106866,-0.0826256275177002,0.06242990493774414,-0.0014780521392822271,-0.001961447412918481,0.0021911035291850567,0.011423498002085352,0.0002684593200683594,0.055461616503212685,-0.037614405155181885,0.03387296199798584,0.0007169246673583984,0.08488332769699025,-0.055135905742645264,0.04677927494049072,-0.001369178295135498,0.05377071356104168,-0.06692749261856079,0.052791714668273926,-0.0034445524215698242,0.0598579641528576,-0.07584846019744873,0.0577465295791626,-0.005041062831878662,0.0581670612106866,-0.0826256275177002,0.06242990493774414
outer-2017-2018,2018-02-08T14:19:07.951648592+00:00,2018-02-08T14:19:07.951648592+00:00,NGH8@2018-02-26,0.0005511045455932617,-0.03394833948339482,-0.06480365991592407,0.08323550224304199,0.0015479862689971923,0.002250922509225106,0.00226096180267632,0.0067259969830638835,-0.005763411521911621,-0.03874538745387457,-0.034184813499450684,0.027456283569335938,-0.005278229713439941,-0.05092250922509223,-0.043082475662231445,0.045624375343322754,-0.003147304058074951,-0.049446494464944646,-0.05040943622589111,0.06052136421203613,-0.002427399158477783,-0.03800738007380067,-0.05898529291152954,0.07165396213531494,0.0005511045455932617,-0.03394833948339482,-0.06480365991592407,0.08323550224304199
outer-2017-2018,2018-03-06T14:18:32.383947335+00:00,2018-03-06T14:18:32.383947335+00:00,NGJ8@2018-03-27,0.0003103017807006836,0.027286135693215252,-0.029052436351776123,0.030636906623840332,0.00030647516250610363,-0.0004793510324483604,0.0004479655181057751,0.010098129747514095,-0.0010373592376708984,0.0265486725663715,-0.015824615955352783,0.012310028076171875,-0.00039780139923095703,0.014011799410029502,-0.01984351873397827,0.018414020538330078,-0.0003624558448791504,0.0018436578171090456,-0.0235024094581604,0.023424148559570312,-2.8371810913085938e-05,0.007743362831858391,-0.026380419731140137,0.02754521369934082,0.0003103017807006836,0.027286135693215252,-0.029052436351776123,0.030636906623840332
outer-2017-2018,2018-04-04T13:19:13.701488733+00:00,2018-04-04T13:19:13.701488733+00:00,NGK8@2018-04-26,0.0026395320892333984,-0.014798372179060326,-0.02793097496032715,0.03300797939300537,0.0005026578903198243,-0.0009988901220865938,0.0007186270668171346,0.004683164601834052,0.0006310939788818359,-0.009618941916389123,-0.016068220138549805,0.01712632179260254,0.0013580322265625,-0.002589715131335435,-0.01995307207107544,0.022891640663146973,0.001816868782043457,-0.007029226785053577,-0.02317368984222412,0.027317523956298828,0.002367734909057617,-0.00221975582685896,-0.025833547115325928,0.030782222747802734,0.0026395320892333984,-0.014798372179060326,-0.02793097496032715,0.03300797939300537
outer-2017-2018,2018-04-25T13:19:05.663858406+00:00,2018-04-25T13:19:05.663858406+00:00,NGM8@2018-05-29,-0.0022420883178710938,-0.004966300106420629,-0.031770169734954834,0.023724675178527832,-0.00016593933105468764,-0.001312522170982598,0.00028948805993422866,0.008360331539043113,-0.0015377402305603027,0.0017736786094360024,-0.017067432403564453,0.01322031021118164,-0.0015442371368408203,-0.018091521816246958,-0.02269977331161499,0.017300724983215332,-0.0014424920082092285,-0.018446257538134114,-0.0260927677154541,0.020262837409973145,-0.0017949342727661133,-0.01773678609435969,-0.029372990131378174,0.02225494384765625,-0.0022420883178710938,-0.004966300106420629,-0.031770169734954834,0.023724675178527832
outer-2017-2018,2018-05-15T13:19:28.311974866+00:00,2018-05-15T13:19:28.311974866+00:00,NGM8@2018-05-29,-0.004297733306884766,-0.005992245329573653,-0.032889485359191895,0.01812601089477539,-0.0007491230964660645,0.00010574550581596806,0.001068476471118629,0.004349156662724635,-0.0012296438217163086,-0.00845964046528025,-0.015682458877563477,0.01128852367401123,-0.0023655295372009277,0.0035248501938667243,-0.022316575050354004,0.01381075382232666,-0.0029862523078918457,0.0,-0.02673041820526123,0.015509605407714844,-0.003720581531524658,-0.00035248501938678345,-0.03028935194015503,0.017012357711791992,-0.004297733306884766,-0.005992245329573653,-0.032889485359191895,0.01812601089477539
outer-2017-2018,2018-06-07T13:20:45.582672308+00:00,2018-06-07T13:20:45.582672308+00:00,NGN8@2018-06-27,-0.0011957287788391113,0.02104173853052771,-0.025958895683288574,0.01963937282562256,-0.0004652678966522217,0.0038634011728182044,0.0006646650726906955,0.006753908658445253,0.0006324052810668945,0.002069679199723895,-0.01185309886932373,0.01179802417755127,4.851818084716797e-05,0.012073128665057054,-0.01703864336013794,0.015252351760864258,-0.0004941821098327637,0.019661952397378446,-0.020664513111114502,0.017081260681152344,-0.0009478926658630371,0.012763021731631463,-0.023747503757476807,0.01869499683380127,-0.0011957287788391113,0.02104173853052771,-0.025958895683288574,0.01963937282562256
outer-2017-2018,2018-06-29T13:20:34.168122600+00:00,2018-06-29T13:20:34.168122600+00:00,NGQ8@2018-07-27,-0.003936111927032471,-0.03903598099117456,-0.027791857719421387,0.01670396327972412,-0.0006937921047210694,-0.006076035302104575,0.0009922869503498077,0.009476732070328267,-0.001177668571472168,-0.012219959266802416,-0.015240192413330078,0.010300636291503906,-0.0021520256996154785,-0.029192124915139228,-0.01990145444869995,0.013162493705749512,-0.0028492212295532227,-0.03326544467074011,-0.022878706455230713,0.014796972274780273,-0.0035730600357055664,-0.03632043448744071,-0.025601506233215332,0.015996694564819336,-0.003936111927032471,-0.03903598099117456,-0.027791857719421387,0.01670396327972412
outer-2017-2018,2018-07-20T13:20:44.522899141+00:00,2018-07-20T13:20:44.522899141+00:00,NGQ8@2018-07-27,0.007060527801513672,0.0007217610970768895,-0.022835075855255127,0.036445021629333496,0.0013170242309570315,0.00479971129556116,0.0018653256120160222,0.007928209731336549,0.0016814470291137695,-0.013352580295922012,-0.013672351837158203,0.01702141761779785,0.0030565261840820312,-0.01804402742692157,-0.017203152179718018,0.023642420768737793,0.004209995269775391,-0.0115481775532299,-0.0197332501411438,0.028592944145202637,0.005468606948852539,0.0018044027426922238,-0.02159595489501953,0.032744526863098145,0.007060527801513672,0.0007217610970768895,-0.022835075855255127,0.036445021629333496
outer-2017-2018,2018-08-13T13:21:04.801793974+00:00,2018-08-13T13:21:04.801793974+00:00,NGU8@2018-08-29,-0.0065337419509887695,-0.0034071550255537764,-0.03762316703796387,0.016149044036865234,-0.0013139247894287114,-0.0013287904599659228,0.0018674067687243223,0.004220473612865932,-0.001273810863494873,0.004770017035774954,-0.01584404706954956,0.01056063175201416,-0.002935945987701416,0.0,-0.02375924587249756,0.012553930282592773,-0.00433725118637085,-0.006814310051107331,-0.02935969829559326,0.013795018196105957,-0.005555331707000732,0.003066439522998232,-0.03403186798095703,0.015047192573547363,-0.0065337419509887695,-0.0034071550255537764,-0.03762316703796387,0.016149044036865234
outer-2017-2018,2018-09-05T13:20:53.110436712+00:00,2018-09-05T13:20:53.110436712+00:00,NGV8@2018-09-26,0.00542294979095459,0.0074573863636364646,-0.027015745639801025,0.0350722074508667,0.001036977767944336,0.005042613636363638,0.0015121079050004482,0.008578769343282767,0.0007747411727905273,-0.012073863636363535,-0.01617252826690674,0.017981767654418945,0.0023311376571655273,-0.01455965909090906,-0.020509183406829834,0.025054097175598145,0.002980947494506836,-0.014914772727272707,-0.023444533348083496,0.028713107109069824,0.0034044981002807617,-0.003196022727272707,-0.026109635829925537,0.031220078468322754,0.00542294979095459,0.0074573863636364646,-0.027015745639801025,0.0350722074508667
outer-2017-2018,2018-09-27T13:20:36.952484557+00:00,2018-09-27T13:20:36.952484557+00:00,NGX8@2018-10-29,-0.00467526912689209,0.09057239057239053,-0.04181796312332153,0.019930362701416016,-0.0012008905410766605,0.020875420875420915,0.0017066203290596604,0.029842668462375047,5.5789947509765625e-05,0.010437710437710246,-0.018146276473999023,0.01398622989654541,-0.0013022422790527344,0.018181818181818077,-0.026922106742858887,0.016945958137512207,-0.002710878849029541,0.04781144781144775,-0.03300565481185913,0.01814723014831543,-0.003849029541015625,0.06666666666666665,-0.038105309009552,0.019350647926330566,-0.00467526912689209,0.09057239057239053,-0.04181796312332153,0.019930362701416016
outer-2017-2018,2018-10-17T13:20:38.700060821+00:00,2018-10-17T13:20:38.700060821+00:00,NGX8@2018-10-29,-0.01146477460861206,-0.007997539218701832,-0.06912356615066528,0.028282523155212402,-0.0027644753456115725,-0.004029529375576725,0.003988755401223898,0.01142011987702271,-0.0011921525001525879,-0.0018455859735465596,-0.026253461837768555,0.02021634578704834,-0.003575623035430908,-0.006151953245155384,-0.040489137172698975,0.024011611938476562,-0.00781714916229248,-0.015995078437403887,-0.053368568420410156,0.023556232452392578,-0.010675132274627686,-0.034143340510612075,-0.06317514181137085,0.024909377098083496,-0.01146477460861206,-0.007997539218701832,-0.06912356615066528,0.028282523155212402
outer-2017-2018,2018-11-14T14:20:17.552525798+00:00,2018-11-14T14:20:17.552525798+00:00,NGZ8@2018-11-28,-0.046017229557037354,0.13106676521310678,-0.16142946481704712,0.012303709983825684,-0.008182209730148314,0.0363636363636364,0.01160262431949377,0.06146102953333666,-0.013427674770355225,-0.033259423503326,-0.08720779418945312,0.017171502113342285,-0.019540250301361084,0.08154717910815457,-0.11953926086425781,0.014628410339355469,-0.028424441814422607,0.12712490761271256,-0.13833928108215332,0.01170647144317627,-0.03618323802947998,0.11653116531165297,-0.1511363983154297,0.012204170227050781,-0.046017229557037354,0.13106676521310678,-0.16142946481704712,0.012303709983825684
outer-2017-2018,2018-12-06T14:19:14.707541485+00:00,2018-12-06T14:19:14.707541485+00:00,NGF9@2018-12-27,-0.009920775890350342,-0.07559055118110247,-0.15740007162094116,0.054448843002319336,-0.004336339235305787,-0.023442069741282334,0.006135828327387571,0.04080024888297194,0.0074388980865478516,0.01237345331833506,-0.0555000901222229,0.04309093952178955,0.0033971071243286133,0.04499437570303688,-0.09167879819869995,0.04941749572753906,-0.0014420747756958008,0.01709786276715408,-0.11915606260299683,0.05026578903198242,-0.005246937274932861,-0.013498312710911287,-0.14090168476104736,0.05357706546783447,-0.009920775890350342,-0.07559055118110247,-0.15740007162094116,0.054448843002319336
outer-2017-2018,2018-12-28T14:19:40.317744353+00:00,2018-12-28T14:19:40.317744353+00:00,NGG9@2019-01-29,-0.006617069244384766,-0.17238446271618946,-0.07561701536178589,0.1297527551651001,-0.0018748521804809568,-0.010575559965976778,0.002676844596862793,0.018023582341912356,0.0004678964614868164,-0.11936489934788774,-0.04275554418563843,0.07657384872436523,-0.0007889866828918457,-0.16075985256592007,-0.05483424663543701,0.09856021404266357,-0.0025203824043273926,-0.15452225687553156,-0.062437474727630615,0.11202669143676758,-0.005367577075958252,-0.1604763254890843,-0.06952708959579468,0.12054693698883057,-0.006617069244384766,-0.17238446271618946,-0.07561701536178589,0.1297527551651001
outer-2019-2020,2018-12-31T14:20:08.679408268+00:00,2018-12-31T14:20:08.679408268+00:00,NGG9@2019-01-29,0.01639580726623535,-0.11016949152542366,-0.04626888036727905,0.15129244327545166,-0.0006993532180786131,-0.0003631961259080043,0.0011365384561941028,0.011838745287898272,0.01865065097808838,-0.09745762711864392,-0.022185862064361572,0.09909069538116455,0.019016742706298828,-0.10381355932203384,-0.030149221420288086,0.12022507190704346,0.018629074096679688,-0.11652542372881347,-0.03600764274597168,0.13398253917694092,0.01653289794921875,-0.08202179176755442,-0.04157984256744385,0.14211571216583252,0.01639580726623535,-0.11016949152542366,-0.04626888036727905,0.15129244327545166
outer-2019-2020,2019-01-22T14:19:49.130157568+00:00,2019-01-22T14:19:49.130157568+00:00,NGG9@2019-01-29,-0.0033782124519348145,-0.14490213263219398,-0.08751291036605835,0.05730903148651123,-0.0011007726192474368,-0.013496932515337439,0.0015860431594774127,0.03284189079348893,0.0013414621353149414,-0.11451942740286292,-0.02323782444000244,0.029302358627319336,-0.00011599063873291016,-0.07712532865907107,-0.04391902685165405,0.0374600887298584,-0.0004641413688659668,-0.07274320771253284,-0.06177079677581787,0.044291019439697266,-0.0016843676567077637,-0.15132924335378328,-0.07652592658996582,0.05075538158416748,-0.0033782124519348145,-0.14490213263219398,-0.08751291036605835,0.05730903148651123
outer-2019-2020,2019-02-13T14:19:14.994049689+00:00,2019-02-13T14:19:14.994049689+00:00,NGH9@2019-02-26,0.008498787879943848,0.003398791540785373,-0.052688777446746826,0.10425376892089844,0.0011511445045471194,0.00694864048338365,0.0016990851145237684,0.011167014850922162,0.0037659406661987305,-0.028700906344410915,-0.027807116508483887,0.04388749599456787,0.0040514469146728516,-0.0060422960725075026,-0.035112619400024414,0.06633460521697998,0.005771160125732422,-0.011329305135951762,-0.040869951248168945,0.08096015453338623,0.006097197532653809,-0.0007552870090635766,-0.048148930072784424,0.09249365329742432,0.008498787879943848,0.003398791540785373,-0.052688777446746826,0.10425376892089844
outer-2019-2020,2019-03-14T13:33:41.905875775+00:00,2019-03-14T13:33:41.905875775+00:00,NGJ9@2019-03-27,-0.008925199508666992,-0.002111189303307559,-0.04888308048248291,0.02490413188934326,-0.0013845860958099367,0.005559465165376509,0.001969191012904048,0.010007819189095706,-0.0036469101905822754,-0.017945109078114085,-0.025920510292053223,0.01392221450805664,-0.004686236381530762,-0.01688951442646025,-0.034963130950927734,0.01870131492614746,-0.0065500736236572266,0.0014074595355384467,-0.041333556175231934,0.020624637603759766,-0.007975518703460693,0.0070372976776917895,-0.04585003852844238,0.022785067558288574,-0.008925199508666992,-0.002111189303307559,-0.04888308048248291,0.02490413188934326
outer-2019-2020,2019-04-08T13:22:02.047181351+00:00,2019-04-08T13:22:02.047181351+00:00,NGK9@2019-04-26,0.0048438310623168945,-0.013437849944008984,-0.022548377513885498,0.03863704204559326,0.0009250998497009279,-0.006606942889137746,0.0013234736397862434,0.009429574062117401,0.0008608102798461914,0.011198208286674172,-0.01530754566192627,0.01873791217803955,0.0022155046463012695,0.0074654721911160404,-0.018366336822509766,0.026313185691833496,0.00284421443939209,-0.0011198208286672395,-0.020402371883392334,0.03102576732635498,0.0035004615783691406,-0.009331840238895106,-0.021983563899993896,0.0347975492477417,0.0048438310623168945,-0.013437849944008984,-0.022548377513885498,0.03863704204559326
outer-2019-2020,2019-05-01T13:18:53.199587789+00:00,2019-05-01T13:18:53.199587789+00:00,NGM9@2019-05-29,0.0026918649673461914,-0.011641443538998764,-0.025738656520843506,0.03724932670593262,0.0002948403358459473,-0.004967015909972816,0.00045468087773770094,0.008699204513280248,0.00127410888671875,0.005820721769499437,-0.014865696430206299,0.016911864280700684,0.0019364356994628906,-0.005820721769499437,-0.018216848373413086,0.02370774745941162,0.0018213987350463867,-0.004268529297632995,-0.02137690782546997,0.028532028198242188,0.0020493268966674805,-0.020566550252231197,-0.024168789386749268,0.03335690498352051,0.0026918649673461914,-0.011641443538998764,-0.025738656520843506,0.03724932670593262
outer-2019-2020,2019-05-21T13:22:16.942380480+00:00,2019-05-21T13:22:16.942380480+00:00,NGM9@2019-05-29,-0.003167271614074707,-0.034521575984990616,-0.02829909324645996,0.026026487350463867,-0.00012091994285583506,0.0022889305816134976,0.00020655430853366852,0.00670148265642197,-0.0027433037757873535,-0.042401500938086256,-0.01669895648956299,0.011488914489746094,-0.002659738063812256,-0.031144465290806833,-0.020793259143829346,0.016480445861816406,-0.0031349658966064453,-0.02514071294559106,-0.02405869960784912,0.01991903781890869,-0.0030210018157958984,-0.024015009380863095,-0.0262296199798584,0.023598194122314453,-0.003167271614074707,-0.034521575984990616,-0.02829909324645996,0.026026487350463867
outer-2019-2020,2019-06-18T13:19:28.119531201+00:00,2019-06-18T13:19:28.119531201+00:00,NGN9@2019-06-26,0.002748727798461914,-0.03281447202355903,-0.03871607780456543,0.048265933990478516,7.76410102844238e-05,0.001262095077829183,0.00020436602062545717,0.018069472034391073,0.00238645076751709,-0.039545645771981386,-0.02313905954360962,0.026549220085144043,0.0028063058853149414,-0.07067732435843488,-0.028839290142059326,0.03490853309631348,0.0024002790451049805,-0.0757257046697517,-0.03268539905548096,0.04025542736053467,0.0028581619262695312,-0.07151872107698776,-0.0358126163482666,0.04530441761016846,0.002748727798461914,-0.03281447202355903,-0.03871607780456543,0.048265933990478516
outer-2019-2020,2019-07-12T13:22:52.091551292+00:00,2019-07-12T13:22:52.091551292+00:00,NGQ9@2019-07-29,-0.007130742073059082,-0.0461538461538461,-0.0642055869102478,0.042282700538635254,-0.0013006627559661867,-0.016133056133056146,0.0019158285576850176,0.024121585224498955,-0.0017067790031433105,0.015800415800415912,-0.030198752880096436,0.021673083305358887,-0.004411458969116211,-0.0008316008316007206,-0.042747318744659424,0.029140949249267578,-0.005406200885772705,-0.03575883575883565,-0.05111151933670044,0.034041762351989746,-0.006570160388946533,-0.038253638253638145,-0.058737337589263916,0.03854036331176758,-0.007130742073059082,-0.0461538461538461,-0.0642055869102478,0.042282700538635254
outer-2019-2020,2019-08-05T13:19:05.728802255+00:00,2019-08-05T13:19:05.728802255+00:00,NGU9@2019-08-28,0.0004557371139526367,-0.005137786081270468,-0.05877411365509033,0.07107102870941162,6.303787231445313e-05,0.003829985987856145,0.00013395077257882804,0.00610846622111977,0.00028228759765625,-0.01681457262961239,-0.03131633996963501,0.034118056297302246,8.785724639892578e-05,-0.02101821578701535,-0.03895777463912964,0.04674267768859863,0.0001621246337890625,-0.01261092947220932,-0.045836806297302246,0.05584239959716797,0.0003713369369506836,-0.006071929005137755,-0.05294686555862427,0.06444323062896729,0.0004557371139526367,-0.005137786081270468,-0.05877411365509033,0.07107102870941162
outer-2019-2020,2019-08-27T13:20:00.204524588+00:00,2019-08-27T13:20:00.204524588+00:00,NGV9@2019-09-26,-0.01631540060043335,0.03632286995515699,-0.07562083005905151,0.0539470911026001,-0.0023083209991455076,0.0057847533632287,0.0032707173377275467,0.010093571748059893,-0.0071263909339904785,0.004932735426008916,-0.04146921634674072,0.030012130737304688,-0.008926808834075928,0.025112107623318503,-0.05237489938735962,0.04030025005340576,-0.011576652526855469,0.022421524663676973,-0.06143563985824585,0.04568302631378174,-0.013631999492645264,0.020179372197309364,-0.0690004825592041,0.05066061019897461,-0.01631540060043335,0.03632286995515699,-0.07562083005905151,0.0539470911026001
outer-2019-2020,2019-09-17T13:19:11.959112412+00:00,2019-09-17T13:19:11.959112412+00:00,NGV9@2019-09-26,-0.0064490437507629395,-0.05667412378821779,-0.07187163829803467,0.047376394271850586,-0.0004993975162506104,-0.009172259507829983,0.0008099678670987487,0.016633560534565217,-0.004891932010650635,-0.017151379567486913,-0.032637715339660645,0.0207674503326416,-0.004297375679016113,-0.05257270693512306,-0.0435979962348938,0.031071186065673828,-0.005077183246612549,-0.05480984340044737,-0.05380523204803467,0.03747367858886719,-0.006177127361297607,-0.06524981357196113,-0.06481987237930298,0.04388022422790527,-0.0064490437507629395,-0.05667412378821779,-0.07187163829803467,0.047376394271850586
outer-2019-2020,2019-10-09T13:18:52.033598601+00:00,2019-10-09T13:18:52.033598601+00:00,NGX9@2019-10-29,-0.00412297248840332,0.02086956521739136,-0.055791497230529785,0.05921638011932373,-0.00037310123443603507,0.015521739130434782,0.0006316897924989462,0.02237437097150466,-0.002921760082244873,-0.04130434782608683,-0.02775275707244873,0.023969054222106934,-0.003299117088317871,-0.03391304347826085,-0.03566163778305054,0.03556346893310547,-0.0032471418380737305,-0.008695652173913104,-0.04229038953781128,0.04468238353729248,-0.004627704620361328,-0.00304347826086937,-0.05069524049758911,0.051812052726745605,-0.00412297248840332,0.02086956521739136,-0.055791497230529785,0.05921638011932373
outer-2019-2020,2019-11-06T14:19:12.920568079+00:00,2019-11-06T14:19:12.920568079+00:00,NGZ9@2019-11-26,0.0016433000564575195,-0.08469850121993738,-0.057040274143218994,0.05449533462524414,0.00024695396423339826,-0.016521436040432252,0.0010071153519675136,0.02452449791993547,0.0001442432403564453,-0.02753572673405369,-0.021890640258789062,0.024691104888916016,0.0025418996810913086,-0.02788428023701639,-0.030845940113067627,0.035538673400878906,0.0031239986419677734,-0.06413384454513771,-0.039713919162750244,0.043067216873168945,0.0020133256912231445,-0.07877309166957147,-0.04986852407455444,0.049275875091552734,0.0016433000564575195,-0.08469850121993738,-0.057040274143218994,0.05449533462524414
outer-2019-2020,2019-11-29T14:20:06.304576192+00:00,2019-11-29T14:20:06.304576192+00:00,NGF0@2019-12-27,0.009243130683898926,-0.030060120240480992,-0.033984243869781494,0.07536768913269043,0.0022421360015869147,0.009018036072144285,0.003215568605810404,0.01770690497510091,-0.0003389716148376465,-0.06292585170340681,-0.021817922592163086,0.029361367225646973,0.0022219419479370117,-0.05971943887775555,-0.025273501873016357,0.04567992687225342,0.004546046257019043,-0.0168336673346694,-0.0279158353805542,0.05695974826812744,0.005479097366333008,-0.03527054108216432,-0.03227967023849487,0.06497347354888916,0.009243130683898926,-0.030060120240480992,-0.033984243869781494,0.07536768913269043
outer-2019-2020,2019-12-19T14:20:38.253398459+00:00,2019-12-19T14:20:38.253398459+00:00,NGF0@2019-12-27,0.012851357460021973,-0.03807439824945302,-0.04784971475601196,0.10374093055725098,0.0026999831199646,-0.014704595185995659,0.0038403072394430637,0.023090306122513785,0.0019562244415283203,0.01925601750547057,-0.031005263328552246,0.04199671745300293,0.004182696342468262,-0.012253829321663079,-0.036396682262420654,0.06169438362121582,0.0063555240631103516,-0.03194748358862143,-0.04153406620025635,0.07638669013977051,0.009392261505126953,-0.04463894967177251,-0.04495197534561157,0.0895916223526001,0.012851357460021973,-0.03807439824945302,-0.04784971475601196,0.10374093055725098
outer-2019-2020,2020-01-15T14:30:50.421086206+00:00,2020-01-15T14:30:50.421086206+00:00,NGG0@2020-01-29,-0.002559483051300049,-0.12305580969807861,-0.048120975494384766,0.05969655513763428,-0.0009807407855987548,-0.016514181152790477,0.0013984011020511389,0.027504667292937327,0.0011216402053833008,-0.05535224153705398,-0.020406365394592285,0.025702357292175293,0.0005561113357543945,-0.08371454711802373,-0.029175639152526855,0.03833818435668945,-0.000580132007598877,-0.12854528819762123,-0.03603672981262207,0.04567062854766846,-0.001889050006866455,-0.11344922232387922,-0.04228895902633667,0.05316364765167236,-0.002559483051300049,-0.12305580969807861,-0.048120975494384766,0.05969655513763428
outer-2019-2020,2020-02-07T14:20:25.837298646+00:00,2020-02-07T14:20:25.837298646+00:00,NGH0@2020-02-26,-0.008648455142974854,-0.02406417112299475,-0.053103506565093994,0.06424832344055176,-0.0020508646965026857,0.007379679144385008,0.0029507074505090714,0.014246695876232467,-0.0001035928726196289,-0.04064171122994653,-0.02210777997970581,0.025951385498046875,-0.0034196972846984863,-0.051336898395721975,-0.03137099742889404,0.03721487522125244,-0.0056288838386535645,-0.039572192513368964,-0.03909945487976074,0.04553651809692383,-0.006838619709014893,-0.010695187165775444,-0.04610246419906616,0.05518209934234619,-0.008648455142974854,-0.02406417112299475,-0.053103506565093994,0.06424832344055176
outer-2019-2020,2020-03-04T15:32:29.838199624+00:00,2020-03-04T15:32:29.838199624+00:00,NGJ0@2020-03-27,-0.008640944957733154,0.07573244886677721,-0.08318746089935303,0.08321988582611084,-0.0009255111217498779,0.02448866777224986,0.0013918729964643717,0.05451612686217786,-0.004424929618835449,-0.024322830292979547,-0.04004722833633423,0.033623337745666504,-0.0066751837730407715,-0.04311774461028184,-0.054660141468048096,0.05052995681762695,-0.007248222827911377,-0.08899944720840247,-0.06567895412445068,0.06148195266723633,-0.007498264312744141,0.0016583747927032544,-0.07475978136062622,0.07310044765472412,-0.008640944957733154,0.07573244886677721,-0.08318746089935303,0.08321988582611084
outer-2019-2020,2020-03-26T13:20:07.818681426+00:00,2020-03-26T13:20:07.818681426+00:00,NGK0@2020-04-28,-0.007728517055511475,-0.0783517121300058,-0.09525424242019653,0.10979664325714111,-0.0004348933696746827,-0.007428903076030171,0.0010172209003940225,0.02270477492570847,-0.005375862121582031,-0.031340684852002365,-0.051412880420684814,0.04937934875488281,-0.007996618747711182,-0.06268136970400473,-0.06708627939224243,0.07249188423156738,-0.00814664363861084,-0.013929193267556594,-0.07786291837692261,0.08516263961791992,-0.007640242576599121,-0.042948345908299546,-0.08749926090240479,0.0987386703491211,-0.007728517055511475,-0.0783517121300058,-0.09525424242019653,0.10979664325714111
outer-2019-2020,2020-04-17T13:19:19.582419310+00:00,2020-04-17T13:19:19.582419310+00:00,NGK0@2020-04-28,-0.012421071529388428,0.051985981308411144,-0.12882578372955322,0.14152801036834717,-0.003645491600036622,0.0019859813084112153,0.005175320897251368,0.041747635829929554,0.0017279386520385742,0.03796728971962615,-0.06350880861282349,0.07571852207183838,-0.0005561709403991699,0.14018691588785037,-0.08816355466842651,0.10432064533233643,-0.0047452449798583984,0.07184579439252325,-0.10463505983352661,0.11775422096252441,-0.008713066577911377,0.1320093457943925,-0.11898070573806763,0.13010478019714355,-0.012421071529388428,0.051985981308411144,-0.12882578372955322,0.14152801036834717
outer-2019-2020,2020-05-11T13:19:31.208923289+00:00,2020-05-11T13:19:31.208923289+00:00,NGM0@2020-05-27,0.006693124771118164,-0.06082191780821922,-0.09964525699615479,0.1208580732345581,0.0012999892234802249,0.0014794520547945,0.002174589317291975,0.019062193889454366,0.001213669776916504,-0.06739726027397264,-0.05677330493927002,0.06601881980895996,0.0026816129684448242,-0.10520547945205472,-0.07334297895431519,0.09279811382293701,0.006675124168395996,-0.06958904109589037,-0.08057689666748047,0.10977828502655029,0.00472259521484375,-0.1035616438356165,-0.09349429607391357,0.11548447608947754,0.006693124771118164,-0.06082191780821922,-0.09964525699615479,0.1208580732345581
outer-2019-2020,2020-06-02T13:20:33.039169905+00:00,2020-06-02T13:20:33.039169905+00:00,NGN0@2020-06-26,0.017309069633483887,0.017366946778711645,-0.05508267879486084,0.1474926471710205,0.0032275080680847167,-0.003361344537815137,0.004586824681609869,0.011329277005951459,0.004830598831176758,0.01848739495798335,-0.02914571762084961,0.06956279277801514,0.007055044174194336,0.021848739495798464,-0.03694748878479004,0.09995460510253906,0.011628985404968262,0.008403361344537785,-0.0430828332901001,0.12361419200897217,0.014373183250427246,-0.00952380952380949,-0.04979050159454346,0.13688862323760986,0.017309069633483887,0.017366946778711645,-0.05508267879486084,0.1474926471710205
outer-2019-2020,2020-06-24T13:37:18.630794169+00:00,2020-06-24T13:37:18.630794169+00:00,NGQ0@2020-07-29,0.00818324089050293,0.038529934795494825,-0.0578305721282959,0.11996710300445557,0.001834070682525635,0.03592175459395376,0.0025979913771152496,0.05333016852939388,0.0006780624389648438,-0.09128630705394203,-0.032203614711761475,0.048600196838378906,0.002577543258666992,-0.08239478363959696,-0.03876221179962158,0.07207489013671875,0.004397988319396973,-0.061055127445168944,-0.044916510581970215,0.08939433097839355,0.005907893180847168,0.017190278601066922,-0.052390873432159424,0.10530877113342285,0.00818324089050293,0.038529934795494825,-0.0578305721282959,0.11996710300445557
outer-2019-2020,2020-07-17T13:48:18.962294370+00:00,2020-07-17T13:48:18.962294370+00:00,NGQ0@2020-07-29,0.0011026859283447266,0.03308183401044684,-0.06810605525970459,0.10324132442474365,0.0004177153110504153,0.01259431224608241,0.001026998390443623,0.026543246430866387,-0.0003586411476135254,-0.01741149158444577,-0.03230428695678711,0.04350268840789795,-0.0020055770874023438,-0.0441091120139292,-0.043924808502197266,0.06394195556640625,-0.0011695623397827148,-0.03366221706326178,-0.05262172222137451,0.07926023006439209,-0.0007510781288146973,-0.01915264074289036,-0.06122267246246338,0.09093451499938965,0.0011026859283447266,0.03308183401044684,-0.06810605525970459,0.10324132442474365
outer-2019-2020,2020-08-10T13:21:49.778209515+00:00,2020-08-10T13:21:49.778209515+00:00,NGU0@2020-08-27,-0.022491037845611572,0.04922394678492248,-0.14988642930984497,0.04764211177825928,-0.004241758584976197,0.028159645232815993,0.006017882376909256,0.04313249006326356,-0.005790889263153076,-0.049667405764966754,-0.06066763401031494,0.025998353958129883,-0.010185301303863525,-0.04390243902439017,-0.0927438735961914,0.03449583053588867,-0.015329539775848389,-0.03458980044345894,-0.11671358346939087,0.038174986839294434,-0.019202589988708496,0.03991130820399125,-0.1370629072189331,0.04486536979675293,-0.022491037845611572,0.04922394678492248,-0.14988642930984497,0.04764211177825928
outer-2019-2020,2020-08-31T13:20:23.315943001+00:00,2020-08-31T13:20:23.315943001+00:00,NGV0@2020-09-28,-0.029187798500061035,-0.0350414468726451,-0.12033605575561523,0.035912394523620605,-0.004309344291687012,0.007121326299924629,0.006151671055704355,0.015481245023264171,-0.013130426406860352,-0.05237377543330812,-0.0583345890045166,0.020689010620117188,-0.01584160327911377,-0.06480783722682737,-0.07866877317428589,0.02934432029724121,-0.021262526512145996,-0.06669178598342129,-0.09375673532485962,0.03105926513671875,-0.02682030200958252,-0.028259231348907177,-0.11059880256652832,0.03356504440307617,-0.029187798500061035,-0.0350414468726451,-0.12033605575561523,0.035912394523620605
outer-2019-2020,2020-09-21T20:32:56.886871501+00:00,2020-09-21T20:32:56.886871501+00:00,NGV0@2020-09-28,0.022058486938476562,0.02673796791443861,-0.09027719497680664,0.15290558338165283,0.002883017063140869,0.024161400097228974,0.004169547464698553,0.06483722001967307,0.009630203247070312,-0.106951871657754,-0.04808777570724487,0.0821998119354248,0.014623641967773438,0.06319883325230924,-0.06267595291137695,0.1157677173614502,0.017458677291870117,0.07194944093339828,-0.07246440649032593,0.13334763050079346,0.01859724521636963,0.03743315508021383,-0.08464306592941284,0.14491569995880127,0.022058486938476562,0.02673796791443861,-0.09027719497680664,0.15290558338165283
outer-2019-2020,2020-10-14T13:24:57.988178663+00:00,2020-10-14T13:24:57.988178663+00:00,NGX0@2020-10-28,0.0021724700927734375,0.0709819786686281,-0.07688713073730469,0.07415127754211426,-0.0012515008449554442,0.014784847370356697,0.0022384084295481443,0.03146497177874786,0.006594419479370117,0.025744759102611425,-0.042609572410583496,0.04601788520812988,0.0033566951751708984,-0.01140125045972773,-0.05885791778564453,0.05587875843048096,0.0022963285446166992,-0.007723427730783383,-0.06652945280075073,0.06201028823852539,-0.00031441450119018555,0.04597278411180583,-0.0747530460357666,0.06566691398620605,0.0021724700927734375,0.0709819786686281,-0.07688713073730469,0.07415127754211426
outer-2019-2020,2020-11-05T14:39:49.033674781+00:00,2020-11-05T14:39:49.033674781+00:00,NGZ0@2020-11-25,0.023598194122314453,-0.011074918566775227,-0.03494131565093994,0.0935361385345459,0.0030671238899230954,0.012410423452768724,0.004571322817355394,0.021496989393941048,0.010419607162475586,-0.05798045602605861,-0.01909738779067993,0.056525468826293945,0.017555952072143555,-0.06970684039087949,-0.024416685104370117,0.07881045341491699,0.019495487213134766,-0.06547231270358289,-0.02881532907485962,0.08499002456665039,0.021870017051696777,-0.039413680781759,-0.03200840950012207,0.08968150615692139,0.023598194122314453,-0.011074918566775227,-0.03494131565093994,0.0935361385345459
outer-2019-2020,2020-11-30T14:20:04.540751901+00:00,2020-11-30T14:20:04.540751901+00:00,NGF1@2020-12-29,0.011780858039855957,-0.137144861452122,-0.04179048538208008,0.09197795391082764,0.001240611076354981,-0.03549631708172568,0.0017704535275697708,0.054182872748190516,0.006659984588623047,0.005962820063135643,-0.025868892669677734,0.04427385330200195,0.008089423179626465,-0.035776920378814414,-0.03182995319366455,0.06220531463623047,0.009715914726257324,-0.118554893019993,-0.035012006759643555,0.07368075847625732,0.01025378704071045,-0.10452472816555591,-0.039662837982177734,0.0837165117263794,0.011780858039855957,-0.137144861452122,-0.04179048538208008,0.09197795391082764
outer-2019-2020,2020-12-21T14:37:41.438454558+00:00,2020-12-21T14:37:41.438454558+00:00,NGF1@2020-12-29,-0.001065671443939209,-0.1430155210643016,-0.07179868221282959,0.08346807956695557,-0.0003372013568878175,-0.0444567627494457,0.000645531399641186,0.06590941984534646,-8.571147918701172e-05,0.023651145602365142,-0.04042023420333862,0.039518117904663086,-0.0006454586982727051,-0.041389504804138944,-0.051644742488861084,0.054444313049316406,-0.0008885860443115234,-0.06060606060606066,-0.05902707576751709,0.06549060344696045,-0.0020575523376464844,-0.15262379896526235,-0.06801193952560425,0.07628655433654785,-0.001065671443939209,-0.1430155210643016,-0.07179868221282959,0.08346807956695557
outer-2021-2022,2020-12-31T14:25:54.542205769+00:00,2020-12-31T14:25:54.542205769+00:00,NGG1@2021-01-27,0.008465051651000977,0.10504718916700861,-0.08133184909820557,0.1051715612411499,0.0005174040794372558,0.009191629052113242,0.0008342936635017395,0.016413623307345093,0.005834102630615234,0.07878539187525657,-0.04539138078689575,0.05575692653656006,0.007237076759338379,0.06893721789084939,-0.05817657709121704,0.07491445541381836,0.007041335105895996,0.10668855149774314,-0.06795811653137207,0.08710765838623047,0.007149219512939453,0.10832991382847768,-0.07551687955856323,0.0968925952911377,0.008465051651000977,0.10504718916700861,-0.08133184909820557,0.1051715612411499
outer-2021-2022,2021-01-21T14:25:34.269999519+00:00,2021-01-21T14:25:34.269999519+00:00,NGG1@2021-01-27,0.010082483291625977,0.07100591715976323,-0.06997931003570557,0.08817100524902344,0.0013176798820495605,0.02564102564102566,0.0020086842123419046,0.03637072310848331,0.004036903381347656,-0.032741617357002095,-0.04276692867279053,0.046747803688049316,0.0076122283935546875,-0.0035502958579882726,-0.052166521549224854,0.06446242332458496,0.00797891616821289,0.02642998027613408,-0.06000155210494995,0.0747683048248291,0.008697867393493652,0.04536489151873768,-0.06574380397796631,0.08178949356079102,0.010082483291625977,0.07100591715976323,-0.06997931003570557,0.08817100524902344
outer-2021-2022,2021-02-12T14:32:29.008261911+00:00,2021-02-12T14:32:29.008261911+00:00,NGH1@2021-02-24,0.0034886598587036133,0.051013277428371806,-0.06913787126541138,0.07567048072814941,-0.0004771590232849123,0.004961565338923871,0.0009378497488796711,0.031204910638387325,0.004746437072753906,0.060447239692522636,-0.04076880216598511,0.045511484146118164,0.0043337345123291016,0.07127882599580704,-0.052515506744384766,0.05824863910675049,0.004198431968688965,0.08106219426974137,-0.058187782764434814,0.06590735912322998,0.0020776987075805664,0.13976240391334738,-0.0659327507019043,0.07076787948608398,0.0034886598587036133,0.051013277428371806,-0.06913787126541138,0.07567048072814941
outer-2021-2022,2021-03-09T14:23:32.474505570+00:00,2021-03-09T14:23:32.474505570+00:00,NGJ1@2021-03-29,0.012075424194335938,-0.06529080675422139,-0.045008301734924316,0.07136619091033936,0.0009013175964355472,-0.018874296435272046,0.0014465234708040953,0.027103675480900907,0.007864952087402344,0.007504690431519689,-0.023251116275787354,0.04241931438446045,0.010502338409423828,0.002251407129455929,-0.030823171138763428,0.05539536476135254,0.011343955993652344,-0.02514071294559106,-0.03635251522064209,0.06238663196563721,0.01109457015991211,-0.04090056285178234,-0.041716694831848145,0.066536545753479,0.012075424194335938,-0.06529080675422139,-0.045008301734924316,0.07136619091033936
outer-2021-2022,2021-03-31T13:26:10.939322757+00:00,2021-03-31T13:26:10.939322757+00:00,NGK1@2021-04-28,-0.0032334327697753906,-0.042350247996947865,-0.051175594329833984,0.041951656341552734,-0.0011734724044799808,-0.014307516215185057,0.0016623979900032282,0.023590513808854387,0.001336216926574707,0.0019076688286912002,-0.024136066436767578,0.02391660213470459,0.0002551078796386719,-0.004959938954597454,-0.03347122669219971,0.02975594997406006,-0.0009889006614685059,-0.04082411293399468,-0.04036569595336914,0.033873796463012695,-0.0023403167724609375,-0.05951926745516989,-0.04625827074050903,0.038214683532714844,-0.0032334327697753906,-0.042350247996947865,-0.051175594329833984,0.041951656341552734
outer-2021-2022,2021-04-22T13:22:11.745780948+00:00,2021-04-22T13:22:11.745780948+00:00,NGK1@2021-04-28,-0.007241427898406982,0.08438193930421911,-0.06024134159088135,0.03940582275390625,-0.0021250069141387938,0.020799407846039952,0.0030242768116295338,0.030080058776564392,0.0012192726135253906,0.006661732050333269,-0.026618361473083496,0.025465846061706543,-0.0016014575958251953,0.00925240562546259,-0.03909289836883545,0.03085339069366455,-0.003349006175994873,0.03515914137675802,-0.04700738191604614,0.03497672080993652,-0.005930125713348389,0.06180606957809043,-0.054802119731903076,0.03710007667541504,-0.007241427898406982,0.08438193930421911,-0.06024134159088135,0.03940582275390625
outer-2021-2022,2021-05-14T13:20:48.270431682+00:00,2021-05-14T13:20:48.270431682+00:00,NGM1@2021-05-26,-0.00727468729019165,-0.008721905400872143,-0.049368083477020264,0.0246584415435791,-0.0023046255111694343,-0.011338477021133844,0.003283398225903511,0.02113054611250691,0.0017726421356201172,0.019456558201945695,-0.015519261360168457,0.016433358192443848,0.0005183219909667969,0.047970479704797064,-0.02680426836013794,0.02092123031616211,-0.0020233988761901855,0.008721905400872254,-0.03441274166107178,0.022633075714111328,-0.004433274269104004,-0.009057363300905674,-0.0422368049621582,0.024703025817871094,-0.00727468729019165,-0.008721905400872143,-0.049368083477020264,0.0246584415435791
outer-2021-2022,2021-06-07T13:33:11.480676288+00:00,2021-06-07T13:33:11.480676288+00:00,NGN1@2021-06-28,-0.01139611005783081,0.06421426266537589,-0.06003832817077637,0.02750086784362793,-0.002421194314956665,0.015133914165859963,0.003473654855042696,0.021775458466236602,-0.0019115209579467773,0.00871248789932233,-0.023221135139465332,0.018114924430847168,-0.0032039284706115723,0.019038399483704227,-0.03523451089859009,0.02179098129272461,-0.005165457725524902,0.04130364633752803,-0.04398411512374878,0.02444899082183838,-0.008446693420410156,0.05937399161019674,-0.05313211679458618,0.025588512420654297,-0.01139611005783081,0.06421426266537589,-0.06003832817077637,0.02750086784362793
outer-2021-2022,2021-07-06T13:27:12.983535256+00:00,2021-07-06T13:27:12.983535256+00:00,NGQ1@2021-07-28,0.004418373107910156,0.015667206915180865,-0.05042076110839844,0.05092597007751465,-0.0009436130523681644,0.008995137763371127,0.0014309509424492717,0.015782840476291707,0.008085131645202637,-0.03349540788762839,-0.017120540142059326,0.032024383544921875,0.006336808204650879,-0.003781739600215994,-0.027720212936401367,0.03891098499298096,0.00508725643157959,-0.007293354943273989,-0.03749197721481323,0.04332756996154785,0.004234194755554199,-0.012155591572123203,-0.043861448764801025,0.045978665351867676,0.004418373107910156,0.015667206915180865,-0.05042076110839844,0.05092597007751465
outer-2021-2022,2021-07-28T13:22:29.610499801+00:00,2021-07-28T13:22:29.610499801+00:00,NGU1@2021-08-27,0.010626792907714844,0.03747132296711708,-0.05490100383758545,0.06964671611785889,-0.0014465093612670888,0.004002039255671697,0.0022025632206350565,0.01353553551821518,0.01571035385131836,0.02549069589599795,-0.021900653839111328,0.04686331748962402,0.013884663581848145,-0.002549069589599884,-0.03348451852798462,0.05486786365509033,0.012691020965576172,0.011470813153199089,-0.041929662227630615,0.06057453155517578,0.009586691856384277,0.013510068824878818,-0.04967731237411499,0.06223881244659424,0.010626792907714844,0.03747132296711708,-0.05490100383758545,0.06964671611785889
outer-2021-2022,2021-08-17T14:06:34.283214740+00:00,2021-08-17T14:06:34.283214740+00:00,NGU1@2021-08-27,0.013414382934570312,-0.004559270516717229,-0.05461961030960083,0.08093392848968506,0.00020384788513183583,0.005319148936170217,0.0009502348257228732,0.009326680018532983,0.011833548545837402,-0.03166160081053693,-0.025189459323883057,0.050262451171875,0.011974573135375977,-0.02152988855116511,-0.03658616542816162,0.06286120414733887,0.013226747512817383,-0.028115501519756725,-0.04280424118041992,0.07037913799285889,0.010851383209228516,-0.02254305977710236,-0.05153864622116089,0.07370948791503906,0.013414382934570312,-0.004559270516717229,-0.05461961030960083,0.08093392848968506
outer-2021-2022,2021-09-09T13:38:10.503319848+00:00,2021-09-09T13:38:10.503319848+00:00,NGV1@2021-09-28,0.0009357929229736328,0.09436648362822875,-0.08150601387023926,0.07383263111114502,-0.0012100696563720704,0.024486475493186905,0.002060284838080406,0.03671162340720041,0.005561470985412598,0.008338417734391035,-0.041154325008392334,0.043465375900268555,0.0025904178619384766,0.00020337604230236117,-0.05640566349029541,0.05293405055999756,0.0005763769149780273,0.058572300183038495,-0.06737059354782104,0.059310317039489746,-0.0002589225769042969,0.07301199918649592,-0.07509231567382812,0.06615328788757324,0.0009357929229736328,0.09436648362822875,-0.08150601387023926,0.07383263111114502
outer-2021-2022,2021-10-07T13:20:41.428733393+00:00,2021-10-07T13:20:41.428733393+00:00,NGX1@2021-10-27,0.008269786834716797,-0.019540031125713342,-0.134537935256958,0.14403247833251953,-0.0031882405281066888,-0.0020577554902299726,0.0049240682274103165,0.02232822519939802,0.018390774726867676,-0.03060695140930325,-0.06712949275970459,0.09528207778930664,0.020346879959106445,-0.016427459795953725,-0.09145653247833252,0.12132012844085693,0.014949440956115723,-0.07262666436105825,-0.10777312517166138,0.1260676383972168,0.008706450462341309,-0.05913885526543328,-0.12570524215698242,0.13425183296203613,0.008269786834716797,-0.019540031125713342,-0.134537935256958,0.14403247833251953
outer-2021-2022,2021-10-28T13:24:50.493153415+00:00,2021-10-28T13:24:50.493153415+00:00,NGZ1@2021-11-26,-0.02753537893295288,-0.05004088307440724,-0.1525401473045349,0.07863783836364746,-0.006916803121566772,0.009926410466067037,0.009866687469184399,0.03127644011372486,-0.0007883310317993164,-0.08977923139820121,-0.07531934976577759,0.050525665283203125,-0.008781611919403076,-0.11447260834014716,-0.10718661546707153,0.06461930274963379,-0.0158693790435791,-0.14538021259198697,-0.12532466650009155,0.06700301170349121,-0.024455547332763672,-0.09468520032706473,-0.14296656847000122,0.07113611698150635,-0.02753537893295288,-0.05004088307440724,-0.1525401473045349,0.07863783836364746
outer-2021-2022,2021-11-17T14:23:36.185932673+00:00,2021-11-17T14:23:36.185932673+00:00,NGZ1@2021-11-26,-0.004320025444030762,-0.03950184860867878,-0.11780047416687012,0.133764386177063,-0.0011446774005889895,-0.005117727184277112,0.0024563202168792486,0.016092236780052914,-0.001185297966003418,-0.039307258221443875,-0.0663568377494812,0.07015395164489746,0.00021648406982421875,-0.012064604008562019,-0.08571803569793701,0.10201799869537354,0.0012630224227905273,-0.039696438995913685,-0.09499108791351318,0.11730921268463135,-0.004960834980010986,-0.06285269507686331,-0.1102139949798584,0.1240302324295044,-0.004320025444030762,-0.03950184860867878,-0.11780047416687012,0.133764386177063
outer-2021-2022,2021-12-10T14:24:04.410869170+00:00,2021-12-10T14:24:04.410869170+00:00,NGF2@2021-12-29,0.03154289722442627,-0.0007934408886538513,-0.07918697595596313,0.18719470500946045,0.004254269599914551,-0.009679978841576295,0.006055975798517466,0.019851179961913604,0.013826727867126465,0.05263157894736836,-0.046993374824523926,0.08354949951171875,0.019192099571228027,0.002909283258397233,-0.05969393253326416,0.12191891670227051,0.023920416831970215,0.002380322665961332,-0.06638413667678833,0.1463298797607422,0.026302456855773926,0.012959534514678683,-0.07400399446487427,0.16667115688323975,0.03154289722442627,-0.0007934408886538513,-0.07918697595596313,0.18719470500946045
outer-2021-2022,2022-01-04T14:44:16.429817831+00:00,2022-01-04T14:44:16.429817831+00:00,NGG2@2022-01-27,0.006002664566040039,0.07477853048462735,-0.08852112293243408,0.13651585578918457,-0.00010163784027099673,0.021365294424179233,0.0005263544153422117,0.03259742380203849,0.006768584251403809,0.004168837936425307,-0.05659019947052002,0.07826530933380127,0.005504965782165527,0.005732152162584603,-0.06992638111114502,0.09885776042938232,0.0069190263748168945,0.0252735799895778,-0.07633614540100098,0.11420810222625732,0.0060204267501831055,0.07816571130797278,-0.08201736211776733,0.12471425533294678,0.006002664566040039,0.07477853048462735,-0.08852112293243408,0.13651585578918457
outer-2021-2022,2022-01-26T14:21:07.083375642+00:00,2022-01-26T14:21:07.083375642+00:00,NGH2@2022-02-24,0.0055397748947143555,0.2528912875867386,-0.09078532457351685,0.1269979476928711,-0.0004203796386718751,0.033050629658185525,0.0007293472299352288,0.059860618827324706,0.007283806800842285,0.1177075301978927,-0.049218714237213135,0.06127309799194336,0.007607221603393555,0.20534566949370348,-0.06588524580001831,0.08333206176757812,0.007306575775146484,0.2850167052171677,-0.07692158222198486,0.09936034679412842,0.006891489028930664,0.2654844512978669,-0.08351188898086548,0.11465704441070557,0.0055397748947143555,0.2528912875867386,-0.09078532457351685,0.1269979476928711
outer-2021-2022,2022-02-15T14:24:56.238773889+00:00,2022-02-15T14:24:56.238773889+00:00,NGH2@2022-02-24,0.003488898277282715,0.15360651809249948,-0.12235087156295776,0.18604648113250732,-0.0015349030494689947,0.011358734723220734,0.0022106708493083715,0.02983918385475966,0.009205460548400879,0.1133477114785526,-0.06856513023376465,0.10509157180786133,0.008577942848205566,0.08794632159118132,-0.09164386987686157,0.1376035213470459,0.0071489810943603516,0.06589983225497242,-0.10492908954620361,0.1580817699432373,0.004662036895751953,0.12101605559549489,-0.11442190408706665,0.17235314846038818,0.003488898277282715,0.15360651809249948,-0.12235087156295776,0.18604648113250732
outer-2021-2022,2022-03-08T14:20:47.012178370+00:00,2022-03-08T14:20:47.012178370+00:00,NGJ2@2022-03-29,-0.02311021089553833,-0.034282152503635976,-0.14889854192733765,0.09156060218811035,-0.004447245597839356,0.00536048202784124,0.006379902362823486,0.0155816330336417,-0.00649869441986084,-0.05651360897569069,-0.07654190063476562,0.05415797233581543,-0.009110510349273682,-0.03095782256388946,-0.10548710823059082,0.07260847091674805,-0.013087213039398193,-0.009349677955537095,-0.12306112051010132,0.08034276962280273,-0.020359933376312256,-0.02181591522958648,-0.13897383213043213,0.08414995670318604,-0.02311021089553833,-0.034282152503635976,-0.14889854192733765,0.09156060218811035
outer-2021-2022,2022-04-06T13:32:29.748192883+00:00,2022-04-06T13:32:29.748192883+00:00,NGK2@2022-04-27,-0.017512023448944092,0.1027498765025523,-0.14360690116882324,0.07556498050689697,-0.00457717776298523,0.01689445084801582,0.006496432237327099,0.02889047813983214,0.0004906654357910156,0.05137493825127604,-0.05997288227081299,0.04338407516479492,-0.003580808639526367,0.040836489379219465,-0.09219467639923096,0.05464780330657959,-0.00722426176071167,0.046929030133377125,-0.112942636013031,0.06211996078491211,-0.013347208499908447,0.10703112135682513,-0.1308201551437378,0.06870758533477783,-0.017512023448944092,0.1027498765025523,-0.14360690116882324,0.07556498050689697
outer-2021-2022,2022-04-29T13:19:35.512184757+00:00,2022-04-29T13:19:35.512184757+00:00,NGM2@2022-05-26,-0.006387531757354736,0.2820809248554914,-0.1750626564025879,0.1418154239654541,-0.001997673511505127,0.052239884393063644,0.0030896987300366163,0.075881523530335,0.0007749795913696289,0.0778901734104045,-0.07909297943115234,0.07053673267364502,0.0004602670669555664,0.09653179190751437,-0.11724627017974854,0.10016107559204102,0.00013327598571777344,0.13627167630057802,-0.13950705528259277,0.11567544937133789,-0.005191445350646973,0.21054913294797695,-0.16177403926849365,0.12817299365997314,-0.006387531757354736,0.2820809248554914,-0.1750626564025879,0.1418154239654541
outer-2021-2022,2022-05-19T13:20:25.792429791+00:00,2022-05-19T13:20:25.792429791+00:00,NGM2@2022-05-26,-0.003659665584564209,0.11415581223887927,-0.1657922863960266,0.111564040184021,-0.0021677136421203616,0.03493487343327597,0.003168422495946288,0.05194948380501595,0.004265546798706055,-0.00983042516588839,-0.07304692268371582,0.059204936027526855,0.0021228790283203125,-0.007987220447284282,-0.10898053646087646,0.0807349681854248,0.000635981559753418,0.07434259031703117,-0.1319953203201294,0.09039783477783203,-0.0037038326263427734,0.09338903907593998,-0.15389323234558105,0.1009291410446167,-0.003659665584564209,0.11415581223887927,-0.1657922863960266,0.111564040184021
outer-2021-2022,2022-06-10T13:38:41.427251021+00:00,2022-06-10T13:38:41.427251021+00:00,NGN2@2022-06-28,0.008105754852294922,-0.17913907284768216,-0.15086966753005981,0.10331916809082031,-0.0011952877044677731,-0.039072847682119216,0.0019212745828554034,0.06849020582167863,0.012730121612548828,-0.045253863134657846,-0.07924389839172363,0.07004594802856445,0.00975191593170166,-0.04028697571743933,-0.1106526255607605,0.08102762699127197,0.009199142456054688,-0.1993377483443709,-0.12794697284698486,0.08894002437591553,0.007047772407531738,-0.16324503311258276,-0.14329558610916138,0.09586536884307861,0.008105754852294922,-0.17913907284768216,-0.15086966753005981,0.10331916809082031
outer-2021-2022,2022-07-12T13:32:07.361045383+00:00,2022-07-12T13:32:07.361045383+00:00,NGQ2@2022-07-27,-0.018352985382080078,0.1361200428724545,-0.1870632767677307,0.21839368343353271,-0.004113209247589112,0.031603123564538364,0.005961129907518625,0.04569707293485073,-0.003434896469116211,0.01163680906446185,-0.1073961853981018,0.11116528511047363,-0.004169762134552002,0.030163834022354896,-0.14140713214874268,0.15928876399993896,-0.00901252031326294,0.08941969070586442,-0.16018879413604736,0.18298065662384033,-0.01546567678451538,0.09722860205175321,-0.1754089593887329,0.20151913166046143,-0.018352985382080078,0.1361200428724545,-0.1870632767677307,0.21839368343353271
outer-2021-2022,2022-08-02T13:20:39.318233006+00:00,2022-08-02T13:20:39.318233006+00:00,NGU2@2022-08-29,-0.016497015953063965,-0.06615309366593314,-0.19302141666412354,0.16031253337860107,-0.003905999660491945,-0.01807287845438983,0.005978012923151255,0.025874088856677555,-0.0026769042015075684,0.008192712154560855,-0.0890125036239624,0.07953739166259766,-0.00018364191055297852,-0.005380288579114767,-0.12627285718917847,0.11544525623321533,-0.005411505699157715,-0.021154316458791844,-0.15507245063781738,0.13080203533172607,-0.01160341501235962,-0.03741746148202507,-0.1778300404548645,0.14852559566497803,-0.016497015953063965,-0.06615309366593314,-0.19302141666412354,0.16031253337860107
outer-2021-2022,2022-08-22T13:20:50.450749737+00:00,2022-08-22T13:20:50.450749737+00:00,NGU2@2022-08-29,-0.01946389675140381,0.03480603448275876,-0.18335771560668945,0.12135946750640869,-0.004632353782653808,0.00843750000000001,0.006555420812219381,0.014249096441721147,-0.0012224316596984863,-0.0036637931034481097,-0.07729232311248779,0.061339497566223145,-0.005427718162536621,-0.0031250000000000444,-0.11794084310531616,0.08515119552612305,-0.010042667388916016,0.01346982758620685,-0.14536410570144653,0.09722709655761719,-0.015268325805664062,0.004310344827586299,-0.16812366247177124,0.11068117618560791,-0.01946389675140381,0.03480603448275876,-0.18335771560668945,0.12135946750640869
outer-2021-2022,2022-09-20T13:22:21.803476116+00:00,2022-09-20T13:22:21.803476116+00:00,NGV2@2022-09-28,0.004789948463439941,-0.11842938568714367,-0.1512390375137329,0.17636096477508545,-0.0020083189010620126,-0.02416719442685245,0.0028799450956285,0.04240968857990789,0.012163639068603516,-0.02001266624445841,-0.06808745861053467,0.09961593151092529,0.011003971099853516,-0.0862571247625078,-0.09758615493774414,0.12909257411956787,0.008598566055297852,-0.13350221659278017,-0.11969941854476929,0.14637517929077148,0.005668163299560547,-0.13109563014566172,-0.13826286792755127,0.1612786054611206,0.004789948463439941,-0.11842938568714367,-0.1512390375137329,0.17636096477508545
outer-2021-2022,2022-10-12T13:21:57.851606691+00:00,2022-10-12T13:21:57.851606691+00:00,NGX2@2022-10-27,0.0043457746505737305,-0.13052695336159903,-0.09411919116973877,0.12654316425323486,-0.0012763261795043954,-0.03691701998788611,0.0019718026742339134,0.052363211868493055,0.008757472038269043,0.0151423379769835,-0.02903151512145996,0.05146825313568115,0.009227514266967773,-0.019382192610539084,-0.04763507843017578,0.075095534324646,0.00825035572052002,-0.04860690490611741,-0.0637475848197937,0.09436821937561035,0.005287647247314453,-0.09721380981223504,-0.08046972751617432,0.11047565937042236,0.0043457746505737305,-0.13052695336159903,-0.09411919116973877,0.12654316425323486
outer-2021-2022,2022-11-02T13:38:22.573773710+00:00,2022-11-02T13:38:22.573773710+00:00,NGZ2@2022-11-28,0.01106250286102295,0.08025325119780957,-0.12203335762023926,0.18243277072906494,0.0004842638969421378,0.01759069130732371,0.0019409512169659138,0.06082228109468062,0.00899660587310791,0.015058179329226595,-0.0668533444404602,0.09399354457855225,0.012538433074951172,0.10523613963039002,-0.08359718322753906,0.12849783897399902,0.014672160148620605,0.1931895961670087,-0.09706681966781616,0.1540684700012207,0.01324927806854248,0.1507529089664612,-0.10994875431060791,0.16965949535369873,0.01106250286102295,0.08025325119780957,-0.12203335762023926,0.18243277072906494
outer-2021-2022,2022-11-30T14:33:53.693739523+00:00,2022-11-30T14:33:53.693739523+00:00,NGF3@2022-12-28,-0.007661700248718262,-0.2507615618942123,-0.12584573030471802,0.10600686073303223,-0.0026321709156036386,-0.046012184990307424,0.0037943036295473576,0.06648221607189883,0.0024482011795043945,-0.06314040432013301,-0.0461498498916626,0.048642516136169434,0.0012831687927246094,-0.13846579894765987,-0.07162660360336304,0.06959939002990723,-0.0007916688919067383,-0.18900581556355578,-0.0920635461807251,0.0849539041519165,-0.004818737506866455,-0.22334533370257548,-0.11104857921600342,0.09629249572753906,-0.007661700248718262,-0.2507615618942123,-0.12584573030471802,0.10600686073303223
outer-2021-2022,2022-12-20T14:26:24.890876987+00:00,2022-12-20T14:26:24.890876987+00:00,NGF3@2022-12-28,-8.702278137207031e-06,-0.11325919589392641,-0.16295212507247925,0.18691504001617432,3.0183792114257794e-05,-0.009289991445680079,0.0006105761858634651,0.027164425787123563,-0.00028270483016967773,-0.05218135158254911,-0.08958828449249268,0.0910184383392334,0.0008577108383178711,-0.12677502138579977,-0.11385351419448853,0.12320852279663086,-0.0008353590965270996,-0.1231822070145423,-0.13558799028396606,0.14940714836120605,0.0006115436553955078,-0.09751924721984595,-0.15140342712402344,0.17059624195098877,-8.702278137207031e-06,-0.11325919589392641,-0.16295212507247925,0.18691504001617432
