outer_block_id,trade_date,prediction_time,contract_id
outer-2017-2018,2016-12-29T00:00:00+00:00,2016-12-30T14:50:14.329502576+00:00,NGG7@2017-01-27
outer-2017-2018,2017-01-24T00:00:00+00:00,2017-01-25T14:49:27.263814922+00:00,NGH7@2017-02-24
outer-2017-2018,2017-02-13T00:00:00+00:00,2017-02-14T14:49:29.250496882+00:00,NGH7@2017-02-24
outer-2017-2018,2017-03-07T00:00:00+00:00,2017-03-08T14:49:23.130408594+00:00,NGJ7@2017-03-29
outer-2017-2018,2017-03-29T00:00:00+00:00,2017-03-30T13:52:19.238774064+00:00,NGK7@2017-04-26
outer-2017-2018,2017-04-19T00:00:00+00:00,2017-04-20T13:48:54.386580250+00:00,NGK7@2017-04-26
outer-2017-2018,2017-05-11T00:00:00+00:00,2017-05-12T13:46:23.409223245+00:00,NGM7@2017-05-26
outer-2017-2018,2017-06-05T00:00:00+00:00,2017-06-06T13:49:16.538428448+00:00,NGN7@2017-06-28
outer-2017-2018,2017-06-27T00:00:00+00:00,2017-06-28T13:52:57.206181429+00:00,NGQ7@2017-07-27
outer-2017-2018,2017-07-18T00:00:00+00:00,2017-07-19T13:53:49.582891993+00:00,NGQ7@2017-07-27
outer-2017-2018,2017-08-08T00:00:00+00:00,2017-08-09T13:48:43.774228632+00:00,NGU7@2017-08-29
outer-2017-2018,2017-09-06T00:00:00+00:00,2017-09-07T13:48:29.735066436+00:00,NGV7@2017-09-27
outer-2017-2018,2017-09-28T00:00:00+00:00,2017-09-29T13:53:45.251470074+00:00,NGX7@2017-10-27
outer-2017-2018,2017-10-18T00:00:00+00:00,2017-10-19T14:19:13.636238127+00:00,NGX7@2017-10-27
outer-2017-2018,2017-11-09T00:00:00+00:00,2017-11-10T14:18:37.811490006+00:00,NGZ7@2017-11-28
outer-2017-2018,2017-12-07T00:00:00+00:00,2017-12-08T14:19:11.824613273+00:00,NGF8@2017-12-27
outer-2017-2018,2018-01-09T00:00:00+00:00,2018-01-10T14:19:07.256630145+00:00,NGG8@2018-01-29
outer-2017-2018,2018-02-07T00:00:00+00:00,2018-02-08T14:19:07.951648592+00:00,NGH8@2018-02-26
outer-2017-2018,2018-03-05T00:00:00+00:00,2018-03-06T14:18:32.383947335+00:00,NGJ8@2018-03-27
outer-2017-2018,2018-04-03T00:00:00+00:00,2018-04-04T13:19:13.701488733+00:00,NGK8@2018-04-26
outer-2017-2018,2018-04-24T00:00:00+00:00,2018-04-25T13:19:05.663858406+00:00,NGM8@2018-05-29
outer-2017-2018,2018-05-14T00:00:00+00:00,2018-05-15T13:19:28.311974866+00:00,NGM8@2018-05-29
outer-2017-2018,2018-06-06T00:00:00+00:00,2018-06-07T13:20:45.582672308+00:00,NGN8@2018-06-27
outer-2017-2018,2018-06-28T00:00:00+00:00,2018-06-29T13:20:34.168122600+00:00,NGQ8@2018-07-27
outer-2017-2018,2018-07-19T00:00:00+00:00,2018-07-20T13:20:44.522899141+00:00,NGQ8@2018-07-27
outer-2017-2018,2018-08-10T00:00:00+00:00,2018-08-13T13:21:04.801793974+00:00,NGU8@2018-08-29
outer-2017-2018,2018-09-04T00:00:00+00:00,2018-09-05T13:20:53.110436712+00:00,NGV8@2018-09-26
outer-2017-2018,2018-09-26T00:00:00+00:00,2018-09-27T13:20:36.952484557+00:00,NGX8@2018-10-29
outer-2017-2018,2018-10-16T00:00:00+00:00,2018-10-17T13:20:38.700060821+00:00,NGX8@2018-10-29
outer-2017-2018,2018-11-13T00:00:00+00:00,2018-11-14T14:20:17.552525798+00:00,NGZ8@2018-11-28
outer-2017-2018,2018-12-05T00:00:00+00:00,2018-12-06T14:19:14.707541485+00:00,NGF9@2018-12-27
outer-2017-2018,2018-12-27T00:00:00+00:00,2018-12-28T14:19:40.317744353+00:00,NGG9@2019-01-29
outer-2019-2020,2018-12-28T00:00:00+00:00,2018-12-31T14:20:08.679408268+00:00,NGG9@2019-01-29
outer-2019-2020,2019-01-18T00:00:00+00:00,2019-01-22T14:19:49.130157568+00:00,NGG9@2019-01-29
outer-2019-2020,2019-02-12T00:00:00+00:00,2019-02-13T14:19:14.994049689+00:00,NGH9@2019-02-26
outer-2019-2020,2019-03-13T00:00:00+00:00,2019-03-14T13:33:41.905875775+00:00,NGJ9@2019-03-27
outer-2019-2020,2019-04-05T00:00:00+00:00,2019-04-08T13:22:02.047181351+00:00,NGK9@2019-04-26
outer-2019-2020,2019-04-30T00:00:00+00:00,2019-05-01T13:18:53.199587789+00:00,NGM9@2019-05-29
outer-2019-2020,2019-05-20T00:00:00+00:00,2019-05-21T13:22:16.942380480+00:00,NGM9@2019-05-29
outer-2019-2020,2019-06-17T00:00:00+00:00,2019-06-18T13:19:28.119531201+00:00,NGN9@2019-06-26
outer-2019-2020,2019-07-11T00:00:00+00:00,2019-07-12T13:22:52.091551292+00:00,NGQ9@2019-07-29
outer-2019-2020,2019-08-02T00:00:00+00:00,2019-08-05T13:19:05.728802255+00:00,NGU9@2019-08-28
outer-2019-2020,2019-08-26T00:00:00+00:00,2019-08-27T13:20:00.204524588+00:00,NGV9@2019-09-26
outer-2019-2020,2019-09-16T00:00:00+00:00,2019-09-17T13:19:11.959112412+00:00,NGV9@2019-09-26
outer-2019-2020,2019-10-08T00:00:00+00:00,2019-10-09T13:18:52.033598601+00:00,NGX9@2019-10-29
outer-2019-2020,2019-11-05T00:00:00+00:00,2019-11-06T14:19:12.920568079+00:00,NGZ9@2019-11-26
outer-2019-2020,2019-11-27T00:00:00+00:00,2019-11-29T14:20:06.304576192+00:00,NGF0@2019-12-27
outer-2019-2020,2019-12-18T00:00:00+00:00,2019-12-19T14:20:38.253398459+00:00,NGF0@2019-12-27
outer-2019-2020,2020-01-14T00:00:00+00:00,2020-01-15T14:30:50.421086206+00:00,NGG0@2020-01-29
outer-2019-2020,2020-02-06T00:00:00+00:00,2020-02-07T14:20:25.837298646+00:00,NGH0@2020-02-26
outer-2019-2020,2020-03-03T00:00:00+00:00,2020-03-04T15:32:29.838199624+00:00,NGJ0@2020-03-27
outer-2019-2020,2020-03-25T00:00:00+00:00,2020-03-26T13:20:07.818681426+00:00,NGK0@2020-04-28
outer-2019-2020,2020-04-16T00:00:00+00:00,2020-04-17T13:19:19.582419310+00:00,NGK0@2020-04-28
outer-2019-2020,2020-05-08T00:00:00+00:00,2020-05-11T13:19:31.208923289+00:00,NGM0@2020-05-27
outer-2019-2020,2020-06-01T00:00:00+00:00,2020-06-02T13:20:33.039169905+00:00,NGN0@2020-06-26
outer-2019-2020,2020-06-23T00:00:00+00:00,2020-06-24T13:37:18.630794169+00:00,NGQ0@2020-07-29
outer-2019-2020,2020-07-16T00:00:00+00:00,2020-07-17T13:48:18.962294370+00:00,NGQ0@2020-07-29
outer-2019-2020,2020-08-07T00:00:00+00:00,2020-08-10T13:21:49.778209515+00:00,NGU0@2020-08-27
outer-2019-2020,2020-08-28T00:00:00+00:00,2020-08-31T13:20:23.315943001+00:00,NGV0@2020-09-28
outer-2019-2020,2020-09-18T00:00:00+00:00,2020-09-21T20:32:56.886871501+00:00,NGV0@2020-09-28
outer-2019-2020,2020-10-13T00:00:00+00:00,2020-10-14T13:24:57.988178663+00:00,NGX0@2020-10-28
outer-2019-2020,2020-11-04T00:00:00+00:00,2020-11-05T14:39:49.033674781+00:00,NGZ0@2020-11-25
outer-2019-2020,2020-11-27T00:00:00+00:00,2020-11-30T14:20:04.540751901+00:00,NGF1@2020-12-29
outer-2019-2020,2020-12-18T00:00:00+00:00,2020-12-21T14:37:41.438454558+00:00,NGF1@2020-12-29
outer-2021-2022,2020-12-30T00:00:00+00:00,2020-12-31T14:25:54.542205769+00:00,NGG1@2021-01-27
outer-2021-2022,2021-01-20T00:00:00+00:00,2021-01-21T14:25:34.269999519+00:00,NGG1@2021-01-27
outer-2021-2022,2021-02-11T00:00:00+00:00,2021-02-12T14:32:29.008261911+00:00,NGH1@2021-02-24
outer-2021-2022,2021-03-08T00:00:00+00:00,2021-03-09T14:23:32.474505570+00:00,NGJ1@2021-03-29
outer-2021-2022,2021-03-30T00:00:00+00:00,2021-03-31T13:26:10.939322757+00:00,NGK1@2021-04-28
outer-2021-2022,2021-04-21T00:00:00+00:00,2021-04-22T13:22:11.745780948+00:00,NGK1@2021-04-28
outer-2021-2022,2021-05-13T00:00:00+00:00,2021-05-14T13:20:48.270431682+00:00,NGM1@2021-05-26
outer-2021-2022,2021-06-04T00:00:00+00:00,2021-06-07T13:33:11.480676288+00:00,NGN1@2021-06-28
outer-2021-2022,2021-07-02T00:00:00+00:00,2021-07-06T13:27:12.983535256+00:00,NGQ1@2021-07-28
outer-2021-2022,2021-07-27T00:00:00+00:00,2021-07-28T13:22:29.610499801+00:00,NGU1@2021-08-27
outer-2021-2022,2021-08-16T00:00:00+00:00,2021-08-17T14:06:34.283214740+00:00,NGU1@2021-08-27
outer-2021-2022,2021-09-08T00:00:00+00:00,2021-09-09T13:38:10.503319848+00:00,NGV1@2021-09-28
outer-2021-2022,2021-10-06T00:00:00+00:00,2021-10-07T13:20:41.428733393+00:00,NGX1@2021-10-27
outer-2021-2022,2021-10-27T00:00:00+00:00,2021-10-28T13:24:50.493153415+00:00,NGZ1@2021-11-26
outer-2021-2022,2021-11-16T00:00:00+00:00,2021-11-17T14:23:36.185932673+00:00,NGZ1@2021-11-26
outer-2021-2022,2021-12-09T00:00:00+00:00,2021-12-10T14:24:04.410869170+00:00,NGF2@2021-12-29
outer-2021-2022,2022-01-03T00:00:00+00:00,2022-01-04T14:44:16.429817831+00:00,NGG2@2022-01-27
outer-2021-2022,2022-01-25T00:00:00+00:00,2022-01-26T14:21:07.083375642+00:00,NGH2@2022-02-24
outer-2021-2022,2022-02-14T00:00:00+00:00,2022-02-15T14:24:56.238773889+00:00,NGH2@2022-02-24
outer-2021-2022,2022-03-07T00:00:00+00:00,2022-03-08T14:20:47.012178370+00:00,NGJ2@2022-03-29
outer-2021-2022,2022-04-05T00:00:00+00:00,2022-04-06T13:32:29.748192883+00:00,NGK2@2022-04-27
outer-2021-2022,2022-04-28T00:00:00+00:00,2022-04-29T13:19:35.512184757+00:00,NGM2@2022-05-26
outer-2021-2022,2022-05-18T00:00:00+00:00,2022-05-19T13:20:25.792429791+00:00,NGM2@2022-05-26
outer-2021-2022,2022-06-09T00:00:00+00:00,2022-06-10T13:38:41.427251021+00:00,NGN2@2022-06-28
outer-2021-2022,2022-07-11T00:00:00+00:00,2022-07-12T13:32:07.361045383+00:00,NGQ2@2022-07-27
outer-2021-2022,2022-08-01T00:00:00+00:00,2022-08-02T13:20:39.318233006+00:00,NGU2@2022-08-29
outer-2021-2022,2022-08-19T00:00:00+00:00,2022-08-22T13:20:50.450749737+00:00,NGU2@2022-08-29
outer-2021-2022,2022-09-19T00:00:00+00:00,2022-09-20T13:22:21.803476116+00:00,NGV2@2022-09-28
outer-2021-2022,2022-10-11T00:00:00+00:00,2022-10-12T13:21:57.851606691+00:00,NGX2@2022-10-27
outer-2021-2022,2022-11-01T00:00:00+00:00,2022-11-02T13:38:22.573773710+00:00,NGZ2@2022-11-28
outer-2021-2022,2022-11-29T00:00:00+00:00,2022-11-30T14:33:53.693739523+00:00,NGF3@2022-12-28
outer-2021-2022,2022-12-19T00:00:00+00:00,2022-12-20T14:26:24.890876987+00:00,NGF3@2022-12-28
