config_id,year,net_pnl_usd,transaction_cost_usd,max_drawdown_fraction,execution_side_count,signal_abstention_sessions,risk_shutdown_sessions,kill_triggered,continuous_net_pnl_usd,continuous_max_drawdown_fraction,complexity
s-none__l-none__p-none__u-none,2014,-1290.0,90.0,0.04503458617520437,6.0,16,284,True,40430.0,0.08670911800569028,0
s-none__l-none__p-none__u-half_high,2014,-1290.0,90.0,0.04503458617520437,6.0,16,284,True,40430.0,0.08670911800569028,1
s-none__l-none__p-half__u-none,2014,-1290.0,90.0,0.04503458617520437,6.0,16,284,True,40430.0,0.08670911800569028,1
s-none__l-none__p-half__u-half_high,2014,-1290.0,90.0,0.04503458617520437,6.0,16,284,True,40430.0,0.08670911800569028,2
s-none__l-half__p-none__u-none,2014,-3545.0,90.0,0.06458808126848664,6.0,16,284,True,34285.0,0.10226446200843718,1
s-none__l-half__p-none__u-half_high,2014,-3545.0,90.0,0.06458808126848664,6.0,16,284,True,34285.0,0.10226446200843718,2
s-none__l-half__p-half__u-none,2014,-3545.0,90.0,0.06458808126848664,6.0,16,284,True,34285.0,0.10226446200843718,2
s-none__l-half__p-half__u-half_high,2014,-3545.0,90.0,0.06458808126848664,6.0,16,284,True,34285.0,0.10226446200843718,3
s-none__l-veto__p-none__u-none,2014,-5800.0,90.0,0.08645686854482859,6.0,65,284,True,28140.0,0.14091063375842505,1
s-none__l-veto__p-none__u-half_high,2014,-5800.0,90.0,0.08645686854482859,6.0,65,284,True,28140.0,0.14091063375842505,2
s-none__l-veto__p-half__u-none,2014,-5800.0,90.0,0.08645686854482859,6.0,65,284,True,28140.0,0.14091063375842505,2
s-none__l-veto__p-half__u-half_high,2014,-5800.0,90.0,0.08645686854482859,6.0,65,284,True,28140.0,0.14091063375842505,3
s-half__l-none__p-none__u-none,2014,-5170.0,135.0,0.0829263575262318,9.0,16,280,True,30335.0,0.08278129684251245,1
s-half__l-none__p-none__u-half_high,2014,-5170.0,135.0,0.0829263575262318,9.0,16,280,True,30335.0,0.08278129684251245,2
s-half__l-none__p-half__u-none,2014,-5170.0,135.0,0.0829263575262318,9.0,16,280,True,30335.0,0.08278129684251245,2
s-half__l-none__p-half__u-half_high,2014,-5170.0,135.0,0.0829263575262318,9.0,16,280,True,30335.0,0.08278129684251245,3
s-half__l-half__p-none__u-none,2014,-7425.0,135.0,0.10312923851966672,9.0,16,280,True,24190.0,0.1029839178453788,2
s-half__l-half__p-none__u-half_high,2014,-7425.0,135.0,0.10312923851966672,9.0,16,280,True,24190.0,0.1029839178453788,3
s-half__l-half__p-half__u-none,2014,-7425.0,135.0,0.10312923851966672,9.0,16,280,True,24190.0,0.1029839178453788,3
s-half__l-half__p-half__u-half_high,2014,-7425.0,135.0,0.10312923851966672,9.0,16,280,True,24190.0,0.1029839178453788,4
s-half__l-veto__p-none__u-none,2014,-9680.0,135.0,0.12497577988761868,9.0,65,280,True,18045.0,0.12483045921333075,2
s-half__l-veto__p-none__u-half_high,2014,-9680.0,135.0,0.12497577988761868,9.0,65,280,True,18045.0,0.12483045921333075,3
s-half__l-veto__p-half__u-none,2014,-9680.0,135.0,0.12497577988761868,9.0,65,280,True,18045.0,0.12483045921333075,3
s-half__l-veto__p-half__u-half_high,2014,-9680.0,135.0,0.12497577988761868,9.0,65,280,True,18045.0,0.12483045921333075,4
s-veto__l-none__p-none__u-none,2014,-5150.0,150.0,0.08308763110831843,10.0,174,280,True,20240.0,0.08294262651650636,1
s-veto__l-none__p-none__u-half_high,2014,-5150.0,150.0,0.08308763110831843,10.0,174,280,True,20240.0,0.08294262651650636,2
s-veto__l-none__p-half__u-none,2014,-5150.0,150.0,0.08308763110831843,10.0,174,280,True,20240.0,0.08294262651650636,2
s-veto__l-none__p-half__u-half_high,2014,-5150.0,150.0,0.08308763110831843,10.0,174,280,True,20240.0,0.08294262651650636,3
s-veto__l-half__p-none__u-none,2014,-7405.0,150.0,0.10384708444229374,10.0,174,280,True,14095.0,0.10370191144447133,2
s-veto__l-half__p-none__u-half_high,2014,-7405.0,150.0,0.10384708444229374,10.0,174,280,True,14095.0,0.10370191144447133,3
s-veto__l-half__p-half__u-none,2014,-7405.0,150.0,0.10384708444229374,10.0,174,280,True,14095.0,0.10370191144447133,3
s-veto__l-half__p-half__u-half_high,2014,-7405.0,150.0,0.10384708444229374,10.0,174,280,True,14095.0,0.10370191144447133,4
s-veto__l-veto__p-none__u-none,2014,-9660.0,150.0,0.12567142511492863,10.0,223,280,True,7950.0,0.12552625211710622,2
s-veto__l-veto__p-none__u-half_high,2014,-9660.0,150.0,0.12567142511492863,10.0,223,280,True,7950.0,0.12552625211710622,3
s-veto__l-veto__p-half__u-none,2014,-9660.0,150.0,0.12567142511492863,10.0,223,280,True,7950.0,0.12552625211710622,3
s-veto__l-veto__p-half__u-half_high,2014,-9660.0,150.0,0.12567142511492863,10.0,223,280,True,7950.0,0.12552625211710622,4
s-none__l-none__p-none__u-none,2015,-2360.0,30.0,0.0236,2.0,22,309,True,-1460.0,0.08163468726638425,0
s-none__l-none__p-none__u-half_high,2015,-2360.0,30.0,0.0236,2.0,22,309,True,80.0,0.060419733156070465,1
s-none__l-none__p-half__u-none,2015,-2360.0,30.0,0.0236,2.0,22,309,True,-1460.0,0.08163468726638425,1
s-none__l-none__p-half__u-half_high,2015,-2360.0,30.0,0.0236,2.0,22,309,True,80.0,0.060419733156070465,2
s-none__l-half__p-none__u-none,2015,-2360.0,30.0,0.0236,2.0,22,309,True,-1845.0,0.08163468726638425,1
s-none__l-half__p-none__u-half_high,2015,-2360.0,30.0,0.0236,2.0,22,309,True,415.0,0.06022813328284741,2
s-none__l-half__p-half__u-none,2015,-2360.0,30.0,0.0236,2.0,22,309,True,-1845.0,0.08163468726638425,2
s-none__l-half__p-half__u-half_high,2015,-2360.0,30.0,0.0236,2.0,22,309,True,415.0,0.06022813328284741,3
s-none__l-veto__p-none__u-none,2015,-2360.0,30.0,0.0236,2.0,33,309,True,-2230.0,0.08163468726638425,1
s-none__l-veto__p-none__u-half_high,2015,-2360.0,30.0,0.0236,2.0,33,309,True,30.0,0.06044843475369341,2
s-none__l-veto__p-half__u-none,2015,-2360.0,30.0,0.0236,2.0,33,309,True,-2230.0,0.08163468726638425,2
s-none__l-veto__p-half__u-half_high,2015,-2360.0,30.0,0.0236,2.0,33,309,True,30.0,0.06044843475369341,3
s-half__l-none__p-none__u-none,2015,5.0,1500.0,0.06745761917043776,100.0,22,0,False,5.0,0.06745761917043776,1
s-half__l-none__p-none__u-half_high,2015,-65.0,1065.0,0.05443505179187998,71.0,22,0,False,-65.0,0.05443505179187998,2
s-half__l-none__p-half__u-none,2015,5.0,1500.0,0.06745761917043776,100.0,22,0,False,5.0,0.06745761917043776,2
s-half__l-none__p-half__u-half_high,2015,-65.0,1065.0,0.05443505179187998,71.0,22,0,False,-65.0,0.05443505179187998,3
s-half__l-half__p-none__u-none,2015,-380.0,1470.0,0.0677020825979527,98.0,22,0,False,-380.0,0.0677020825979527,2
s-half__l-half__p-none__u-half_high,2015,270.0,1065.0,0.054261909848323006,71.0,22,0,False,270.0,0.054261909848323006,3
s-half__l-half__p-half__u-none,2015,-380.0,1470.0,0.0677020825979527,98.0,22,0,False,-380.0,0.0677020825979527,3
s-half__l-half__p-half__u-half_high,2015,270.0,1065.0,0.054261909848323006,71.0,22,0,False,270.0,0.054261909848323006,4
s-half__l-veto__p-none__u-none,2015,-765.0,1440.0,0.06794832431921778,96.0,33,0,False,-765.0,0.06794832431921778,2
s-half__l-veto__p-none__u-half_high,2015,-115.0,1035.0,0.05446098868374032,69.0,33,0,False,-115.0,0.05446098868374032,3
s-half__l-veto__p-half__u-none,2015,-765.0,1440.0,0.06794832431921778,96.0,33,0,False,-765.0,0.06794832431921778,3
s-half__l-veto__p-half__u-half_high,2015,-115.0,1035.0,0.05446098868374032,69.0,33,0,False,-115.0,0.05446098868374032,4
s-veto__l-none__p-none__u-none,2015,1470.0,1590.0,0.06741418133357842,106.0,150,0,False,1470.0,0.06741418133357842,1
s-veto__l-none__p-none__u-half_high,2015,1400.0,1155.0,0.0538396939442008,77.0,150,0,False,1400.0,0.0538396939442008,2
s-veto__l-none__p-half__u-none,2015,1470.0,1590.0,0.06741418133357842,106.0,150,0,False,1470.0,0.06741418133357842,2
s-veto__l-none__p-half__u-half_high,2015,1400.0,1155.0,0.0538396939442008,77.0,150,0,False,1400.0,0.0538396939442008,3
s-veto__l-half__p-none__u-none,2015,1085.0,1560.0,0.06765356945213061,104.0,150,0,False,1085.0,0.06765356945213061,2
s-veto__l-half__p-none__u-half_high,2015,1735.0,1155.0,0.05367192223617506,77.0,150,0,False,1735.0,0.05367192223617506,3
s-veto__l-half__p-half__u-none,2015,1085.0,1560.0,0.06765356945213061,104.0,150,0,False,1085.0,0.06765356945213061,3
s-veto__l-half__p-half__u-half_high,2015,1735.0,1155.0,0.05367192223617506,77.0,150,0,False,1735.0,0.05367192223617506,4
s-veto__l-veto__p-none__u-none,2015,700.0,1530.0,0.06789466376637202,102.0,161,0,False,700.0,0.06789466376637202,2
s-veto__l-veto__p-none__u-half_high,2015,1350.0,1125.0,0.05386482449589246,75.0,161,0,False,1350.0,0.05386482449589246,3
s-veto__l-veto__p-half__u-none,2015,700.0,1530.0,0.06789466376637202,102.0,161,0,False,700.0,0.06789466376637202,3
s-veto__l-veto__p-half__u-half_high,2015,1350.0,1125.0,0.05386482449589246,75.0,161,0,False,1350.0,0.05386482449589246,4
s-none__l-none__p-none__u-none,2016,9050.0,960.0,0.062386517063177986,64.0,25,44,True,5110.0,0.062386517063177986,0
s-none__l-none__p-none__u-half_high,2016,6140.0,1185.0,0.062193904236603106,79.0,25,44,True,2505.0,0.06378111273792093,1
s-none__l-none__p-half__u-none,2016,9050.0,960.0,0.062386517063177986,64.0,25,44,True,5110.0,0.062386517063177986,1
s-none__l-none__p-half__u-half_high,2016,6140.0,1185.0,0.062193904236603106,79.0,25,44,True,2505.0,0.06378111273792093,2
s-none__l-half__p-none__u-none,2016,9230.0,960.0,0.06071046138088365,64.0,25,44,True,4145.0,0.06825617353112536,1
s-none__l-half__p-none__u-half_high,2016,6320.0,1185.0,0.060482145404403026,79.0,25,44,True,1555.0,0.06713911002715016,2
s-none__l-half__p-half__u-none,2016,9230.0,960.0,0.06071046138088365,64.0,25,44,True,4145.0,0.06825617353112536,2
s-none__l-half__p-half__u-half_high,2016,6320.0,1185.0,0.060482145404403026,79.0,25,44,True,1555.0,0.06713911002715016,3
s-none__l-veto__p-none__u-none,2016,9410.0,960.0,0.059034405698589316,64.0,29,44,True,3180.0,0.07839276925142065,1
s-none__l-veto__p-none__u-half_high,2016,6500.0,1185.0,0.06024496771743259,79.0,29,44,True,590.0,0.07754858271695686,2
s-none__l-veto__p-half__u-none,2016,9410.0,960.0,0.059034405698589316,64.0,29,44,True,3180.0,0.07839276925142065,2
s-none__l-veto__p-half__u-half_high,2016,6500.0,1185.0,0.06024496771743259,79.0,29,44,True,590.0,0.07754858271695686,3
s-half__l-none__p-none__u-none,2016,8515.0,1185.0,0.04494434353313772,79.0,25,44,True,4575.0,0.06259541984732825,1
s-half__l-none__p-none__u-half_high,2016,6420.0,1215.0,0.045135263407688656,81.0,25,44,True,2785.0,0.06361810879883169,2
s-half__l-none__p-half__u-none,2016,8515.0,1185.0,0.04494434353313772,79.0,25,44,True,4575.0,0.06259541984732825,2
s-half__l-none__p-half__u-half_high,2016,6420.0,1215.0,0.045135263407688656,81.0,25,44,True,2785.0,0.06361810879883169,3
s-half__l-half__p-none__u-none,2016,8695.0,1185.0,0.04326766335988077,79.0,25,44,True,3610.0,0.06858506709898225,2
s-half__l-half__p-none__u-half_high,2016,6600.0,1215.0,0.04381241549446118,81.0,25,44,True,1835.0,0.06696653967962546,3
s-half__l-half__p-half__u-none,2016,8695.0,1185.0,0.04326766335988077,79.0,25,44,True,3610.0,0.06858506709898225,3
s-half__l-half__p-half__u-half_high,2016,6600.0,1215.0,0.04381241549446118,81.0,25,44,True,1835.0,0.06696653967962546,4
s-half__l-veto__p-none__u-none,2016,8875.0,1185.0,0.042148625689482626,79.0,29,44,True,2645.0,0.07876989479363367,2
s-half__l-veto__p-none__u-half_high,2016,6780.0,1215.0,0.04373771578772881,81.0,29,44,True,870.0,0.07734958529991294,3
s-half__l-veto__p-half__u-none,2016,8875.0,1185.0,0.042148625689482626,79.0,29,44,True,2645.0,0.07876989479363367,3
s-half__l-veto__p-half__u-half_high,2016,6780.0,1215.0,0.04373771578772881,81.0,29,44,True,870.0,0.07734958529991294,4
s-veto__l-none__p-none__u-none,2016,7980.0,1410.0,0.042363847045191194,94.0,121,44,True,4040.0,0.06289762216306456,1
s-veto__l-none__p-none__u-half_high,2016,5885.0,1440.0,0.04241050344762445,96.0,121,44,True,2250.0,0.06393029121761064,2
s-veto__l-none__p-half__u-none,2016,7980.0,1410.0,0.042363847045191194,94.0,121,44,True,4040.0,0.06289762216306456,2
s-veto__l-none__p-half__u-half_high,2016,5885.0,1440.0,0.04241050344762445,96.0,121,44,True,2250.0,0.06393029121761064,3
s-veto__l-half__p-none__u-none,2016,8160.0,1410.0,0.042293276572116054,94.0,121,44,True,3075.0,0.06891714557219784,2
s-veto__l-half__p-none__u-half_high,2016,6065.0,1440.0,0.042338519566242336,96.0,121,44,True,1300.0,0.06729704797047971,3
s-veto__l-half__p-half__u-none,2016,8160.0,1410.0,0.042293276572116054,94.0,121,44,True,3075.0,0.06891714557219784,3
s-veto__l-half__p-half__u-half_high,2016,6065.0,1440.0,0.042338519566242336,96.0,121,44,True,1300.0,0.06729704797047971,4
s-veto__l-veto__p-none__u-none,2016,8340.0,1410.0,0.04222294082320876,94.0,125,44,True,2110.0,0.07915066636548453,2
s-veto__l-veto__p-none__u-half_high,2016,6245.0,1440.0,0.04226677962910665,96.0,125,44,True,335.0,0.07773070547062073,3
s-veto__l-veto__p-half__u-none,2016,8340.0,1410.0,0.04222294082320876,94.0,125,44,True,2110.0,0.07915066636548453,3
s-veto__l-veto__p-half__u-half_high,2016,6245.0,1440.0,0.04226677962910665,96.0,125,44,True,335.0,0.07773070547062073,4
s-none__l-none__p-none__u-none,2017,31000.0,1470.0,0.03502895152414222,98.0,29,0,False,31000.0,0.03502895152414222,0
s-none__l-none__p-none__u-half_high,2017,30205.0,1500.0,0.027881485736166955,100.0,29,0,False,30205.0,0.027881485736166955,1
s-none__l-none__p-half__u-none,2017,30190.0,1575.0,0.03502895152414222,105.0,29,0,False,30190.0,0.03502895152414222,1
s-none__l-none__p-half__u-half_high,2017,29530.0,1590.0,0.027881485736166955,106.0,29,0,False,29530.0,0.027881485736166955,2
s-none__l-half__p-none__u-none,2017,30260.0,1365.0,0.03502895152414222,91.0,29,0,False,30260.0,0.03502895152414222,1
s-none__l-half__p-none__u-half_high,2017,29465.0,1395.0,0.027881485736166955,93.0,29,0,False,29465.0,0.027881485736166955,2
s-none__l-half__p-half__u-none,2017,29820.0,1455.0,0.03502895152414222,97.0,29,0,False,29820.0,0.03502895152414222,2
s-none__l-half__p-half__u-half_high,2017,29160.0,1470.0,0.027881485736166955,98.0,29,0,False,29160.0,0.027881485736166955,3
s-none__l-veto__p-none__u-none,2017,29520.0,1260.0,0.03502895152414222,84.0,53,0,False,29520.0,0.03502895152414222,1
s-none__l-veto__p-none__u-half_high,2017,28725.0,1290.0,0.027881485736166955,86.0,53,0,False,28725.0,0.027881485736166955,2
s-none__l-veto__p-half__u-none,2017,29080.0,1350.0,0.03502895152414222,90.0,53,0,False,29080.0,0.03502895152414222,2
s-none__l-veto__p-half__u-half_high,2017,28420.0,1365.0,0.027881485736166955,91.0,53,0,False,28420.0,0.027881485736166955,3
s-half__l-none__p-none__u-none,2017,28750.0,1365.0,0.028042302722878883,91.0,29,0,False,28750.0,0.028042302722878883,1
s-half__l-none__p-none__u-half_high,2017,27585.0,1365.0,0.020749569213095922,91.0,29,0,False,27585.0,0.020749569213095922,2
s-half__l-none__p-half__u-none,2017,27865.0,1395.0,0.028042302722878883,93.0,29,0,False,27865.0,0.028042302722878883,2
s-half__l-none__p-half__u-half_high,2017,26700.0,1395.0,0.020749569213095922,93.0,29,0,False,26700.0,0.020749569213095922,3
s-half__l-half__p-none__u-none,2017,28010.0,1260.0,0.028042302722878883,84.0,29,0,False,28010.0,0.028042302722878883,2
s-half__l-half__p-none__u-half_high,2017,26845.0,1260.0,0.020749569213095922,84.0,29,0,False,26845.0,0.020749569213095922,3
s-half__l-half__p-half__u-none,2017,27495.0,1275.0,0.028042302722878883,85.0,29,0,False,27495.0,0.028042302722878883,3
s-half__l-half__p-half__u-half_high,2017,26330.0,1275.0,0.020749569213095922,85.0,29,0,False,26330.0,0.020749569213095922,4
s-half__l-veto__p-none__u-none,2017,27270.0,1155.0,0.028042302722878883,77.0,53,0,False,27270.0,0.028042302722878883,2
s-half__l-veto__p-none__u-half_high,2017,26105.0,1155.0,0.020749569213095922,77.0,53,0,False,26105.0,0.020749569213095922,3
s-half__l-veto__p-half__u-none,2017,26755.0,1170.0,0.028042302722878883,78.0,53,0,False,26755.0,0.028042302722878883,3
s-half__l-veto__p-half__u-half_high,2017,25590.0,1170.0,0.020749569213095922,78.0,53,0,False,25590.0,0.020749569213095922,4
s-veto__l-none__p-none__u-none,2017,26500.0,1260.0,0.02105565392161554,84.0,181,0,False,26500.0,0.02105565392161554,1
s-veto__l-none__p-none__u-half_high,2017,25335.0,1260.0,0.017985952923310556,84.0,181,0,False,25335.0,0.017985952923310556,2
s-veto__l-none__p-half__u-none,2017,25615.0,1290.0,0.02105565392161554,86.0,181,0,False,25615.0,0.02105565392161554,2
s-veto__l-none__p-half__u-half_high,2017,24450.0,1290.0,0.017985952923310556,86.0,181,0,False,24450.0,0.017985952923310556,3
s-veto__l-half__p-none__u-none,2017,25760.0,1155.0,0.02105565392161554,77.0,181,0,False,25760.0,0.02105565392161554,2
s-veto__l-half__p-none__u-half_high,2017,24595.0,1155.0,0.017985952923310556,77.0,181,0,False,24595.0,0.017985952923310556,3
s-veto__l-half__p-half__u-none,2017,25245.0,1170.0,0.02105565392161554,78.0,181,0,False,25245.0,0.02105565392161554,3
s-veto__l-half__p-half__u-half_high,2017,24080.0,1170.0,0.017985952923310556,78.0,181,0,False,24080.0,0.017985952923310556,4
s-veto__l-veto__p-none__u-none,2017,25020.0,1050.0,0.02105565392161554,70.0,205,0,False,25020.0,0.02105565392161554,2
s-veto__l-veto__p-none__u-half_high,2017,23855.0,1050.0,0.017985952923310556,70.0,205,0,False,23855.0,0.017985952923310556,3
s-veto__l-veto__p-half__u-none,2017,24505.0,1065.0,0.02105565392161554,71.0,205,0,False,24505.0,0.02105565392161554,3
s-veto__l-veto__p-half__u-half_high,2017,23340.0,1065.0,0.017985952923310556,71.0,205,0,False,23340.0,0.017985952923310556,4
s-none__l-none__p-none__u-none,2018,-940.0,30.0,0.030392012920276025,2.0,39,302,True,-19.999999999985448,0.19448930651397237,0
s-none__l-none__p-none__u-half_high,2018,-5110.0,525.0,0.06920398253960469,35.0,39,50,True,-7599.999999999985,0.19059296679582113,1
s-none__l-none__p-half__u-none,2018,-5405.0,615.0,0.07409582538051192,41.0,39,50,True,-24.999999999985448,0.1945382469534575,1
s-none__l-none__p-half__u-half_high,2018,-5425.0,570.0,0.07322570371640658,38.0,39,50,True,-7914.999999999985,0.19449276072417243,2
s-none__l-half__p-none__u-none,2018,-940.0,30.0,0.030392012920276025,2.0,39,302,True,110.00000000001455,0.19321685508735853,1
s-none__l-half__p-none__u-half_high,2018,-4980.0,600.0,0.0686596422445479,40.0,39,50,True,-7469.999999999985,0.18995344278363133,2
s-none__l-half__p-half__u-none,2018,-5235.0,690.0,0.07256801722450577,46.0,39,50,True,145.00000000001455,0.19299275787825393,2
s-none__l-half__p-half__u-half_high,2018,-5255.0,645.0,0.0725822239624119,43.0,39,50,True,-7744.999999999985,0.19371574001566155,3
s-none__l-veto__p-none__u-none,2018,-940.0,30.0,0.030392012920276025,2.0,55,302,True,240.00000000001455,0.19194440366074472,1
s-none__l-veto__p-none__u-half_high,2018,-4850.0,675.0,0.06857226763251921,45.0,55,50,True,-7339.999999999985,0.1897117125936076,2
s-none__l-veto__p-half__u-none,2018,-5105.0,765.0,0.07247580881634248,51.0,55,50,True,275.00000000001455,0.192747532010556,2
s-none__l-veto__p-half__u-half_high,2018,-5125.0,720.0,0.07248997947013393,48.0,55,50,True,-7614.999999999985,0.1934695473653337,3
s-half__l-none__p-none__u-none,2018,-940.0,30.0,0.030392012920276025,2.0,39,302,True,1810.0000000000146,0.16179709293789443,1
s-half__l-none__p-none__u-half_high,2018,-4330.0,630.0,0.05692739908324708,42.0,39,50,True,-4184.999999999985,0.14993346148159087,2
s-half__l-none__p-half__u-none,2018,-3795.0,720.0,0.05833700386629472,48.0,39,50,True,2245.0000000000146,0.1575392747026867,2
s-half__l-none__p-half__u-half_high,2018,-4235.0,645.0,0.056874138270632264,43.0,39,50,True,-4089.9999999999854,0.149793184951743,3
s-half__l-half__p-none__u-none,2018,-940.0,30.0,0.030392012920276025,2.0,39,302,True,1940.0000000000146,0.16052464151128062,2
s-half__l-half__p-none__u-half_high,2018,-4200.0,705.0,0.056854540979571745,47.0,39,50,True,-4054.9999999999854,0.14974157026827453,3
s-half__l-half__p-half__u-none,2018,-3625.0,795.0,0.05667302892379974,53.0,39,50,True,2415.0000000000146,0.1558752997601917,3
s-half__l-half__p-half__u-half_high,2018,-4065.0,720.0,0.05677907777013076,48.0,39,50,True,-3919.9999999999854,0.14954281781535725,4
s-half__l-veto__p-none__u-none,2018,-940.0,30.0,0.030392012920276025,2.0,55,302,True,2070.0000000000146,0.15925219008466682,2
s-half__l-veto__p-none__u-half_high,2018,-4070.0,780.0,0.05678186913131115,52.0,55,50,True,-3924.9999999999854,0.14955016960818038,3
s-half__l-veto__p-half__u-none,2018,-3495.0,870.0,0.05646265154477904,58.0,55,50,True,2545.0000000000146,0.1555533828705513,3
s-half__l-veto__p-half__u-half_high,2018,-3935.0,795.0,0.05670659858601728,53.0,55,50,True,-3789.9999999999854,0.14935192458758823,4
s-veto__l-none__p-none__u-none,2018,-940.0,30.0,0.030392012920276025,2.0,144,302,True,3640.0000000000146,0.13224752523528538,1
s-veto__l-none__p-none__u-half_high,2018,-3160.0,795.0,0.05462000292868648,53.0,144,50,True,-2354.9999999999854,0.1255430272855956,2
s-veto__l-none__p-half__u-none,2018,-2625.0,885.0,0.05433621443138778,59.0,144,50,True,4075.0000000000146,0.1316888414101193,2
s-veto__l-none__p-half__u-half_high,2018,-3065.0,810.0,0.0545693943236126,54.0,144,50,True,-2259.9999999999854,0.12542670437920594,3
s-veto__l-half__p-none__u-none,2018,-940.0,30.0,0.030392012920276025,2.0,144,302,True,3770.0000000000146,0.13208006623484134,2
s-veto__l-half__p-none__u-half_high,2018,-3030.0,870.0,0.054550772680739046,58.0,144,50,True,-2224.9999999999854,0.12538390289084955,3
s-veto__l-half__p-half__u-none,2018,-2455.0,960.0,0.05424665503199535,64.0,144,50,True,4245.000000000015,0.13147178592204756,3
s-veto__l-half__p-half__u-half_high,2018,-2895.0,885.0,0.05447906523855891,59.0,144,50,True,-2089.9999999999854,0.12521908471275545,4
s-veto__l-veto__p-none__u-none,2018,-940.0,30.0,0.030392012920276025,2.0,160,302,True,3900.0000000000146,0.13191303078943514,2
s-veto__l-veto__p-none__u-half_high,2018,-2900.0,945.0,0.05448171770777545,63.0,160,50,True,-2094.9999999999854,0.12522518136228625,3
s-veto__l-veto__p-half__u-none,2018,-2325.0,1035.0,0.05417836738646267,69.0,160,50,True,4375.000000000015,0.13130628449694962,3
s-veto__l-veto__p-half__u-half_high,2018,-2765.0,960.0,0.05441019157833317,64.0,160,50,True,-1959.9999999999854,0.12506077992803644,4
s-none__l-none__p-none__u-none,2019,3460.0,210.0,0.03744708563985672,14.0,51,290,True,12640.0,0.04884402474763921,0
s-none__l-none__p-none__u-half_high,2019,13480.0,1635.0,0.03662901501417747,109.0,51,0,False,13480.0,0.03662901501417747,1
s-none__l-none__p-half__u-none,2019,3290.0,195.0,0.036114221724524075,13.0,51,290,True,11685.0,0.05384471817842479,1
s-none__l-none__p-half__u-half_high,2019,12490.0,1665.0,0.04197461999721099,111.0,51,0,False,12490.0,0.04197461999721099,2
s-none__l-half__p-none__u-none,2019,13170.0,1680.0,0.04116909065563868,112.0,51,0,False,13170.0,0.04116909065563868,1
s-none__l-half__p-none__u-half_high,2019,11675.0,1620.0,0.033742911153119094,108.0,51,0,False,11675.0,0.033742911153119094,2
s-none__l-half__p-half__u-none,2019,12360.0,1740.0,0.046788521464117945,116.0,51,0,False,12360.0,0.046788521464117945,2
s-none__l-half__p-half__u-half_high,2019,10660.0,1635.0,0.03923236906787673,109.0,51,0,False,10660.0,0.03923236906787673,3
s-none__l-veto__p-none__u-none,2019,13700.0,1620.0,0.037264783392667256,108.0,79,0,False,13700.0,0.037264783392667256,1
s-none__l-veto__p-none__u-half_high,2019,12205.0,1560.0,0.03344575604272063,104.0,79,0,False,12205.0,0.03344575604272063,2
s-none__l-veto__p-half__u-none,2019,12890.0,1680.0,0.04285251515572215,112.0,79,0,False,12890.0,0.04285251515572215,2
s-none__l-veto__p-half__u-half_high,2019,11190.0,1575.0,0.035361610081820746,105.0,79,0,False,11190.0,0.035361610081820746,3
s-half__l-none__p-none__u-none,2019,2790.0,180.0,0.04001867849638104,12.0,51,290,True,9125.0,0.0493112304459491,1
s-half__l-none__p-none__u-half_high,2019,11055.0,1410.0,0.03165684527888173,94.0,51,0,False,11055.0,0.03165684527888173,2
s-half__l-none__p-half__u-none,2019,2620.0,165.0,0.038688524590163934,11.0,51,290,True,8505.0,0.0517096018735363,2
s-half__l-none__p-half__u-half_high,2019,10485.0,1410.0,0.03302945622795364,94.0,51,0,False,10485.0,0.03302945622795364,3
s-half__l-half__p-none__u-none,2019,9655.0,1575.0,0.031878191269147614,105.0,51,0,False,9655.0,0.031878191269147614,2
s-half__l-half__p-none__u-half_high,2019,9250.0,1395.0,0.03206551915602443,93.0,51,0,False,9250.0,0.03206551915602443,3
s-half__l-half__p-half__u-none,2019,9180.0,1560.0,0.033227337665330196,104.0,51,0,False,9180.0,0.033227337665330196,3
s-half__l-half__p-half__u-half_high,2019,8655.0,1380.0,0.03346484103040148,92.0,51,0,False,8655.0,0.03346484103040148,4
s-half__l-veto__p-none__u-none,2019,10185.0,1515.0,0.033064258676517536,101.0,79,0,False,10185.0,0.033064258676517536,2
s-half__l-veto__p-none__u-half_high,2019,9780.0,1335.0,0.033256880733944956,89.0,79,0,False,9780.0,0.033256880733944956,3
s-half__l-veto__p-half__u-none,2019,9710.0,1500.0,0.034403984100150775,100.0,79,0,False,9710.0,0.034403984100150775,3
s-half__l-veto__p-half__u-half_high,2019,9185.0,1320.0,0.03464777067132931,88.0,79,0,False,9185.0,0.03464777067132931,4
s-veto__l-none__p-none__u-none,2019,2120.0,150.0,0.04627597478402989,10.0,187,290,True,5610.0,0.06047163203362129,1
s-veto__l-none__p-none__u-half_high,2019,7540.0,1305.0,0.03681498829039813,87.0,187,0,False,7540.0,0.03681498829039813,2
s-veto__l-none__p-half__u-none,2019,1950.0,135.0,0.04496487119437939,9.0,187,290,True,4990.0,0.060843091334894614,2
s-veto__l-none__p-half__u-half_high,2019,6970.0,1305.0,0.03971896955503513,87.0,187,0,False,6970.0,0.03971896955503513,3
s-veto__l-half__p-none__u-none,2019,6140.0,1470.0,0.03440809602259355,98.0,187,0,False,6140.0,0.03440809602259355,2
s-veto__l-half__p-none__u-half_high,2019,5735.0,1290.0,0.03461502036177668,86.0,187,0,False,5735.0,0.03461502036177668,3
s-veto__l-half__p-half__u-none,2019,5665.0,1455.0,0.03579344494223061,97.0,187,0,False,5665.0,0.03579344494223061,3
s-veto__l-half__p-half__u-half_high,2019,5140.0,1275.0,0.03675647347483266,85.0,187,0,False,5140.0,0.03675647347483266,4
s-veto__l-veto__p-none__u-none,2019,6670.0,1410.0,0.03410628470116176,94.0,215,0,False,6670.0,0.03410628470116176,2
s-veto__l-veto__p-none__u-half_high,2019,6265.0,1230.0,0.03430958415469821,82.0,215,0,False,6265.0,0.03430958415469821,3
s-veto__l-veto__p-half__u-none,2019,6195.0,1395.0,0.035478894965642965,93.0,215,0,False,6195.0,0.035478894965642965,3
s-veto__l-veto__p-half__u-half_high,2019,5670.0,1215.0,0.03573614576957484,81.0,215,0,False,5670.0,0.03573614576957484,4
s-none__l-none__p-none__u-none,2020,-1570.0,900.0,0.09218353700714779,60.0,45,128,True,7760.0,0.09914687572054416,0
s-none__l-none__p-none__u-half_high,2020,5780.0,1170.0,0.06678191678310086,78.0,45,0,False,5780.0,0.06678191678310086,1
s-none__l-none__p-half__u-none,2020,-2130.0,930.0,0.09257799823837559,62.0,45,128,True,7950.0,0.09899865560242918,1
s-none__l-none__p-half__u-half_high,2020,5210.0,1185.0,0.06714445582037668,79.0,45,0,False,5210.0,0.06714445582037668,2
s-none__l-half__p-none__u-none,2020,-1030.0,900.0,0.08720313580816233,60.0,45,128,True,7675.0,0.09243716854968873,1
s-none__l-half__p-none__u-half_high,2020,5945.0,1125.0,0.06678191678310086,75.0,45,0,False,5945.0,0.06678191678310086,2
s-none__l-half__p-half__u-none,2020,-1590.0,930.0,0.08757127625052154,62.0,45,128,True,6515.0,0.09283297019146075,2
s-none__l-half__p-half__u-half_high,2020,5375.0,1140.0,0.06714445582037668,76.0,45,0,False,5375.0,0.06714445582037668,3
s-none__l-veto__p-none__u-none,2020,-490.0,900.0,0.08222273460917685,60.0,92,128,True,7590.0,0.09043117362231957,1
s-none__l-veto__p-none__u-half_high,2020,5860.0,1065.0,0.06230610746678665,71.0,92,0,False,5860.0,0.06230610746678665,2
s-none__l-veto__p-half__u-none,2020,-1050.0,930.0,0.08256455426266747,62.0,92,128,True,6430.0,0.09081637383524176,2
s-none__l-veto__p-half__u-half_high,2020,5290.0,1080.0,0.06264434867496844,72.0,92,0,False,5290.0,0.06264434867496844,3
s-half__l-none__p-none__u-none,2020,3970.0,1515.0,0.07765088163616381,101.0,45,5,True,4050.0,0.07765088163616381,1
s-half__l-none__p-none__u-half_high,2020,1965.0,1140.0,0.06792725520896062,76.0,45,0,False,1965.0,0.06792725520896062,2
s-half__l-none__p-half__u-none,2020,4605.0,1530.0,0.08294235924932976,102.0,45,0,False,4605.0,0.08294235924932976,2
s-half__l-none__p-half__u-half_high,2020,1770.0,1140.0,0.06805511982045032,76.0,45,0,False,1770.0,0.06805511982045032,3
s-half__l-half__p-none__u-none,2020,3965.0,1455.0,0.07069814115735652,97.0,45,0,False,3965.0,0.07069814115735652,2
s-half__l-half__p-none__u-half_high,2020,2130.0,1095.0,0.06792725520896062,73.0,45,0,False,2130.0,0.06792725520896062,3
s-half__l-half__p-half__u-none,2020,3170.0,1455.0,0.07657506702412868,97.0,45,0,False,3170.0,0.07657506702412868,3
s-half__l-half__p-half__u-half_high,2020,1935.0,1095.0,0.06805511982045032,73.0,45,0,False,1935.0,0.06805511982045032,4
s-half__l-veto__p-none__u-none,2020,3880.0,1395.0,0.06861948678740383,93.0,92,0,False,3880.0,0.06861948678740383,2
s-half__l-veto__p-none__u-half_high,2020,2045.0,1035.0,0.06337468384921113,69.0,92,0,False,2045.0,0.06337468384921113,3
s-half__l-veto__p-half__u-none,2020,3085.0,1395.0,0.07449253159708924,93.0,92,0,False,3085.0,0.07449253159708924,3
s-half__l-veto__p-half__u-half_high,2020,1850.0,1035.0,0.06349397881120737,69.0,92,0,False,1850.0,0.06349397881120737,4
s-veto__l-none__p-none__u-none,2020,260.0,1470.0,0.06306708314740443,98.0,146,5,True,340.0,0.06306708314740443,1
s-veto__l-none__p-none__u-half_high,2020,-1745.0,1095.0,0.04729830863643167,73.0,146,0,False,-1745.0,0.04729830863643167,2
s-veto__l-none__p-half__u-none,2020,895.0,1485.0,0.06915052160953801,99.0,146,0,False,895.0,0.06915052160953801,2
s-veto__l-none__p-half__u-half_high,2020,-1940.0,1095.0,0.04914924404969812,73.0,146,0,False,-1940.0,0.04914924404969812,3
s-veto__l-half__p-none__u-none,2020,255.0,1410.0,0.057712330804700285,94.0,146,0,False,255.0,0.057712330804700285,2
s-veto__l-half__p-none__u-half_high,2020,-1580.0,1050.0,0.04729830863643167,70.0,146,0,False,-1580.0,0.04729830863643167,3
s-veto__l-half__p-half__u-none,2020,-540.0,1410.0,0.06378539493293592,94.0,146,0,False,-540.0,0.06378539493293592,3
s-veto__l-half__p-half__u-half_high,2020,-1775.0,1050.0,0.04914924404969812,70.0,146,0,False,-1775.0,0.04914924404969812,4
s-veto__l-veto__p-none__u-none,2020,170.0,1350.0,0.05235757846199613,90.0,193,0,False,170.0,0.05235757846199613,2
s-veto__l-veto__p-none__u-half_high,2020,-1665.0,990.0,0.042558499226662674,66.0,193,0,False,-1665.0,0.042558499226662674,3
s-veto__l-veto__p-half__u-none,2020,-625.0,1350.0,0.058420268256333834,90.0,193,0,False,-625.0,0.058420268256333834,3
s-veto__l-veto__p-half__u-half_high,2020,-1860.0,990.0,0.044408961628661245,66.0,193,0,False,-1860.0,0.044408961628661245,4
s-none__l-none__p-none__u-none,2021,-7480.0,150.0,0.07660062877389091,10.0,44,281,True,-38790.000000000015,0.42028045311642304,0
s-none__l-none__p-none__u-half_high,2021,-6675.0,120.0,0.06765903244336771,8.0,44,281,True,-29720.0,0.3148929793451385,1
s-none__l-none__p-half__u-none,2021,-7585.0,150.0,0.07675016858562901,10.0,44,281,True,-36800.0,0.39983516071829966,1
s-none__l-none__p-half__u-half_high,2021,-6675.0,120.0,0.06765903244336771,8.0,44,281,True,-29720.0,0.3148929793451385,2
s-none__l-half__p-none__u-none,2021,-6920.0,150.0,0.0710115275213334,10.0,44,281,True,-31800.0,0.37020310394730277,1
s-none__l-half__p-none__u-half_high,2021,-6145.0,120.0,0.062364194909962783,8.0,44,281,True,-30310.0,0.3207872324483628,2
s-none__l-half__p-half__u-none,2021,-7025.0,150.0,0.07115562326731437,10.0,44,281,True,-31905.0,0.37063862733834513,2
s-none__l-half__p-half__u-half_high,2021,-6145.0,120.0,0.062364194909962783,8.0,44,281,True,-30310.0,0.3207872324483628,3
s-none__l-veto__p-none__u-none,2021,-6360.0,150.0,0.06542242626877588,10.0,124,281,True,-24810.0,0.32012575477818256,1
s-none__l-veto__p-none__u-half_high,2021,-5585.0,120.0,0.056769649591648146,8.0,124,281,True,-23320.0,0.27066110542221333,2
s-none__l-veto__p-half__u-none,2021,-6465.0,150.0,0.06556107794899972,10.0,124,281,True,-24915.0,0.32051250031219564,2
s-none__l-veto__p-half__u-half_high,2021,-5585.0,120.0,0.056769649591648146,8.0,124,281,True,-23320.0,0.27066110542221333,3
s-half__l-none__p-none__u-none,2021,-10245.0,525.0,0.10332425884762357,35.0,44,175,True,-34554.99999999997,0.36212193111716046,1
s-half__l-none__p-none__u-half_high,2021,-9995.0,420.0,0.10082669397337596,28.0,44,196,True,-24550.0,0.26324333774569797,2
s-half__l-none__p-half__u-none,2021,-10245.0,525.0,0.10332425884762357,35.0,44,175,True,-32460.0,0.34119233747096583,2
s-half__l-none__p-half__u-half_high,2021,-9995.0,420.0,0.10082669397337596,28.0,44,196,True,-24550.0,0.26324333774569797,3
s-half__l-half__p-none__u-none,2021,-10160.0,510.0,0.10247508679037938,34.0,44,174,True,-27565.0,0.30605159969030193,2
s-half__l-half__p-none__u-half_high,2021,-10060.0,465.0,0.10147606084068034,31.0,44,182,True,-25140.0,0.2691375908489223,3
s-half__l-half__p-half__u-none,2021,-10160.0,510.0,0.10247508679037938,34.0,44,174,True,-27565.0,0.30605159969030193,3
s-half__l-half__p-half__u-half_high,2021,-10060.0,465.0,0.10147606084068034,31.0,44,182,True,-25140.0,0.2691375908489223,4
s-half__l-veto__p-none__u-none,2021,-10255.0,495.0,0.10342416144259348,33.0,124,173,True,-20575.0,0.25592547266415244,2
s-half__l-veto__p-none__u-half_high,2021,-9955.0,450.0,0.10042708359349634,30.0,124,175,True,-18150.0,0.21901146382277278,3
s-half__l-veto__p-half__u-none,2021,-10255.0,495.0,0.10342416144259348,33.0,124,173,True,-20575.0,0.25592547266415244,3
s-half__l-veto__p-half__u-half_high,2021,-9955.0,450.0,0.10042708359349634,30.0,124,175,True,-18150.0,0.21901146382277278,4
s-veto__l-none__p-none__u-none,2021,-10510.0,570.0,0.10594934811928668,38.0,150,161,True,-30320.0,0.31979619361606476,1
s-veto__l-none__p-none__u-half_high,2021,-10270.0,495.0,0.10382022471910113,33.0,150,173,True,-20315.0,0.21350811485642945,2
s-veto__l-none__p-half__u-none,2021,-10510.0,570.0,0.10594934811928668,38.0,150,161,True,-28225.0,0.2988660772266347,2
s-veto__l-none__p-half__u-half_high,2021,-10270.0,495.0,0.10382022471910113,33.0,150,173,True,-20315.0,0.21350811485642945,3
s-veto__l-half__p-none__u-none,2021,-9725.0,555.0,0.10169660182098612,37.0,150,161,True,-23330.0,0.24650480123389223,2
s-veto__l-half__p-none__u-half_high,2021,-10285.0,510.0,0.10327594392663485,34.0,150,162,True,-20905.0,0.21879607186586372,3
s-veto__l-half__p-half__u-none,2021,-9725.0,555.0,0.10169660182098612,37.0,150,161,True,-23330.0,0.24650480123389223,3
s-veto__l-half__p-half__u-half_high,2021,-10285.0,510.0,0.10327594392663485,34.0,150,162,True,-20905.0,0.21879607186586372,4
s-veto__l-veto__p-none__u-none,2021,-9250.0,570.0,0.1019741724803325,38.0,230,114,True,-16340.0,0.2000395824056207,2
s-veto__l-veto__p-none__u-half_high,2021,-10220.0,495.0,0.10662222001094582,33.0,230,161,True,-13915.0,0.15881387133688243,3
s-veto__l-veto__p-half__u-none,2021,-9250.0,570.0,0.1019741724803325,38.0,230,114,True,-16340.0,0.2000395824056207,3
s-veto__l-veto__p-half__u-half_high,2021,-10220.0,495.0,0.10662222001094582,33.0,230,161,True,-13915.0,0.15881387133688243,4
s-none__l-none__p-none__u-none,2022,-4400.0,60.0,0.04538419292026562,4.0,29,304,True,20870.000000000087,0.2987789927916441,0
s-none__l-none__p-none__u-half_high,2022,-5595.0,45.0,0.05663394039321492,3.0,29,300,True,16150.000000000015,0.1506944272522467,1
s-none__l-none__p-half__u-none,2022,-4400.0,60.0,0.04538419292026562,4.0,29,304,True,16955.00000000006,0.3120362531746426,1
s-none__l-none__p-half__u-half_high,2022,-5595.0,45.0,0.05663394039321492,3.0,29,300,True,16150.000000000015,0.1506944272522467,2
s-none__l-half__p-none__u-none,2022,-4400.0,60.0,0.04538419292026562,4.0,29,304,True,8405.000000000058,0.34410636920472076,1
s-none__l-half__p-none__u-half_high,2022,-5595.0,45.0,0.05663394039321492,3.0,29,300,True,16150.000000000015,0.1506944272522467,2
s-none__l-half__p-half__u-none,2022,-4400.0,60.0,0.04538419292026562,4.0,29,304,True,7015.000000000058,0.34410636920472076,2
s-none__l-half__p-half__u-half_high,2022,-5595.0,45.0,0.05663394039321492,3.0,29,300,True,16150.000000000015,0.1506944272522467,3
s-none__l-veto__p-none__u-none,2022,-4400.0,60.0,0.04538419292026562,4.0,87,304,True,-4059.999999999942,0.3987717809176694,1
s-none__l-veto__p-none__u-half_high,2022,-5595.0,45.0,0.05663394039321492,3.0,87,300,True,3685.0000000000146,0.1993804491743486,2
s-none__l-veto__p-half__u-none,2022,-4400.0,60.0,0.04538419292026562,4.0,87,304,True,-5449.999999999942,0.3987717809176694,2
s-none__l-veto__p-half__u-half_high,2022,-5595.0,45.0,0.05663394039321492,3.0,87,300,True,3685.0000000000146,0.1993804491743486,3
s-half__l-none__p-none__u-none,2022,-3735.0,60.0,0.040516296222465865,4.0,29,304,True,3635.000000000058,0.3081362211456251,1
s-half__l-none__p-none__u-half_high,2022,-5595.0,45.0,0.05663394039321492,3.0,29,300,True,15380.000000000015,0.1506944272522467,2
s-half__l-none__p-half__u-none,2022,-3735.0,60.0,0.040516296222465865,4.0,29,304,True,-279.9999999999418,0.3332006369426747,2
s-half__l-none__p-half__u-half_high,2022,-5595.0,45.0,0.05663394039321492,3.0,29,300,True,15380.000000000015,0.1506944272522467,3
s-half__l-half__p-none__u-none,2022,-3735.0,60.0,0.040516296222465865,4.0,29,304,True,-8829.999999999942,0.3244007922072668,2
s-half__l-half__p-none__u-half_high,2022,-5595.0,45.0,0.05663394039321492,3.0,29,300,True,15380.000000000015,0.1506944272522467,3
s-half__l-half__p-half__u-none,2022,-3735.0,60.0,0.040516296222465865,4.0,29,304,True,-10219.999999999942,0.3356372014065716,3
s-half__l-half__p-half__u-half_high,2022,-5595.0,45.0,0.05663394039321492,3.0,29,300,True,15380.000000000015,0.1506944272522467,4
s-half__l-veto__p-none__u-none,2022,-3735.0,60.0,0.040516296222465865,4.0,87,304,True,-21294.99999999994,0.3457262961233063,2
s-half__l-veto__p-none__u-half_high,2022,-5595.0,45.0,0.05663394039321492,3.0,87,300,True,2915.0000000000146,0.1993804491743486,3
s-half__l-veto__p-half__u-none,2022,-3735.0,60.0,0.040516296222465865,4.0,87,304,True,-22684.99999999994,0.3587108827650625,3
s-half__l-veto__p-half__u-half_high,2022,-5595.0,45.0,0.05663394039321492,3.0,87,300,True,2915.0000000000146,0.1993804491743486,4
s-veto__l-none__p-none__u-none,2022,-3070.0,60.0,0.040249517302836775,4.0,125,304,True,-13599.999999999942,0.38809655426570805,1
s-veto__l-none__p-none__u-half_high,2022,-4930.0,45.0,0.054006318565138434,3.0,125,300,True,-1854.9999999999854,0.18156169788506807,2
s-veto__l-none__p-half__u-none,2022,-3070.0,60.0,0.040249517302836775,4.0,125,304,True,-17514.99999999994,0.415358681401011,2
s-veto__l-none__p-half__u-half_high,2022,-4930.0,45.0,0.054006318565138434,3.0,125,300,True,-1854.9999999999854,0.18156169788506807,3
s-veto__l-half__p-none__u-none,2022,-3070.0,60.0,0.040249517302836775,4.0,125,304,True,-26064.99999999994,0.41619055620904,2
s-veto__l-half__p-none__u-half_high,2022,-4930.0,45.0,0.054006318565138434,3.0,125,300,True,-1854.9999999999854,0.18156169788506807,3
s-veto__l-half__p-half__u-none,2022,-3070.0,60.0,0.040249517302836775,4.0,125,304,True,-27454.99999999994,0.42786926566963485,3
s-veto__l-half__p-half__u-half_high,2022,-4930.0,45.0,0.054006318565138434,3.0,125,300,True,-1854.9999999999854,0.18156169788506807,4
s-veto__l-veto__p-none__u-none,2022,-3070.0,60.0,0.040249517302836775,4.0,183,304,True,-38529.999999999956,0.45374664388576974,2
s-veto__l-veto__p-none__u-half_high,2022,-4930.0,45.0,0.054006318565138434,3.0,183,300,True,-14319.999999999985,0.18085500481588487,3
s-veto__l-veto__p-half__u-none,2022,-3070.0,60.0,0.040249517302836775,4.0,183,304,True,-39919.999999999956,0.46731754942640924,3
s-veto__l-veto__p-half__u-half_high,2022,-4930.0,45.0,0.054006318565138434,3.0,183,300,True,-14319.999999999985,0.18085500481588487,4
