prediction_time,target_trade_date,target_available_at,contract_id,actual_rv,baseline_rv20,challenger_log_har,last_observation_rv,baseline_qlike,challenger_qlike,qlike_improvement
2025-10-03T23:59:00+00:00,2025-10-06T00:00:00+00:00,2025-10-06T23:59:00+00:00,NGX25,0.0012102360725049796,0.00060776563731060101,0.00073999209077949392,0.00070719409193304914,0.3025060495027625,0.14354040937716794,0.15896564012559455
2025-10-06T23:59:00+00:00,2025-10-07T00:00:00+00:00,2025-10-07T23:59:00+00:00,NGX25,0.00073467668136636532,0.00063997774951077605,0.00082531752776378797,0.0012102360725049796,0.0099751217086168076,0.006512258529353776,0.0034628631792630316
2025-10-07T23:59:00+00:00,2025-10-08T00:00:00+00:00,2025-10-08T23:59:00+00:00,NGX25,0.0011889906858241076,0.00064765907635370957,0.0007929743105955547,0.00073467668136636532,0.22833240746369965,0.094337073928723258,0.13399533353497639
2025-10-08T23:59:00+00:00,2025-10-09T00:00:00+00:00,2025-10-09T23:59:00+00:00,NGX25,0.00082815262122940903,0.00069313560871668881,0.00087548363831041573,0.0011889906858241076,0.016819827428472323,0.0015162917049980074,0.015303535723474315
2025-10-09T23:59:00+00:00,2025-10-10T00:00:00+00:00,2025-10-10T23:59:00+00:00,NGX25,0.00091032878125480235,0.00071416539266812773,0.00083146604141336677,0.00082815262122940903,0.031983758666288997,0.0042324433929761263,0.027751315273312871
2025-10-10T23:59:00+00:00,2025-10-13T00:00:00+00:00,2025-10-13T23:59:00+00:00,NGX25,0.00062488144280724029,0.0007431855072588076,0.00086931579205333173,0.00091032878125480235,0.01419863967301449,0.048964360981312849,-0.034765721308298358
2025-10-13T23:59:00+00:00,2025-10-14T00:00:00+00:00,2025-10-14T23:59:00+00:00,NGX25,0.00033242879343225925,0.00075167546385522836,0.0008113857753468055,0.00062488144280724029,0.2581294098132112,0.30202291825281224,-0.043893508439601048
2025-10-14T23:59:00+00:00,2025-10-15T00:00:00+00:00,2025-10-15T23:59:00+00:00,NGX25,0.00032782578626106235,0.00067482704760997523,0.00070751647928652913,0.00033242879343225925,0.20776640844808325,0.23262580306278258,-0.024859394614699326
2025-10-15T23:59:00+00:00,2025-10-16T00:00:00+00:00,2025-10-16T23:59:00+00:00,NGX25,0.00065639399581428109,0.00067605521671877645,0.00066711001006036622,0.00032782578626106235,0.00043127139051057917,0.00013041390419199494,0.00030085748631858422
2025-10-16T23:59:00+00:00,2025-10-17T00:00:00+00:00,2025-10-17T23:59:00+00:00,NGX25,0.00073967366778270678,0.00068393582998675726,0.00071659317857468354,0.00065639399581428109,0.0031507105011401304,0.00050782272253147021,0.0026428877786086602
2025-10-17T23:59:00+00:00,2025-10-20T00:00:00+00:00,2025-10-20T23:59:00+00:00,NGX25,0.0016001222742334812,0.00071002731534904788,0.00072254449644143428,0.00073967366778270678,0.44107475742313929,0.41950939987214886,0.021565357550990427
2025-10-20T23:59:00+00:00,2025-10-21T00:00:00+00:00,2025-10-21T23:59:00+00:00,NGX25,0.00077306092198165259,0.00076166420167343165,0.00087751365963569449,0.0016001222742334812,0.00011084018923290806,0.0077020579383570986,-0.0075912177491241906
2025-10-21T23:59:00+00:00,2025-10-22T00:00:00+00:00,2025-10-22T23:59:00+00:00,NGX25,0.001355643482850753,0.00078196748893075759,0.00082590316722689781,0.00077306092198165259,0.18341316517249195,0.14585331404157387,0.037559851130918087
2025-10-22T23:59:00+00:00,2025-10-23T00:00:00+00:00,2025-10-23T23:59:00+00:00,NGX25,0.0012924051375791737,0.00082792115273671045,0.0009533027697056311,0.001355643482850753,0.11568213491104951,0.051385534274732914,0.064296600636316592
2025-10-23T23:59:00+00:00,2025-10-24T00:00:00+00:00,2025-10-24T23:59:00+00:00,NGX25,0.0016892610733037887,0.00086393076619568963,0.00098775067867183154,0.0012924051375791737,0.28476611873925783,0.17359382375733512,0.11117229498192271
2025-10-27T23:59:00+00:00,2025-10-28T00:00:00+00:00,2025-10-28T23:59:00+00:00,NGZ25,0.00047968481339366137,0.00049751157801861253,0.00063480910613615592,0.00067733043192145332,0.00065772044984746536,0.035831398516759094,-0.035173678066911629
2025-10-28T23:59:00+00:00,2025-10-29T00:00:00+00:00,2025-10-29T23:59:00+00:00,NGZ25,0.0004146459707296315,0.00051081768592323249,0.00060650323052263277,0.00047968481339366137,0.020317537970723887,0.063951530566317194,-0.043633992595593307
2025-10-29T23:59:00+00:00,2025-10-30T00:00:00+00:00,2025-10-30T23:59:00+00:00,NGZ25,0.00095270115387835973,0.00050357255679818274,0.00059027491472527296,0.0004146459707296315,0.25431111429929221,0.13528278125729498,0.11902833304199723
2025-10-30T23:59:00+00:00,2025-10-31T00:00:00+00:00,2025-10-31T23:59:00+00:00,NGZ25,0.00053154473845532185,0.00048928001040806333,0.00067950984431856701,0.00095270115387835973,0.0035290489008457104,0.027831649080580334,-0.024302600179734624
2025-10-31T23:59:00+00:00,2025-11-03T00:00:00+00:00,2025-11-03T23:59:00+00:00,NGZ25,0.0011233344530226506,0.00049771103150386188,0.00062547729065046771,0.00053154473845532185,0.44296423501236593,0.2104219021121656,0.23254233290020032
2025-11-03T23:59:00+00:00,2025-11-04T00:00:00+00:00,2025-11-04T23:59:00+00:00,NGZ25,0.001167363150804389,0.00050406104842830714,0.00071574954724553622,0.0011233344530226506,0.47611082735514021,0.141793509027345,0.33431731832779521
2025-11-04T23:59:00+00:00,2025-11-05T00:00:00+00:00,2025-11-05T23:59:00+00:00,NGZ25,0.00043599144713466658,0.0005338433178012096,0.00076325810774344833,0.001167363150804389,0.019182771960186251,0.13119775585419502,-0.11201498389400877
2025-11-05T23:59:00+00:00,2025-11-06T00:00:00+00:00,2025-11-06T23:59:00+00:00,NGZ25,0.00082572108948149618,0.00054128553262119137,0.00067448380380542589,0.00043599144713466658,0.10317141686660047,0.021917322853153509,0.081254094013446965
2025-11-06T23:59:00+00:00,2025-11-07T00:00:00+00:00,2025-11-07T23:59:00+00:00,NGZ25,0.00044406206179069805,0.00056331552305422829,0.00074079005643776154,0.00082572108948149618,0.026176343552463122,0.11119680376228258,-0.08502046020981946
2025-11-07T23:59:00+00:00,2025-11-10T00:00:00+00:00,2025-11-10T23:59:00+00:00,NGZ25,0.0013696408285742718,0.00056776021971441935,0.00068158569523105227,0.00044406206179069805,0.53175322558878557,0.31160991845497832,0.22014330713380725
2025-11-10T23:59:00+00:00,2025-11-11T00:00:00+00:00,2025-11-11T23:59:00+00:00,NGZ25,0.001934559686412493,0.00061077998558604972,0.00082320535406386398,0.0013696408285742718,1.0144611087394537,0.49560358653137238,0.51885752220808135
2025-11-11T23:59:00+00:00,2025-11-12T00:00:00+00:00,2025-11-12T23:59:00+00:00,NGZ25,0.00035744114648376989,0.00070239856327698551,0.00093952376433286452,0.001934559686412493,0.18441677352681651,0.34685167706995723,-0.16243490354314072
2025-11-12T23:59:00+00:00,2025-11-13T00:00:00+00:00,2025-11-13T23:59:00+00:00,NGZ25,0.0012625877112715678,0.0007101587162535568,0.00076294045709527497,0.00035744114648376989,0.20246496932898328,0.15115814454515375,0.05130682478382953
2025-11-13T23:59:00+00:00,2025-11-14T00:00:00+00:00,2025-11-14T23:59:00+00:00,NGZ25,0.0015088738774058645,0.00075483095299666016,0.00092990064868265186,0.0012625877112715678,0.30633096561227879,0.13857724881310829,0.1677537167991705
2025-11-14T23:59:00+00:00,2025-11-17T00:00:00+00:00,2025-11-17T23:59:00+00:00,NGZ25,0.00049367453087645265,0.00080534562083607749,0.0010130033290796762,0.0015088738774058645,0.10239217325706162,0.20613585564701653,-0.10374368238995491
2025-11-17T23:59:00+00:00,2025-11-18T00:00:00+00:00,2025-11-18T23:59:00+00:00,NGZ25,0.00072318096945889676,0.00080444530558764914,0.00086337188810959643,0.00049367453087645265,0.0054743899166318499,0.01480997663314465,-0.0093355867165128004
2025-11-18T23:59:00+00:00,2025-11-19T00:00:00+00:00,2025-11-19T23:59:00+00:00,NGZ25,0.00088724722193694839,0.00081067557591199915,0.00085568297354519788,0.00072318096945889676,0.0041984013582494484,0.00066407274555979612,0.0035343286126896523
2025-11-19T23:59:00+00:00,2025-11-20T00:00:00+00:00,2025-11-20T23:59:00+00:00,NGZ25,0.00046785611672748488,0.00083333491228459002,0.00090739389650983852,0.00088724722193694839,0.13870108748580501,0.17802004902154911,-0.039318961535744101
2025-11-20T23:59:00+00:00,2025-11-21T00:00:00+00:00,2025-11-21T23:59:00+00:00,NGZ25,0.00095215936337103145,0.00083690104041436579,0.00081397018435248891,0.00046785611672748488,0.0086937853442936586,0.0129631121774747,-0.0042693268331810419
2025-11-24T23:59:00+00:00,2025-11-25T00:00:00+00:00,2025-11-25T23:59:00+00:00,NGF26,0.0015614510018817577,0.00061002409958596905,0.00066071371993957036,0.00051852242417844063,0.61978228174131789,0.5032290629619105,0.11655321877940739
2025-11-25T23:59:00+00:00,2025-11-26T00:00:00+00:00,2025-11-26T23:59:00+00:00,NGF26,0.00064880889282872519,0.00066941281590777925,0.00083319030828924963,0.0015614510018817577,0.0004836260518403801,0.028828188576658142,-0.028344562524817762
2025-11-26T23:59:00+00:00,2025-11-28T00:00:00+00:00,2025-11-28T23:59:00+00:00,NGF26,0.0016579547767010829,0.00068939421234225247,0.00076164909027761458,0.00064880889282872519,0.52741763752980031,0.39894198839937811,0.1284756491304222
2025-11-28T23:59:00+00:00,2025-12-01T00:00:00+00:00,2025-12-01T23:59:00+00:00,NGF26,0.00078998989388333882,0.0007396676529011013,0.00092784468547651002,0.0016579547767010829,0.0022143982279085872,0.012268912917346331,-0.010054514689437744
2025-12-01T23:59:00+00:00,2025-12-02T00:00:00+00:00,2025-12-02T23:59:00+00:00,NGF26,0.000572060071902017,0.00076117888908488974,0.00087585478198747978,0.00078998989388333882,0.037169241851283008,0.079101182726346808,-0.0419319408750638
2025-12-02T23:59:00+00:00,2025-12-03T00:00:00+00:00,2025-12-03T23:59:00+00:00,NGF26,0.00046154007263086018,0.00075515902569761562,0.00084390742629543577,0.000572060071902017,0.10354209673387915,0.15038233730838346,-0.04684024057450431
2025-12-03T23:59:00+00:00,2025-12-04T00:00:00+00:00,2025-12-04T23:59:00+00:00,NGF26,0.00091048036833345453,0.00073594144761486493,0.00077391849083676919,0.00046154007263086018,0.024342363448996096,0.01394933807040144,0.010393025378594656
2025-12-04T23:59:00+00:00,2025-12-05T00:00:00+00:00,2025-12-05T23:59:00+00:00,NGF26,0.0029791250114387957,0.00076116563624736952,0.00085728309033119058,0.00091048036833345453,1.5493645340591118,1.2294605804106817,0.31990395364843005
2025-12-05T23:59:00+00:00,2025-12-08T00:00:00+00:00,2025-12-08T23:59:00+00:00,NGF26,0.0016051879486299113,0.00088245445667394147,0.0010946580745660223,0.0029791250114387957,0.2207147800852558,0.083584163126704247,0.13713061695855155
2025-12-08T23:59:00+00:00,2025-12-09T00:00:00+00:00,2025-12-09T23:59:00+00:00,NGF26,0.00096040631465488507,0.00094455584315131995,0.0010763600260418804,0.0016051879486299113,0.00013924325695402473,0.0062562151135516775,-0.0061169718565976527
2025-12-09T23:59:00+00:00,2025-12-10T00:00:00+00:00,2025-12-10T23:59:00+00:00,NGF26,0.0013327095491083049,0.00094040271788690694,0.0010250891814187356,0.00096040631465488507,0.068507770895753772,0.037656812323154654,0.030850958572599119
2025-12-10T23:59:00+00:00,2025-12-11T00:00:00+00:00,2025-12-11T23:59:00+00:00,NGF26,0.0018363785695841468,0.00093461562240409763,0.0010963649565005357,0.0013327095491083049,0.28943360163711307,0.15917480354979352,0.13025879808731955
2025-12-11T23:59:00+00:00,2025-12-12T00:00:00+00:00,2025-12-12T23:59:00+00:00,NGF26,0.00064579572994449027,0.0010132896890053555,0.0012011148524388915,0.0018363785695841468,0.087800055853963999,0.15818579723061044,-0.070385741376646438
2025-12-12T23:59:00+00:00,2025-12-15T00:00:00+00:00,2025-12-15T23:59:00+00:00,NGF26,0.0010843480696142529,0.001001115419818874,0.00099429682794856689,0.00064579572994449027,0.0032757631812476706,0.0038693190692045132,-0.00059355588795684255
2025-12-15T23:59:00+00:00,2025-12-16T00:00:00+00:00,2025-12-16T23:59:00+00:00,NGF26,0.0010873923030208987,0.0010000425203127061,0.0010392137714231497,0.0010843480696142529,0.0036061407629617293,0.0010425500867030646,0.0025635906762586647
2025-12-16T23:59:00+00:00,2025-12-17T00:00:00+00:00,2025-12-17T23:59:00+00:00,NGF26,0.0004996350473077634,0.0010372795788522134,0.001058878409765737,0.0010873923030208987,0.21215713263524449,0.22294068424919633,-0.010783551613951836
2025-12-17T23:59:00+00:00,2025-12-18T00:00:00+00:00,2025-12-18T23:59:00+00:00,NGF26,0.0028496682444821906,0.0010323438234676476,0.00093587410020311746,0.0004996350473077634,0.74501597349998971,0.93145002130976406,-0.18643404780977435
2025-12-18T23:59:00+00:00,2025-12-19T00:00:00+00:00,2025-12-19T23:59:00+00:00,NGF26,0.00099441606471789828,0.0011399652544509765,0.0012312681354736536,0.0028496682444821906,0.0089187478238903495,0.021279895773519408,-0.012361147949629059
2025-12-19T23:59:00+00:00,2025-12-22T00:00:00+00:00,2025-12-22T23:59:00+00:00,NGF26,0.0035604084946194727,0.0011719838869936397,0.0011140883199054811,0.00099441606471789828,0.92675563222447255,1.0339656617367909,-0.10721002951231839
2025-12-22T23:59:00+00:00,2025-12-23T00:00:00+00:00,2025-12-23T23:59:00+00:00,NGF26,0.0033842386209289362,0.0013278139424731344,0.001442303503894578,0.0035604084946194727,0.6131345255620495,0.49352479501386615,0.11960973054818336
2025-12-23T23:59:00+00:00,2025-12-24T00:00:00+00:00,2025-12-24T23:59:00+00:00,NGF26,0.0038715407636403165,0.0014710997523106593,0.0015595678773124948,0.0033842386209289362,0.6640900136428769,0.57320076440208734,0.09088924924078956
2025-12-26T23:59:00+00:00,2025-12-29T00:00:00+00:00,2025-12-29T23:59:00+00:00,NGG26,0.0019143201759979683,0.0011736948344543054,0.0011956915860902068,0.0010144294503421029,0.1418145548083074,0.13037720043078616,0.011437354377521247
2025-12-29T23:59:00+00:00,2025-12-30T00:00:00+00:00,2025-12-30T23:59:00+00:00,NGG26,0.0020425168633831261,0.0012065191770348883,0.0013498440968533155,0.0019143201759979683,0.16645715143863837,0.098956496716433362,0.067500654722205011
2025-12-30T23:59:00+00:00,2025-12-31T00:00:00+00:00,2025-12-31T23:59:00+00:00,NGG26,0.0013139196572523686,0.0012796123181342521,0.0013536689998183693,0.0020425168633831261,0.00035311007271920936,0.00043975684436392548,-8.6646771644716125e-05
2025-12-31T23:59:00+00:00,2026-01-02T00:00:00+00:00,2026-01-02T23:59:00+00:00,NGG26,0.00070103984306633396,0.0013296627540166622,0.0012842231548438076,0.0013139196572523686,0.16734721333544034,0.1512308558666926,0.016116357468747733
2026-01-02T23:59:00+00:00,2026-01-05T00:00:00+00:00,2026-01-05T23:59:00+00:00,NGG26,0.0012835417232252813,0.0013470567250831152,0.0011672507417870407,0.00070103984306633396,0.0011478323278191205,0.0046560688766239533,-0.0035082365488048328
2026-01-05T23:59:00+00:00,2026-01-06T00:00:00+00:00,2026-01-06T23:59:00+00:00,NGG26,0.0012242343391436227,0.0013708426269431761,0.0012728743509341771,0.0012835417232252813,0.0061624176226975358,0.00074925607249487491,0.0054131615502026609
2026-01-06T23:59:00+00:00,2026-01-07T00:00:00+00:00,2026-01-07T23:59:00+00:00,NGG26,0.00061032819596003047,0.0013320560822198523,0.0012242984827804549,0.0012242343391436227,0.23866717533907056,0.19463903368287538,0.044028141656195174
2026-01-07T23:59:00+00:00,2026-01-08T00:00:00+00:00,2026-01-08T23:59:00+00:00,NGG26,0.0024060995860276289,0.0012628993451354073,0.0010482329876697447,0.00061032819596003047,0.26062194657528792,0.46448511963634598,-0.20386317306105806
2026-01-08T23:59:00+00:00,2026-01-09T00:00:00+00:00,2026-01-09T23:59:00+00:00,NGG26,0.0034711150383317443,0.0013454130532052082,0.0013117647484997481,0.0024060995860276289,0.63218755141698502,0.67303891093495105,-0.040851359517966035
2026-01-09T23:59:00+00:00,2026-01-12T00:00:00+00:00,2026-01-12T23:59:00+00:00,NGG26,0.0026948102438839362,0.0014748547645438213,0.0015392237500578732,0.0034711150383317443,0.22440163639805943,0.19070970615658456,0.033691930241474877
2026-01-12T23:59:00+00:00,2026-01-13T00:00:00+00:00,2026-01-13T23:59:00+00:00,NGG26,0.0017335386241912984,0.0015530742757243886,0.0015972598307882136,0.0026948102438839362,0.0062697474225881233,0.0034451543900120285,0.0028245930325760948
2026-01-13T23:59:00+00:00,2026-01-14T00:00:00+00:00,2026-01-14T23:59:00+00:00,NGG26,0.0039575340899440092,0.0016258245298255293,0.001554739811407429,0.0017335386241912984,0.54456445179754986,0.61115099782758575,-0.066586546030035887
2026-01-14T23:59:00+00:00,2026-01-15T00:00:00+00:00,2026-01-15T23:59:00+00:00,NGG26,0.0022523254573014709,0.0017642609465560364,0.0018833313533772403,0.0039575340899440092,0.032408295120614383,0.017005264980240797,0.015403030140373586
2026-01-15T23:59:00+00:00,2026-01-16T00:00:00+00:00,2026-01-16T23:59:00+00:00,NGG26,0.0022055532459260203,0.0018329000224090914,0.0017780988997447139,0.0022523254573014709,0.018234489678834009,0.024966023161828499,-0.0067315334829944895
2026-01-16T23:59:00+00:00,2026-01-20T00:00:00+00:00,2026-01-20T23:59:00+00:00,NGG26,0.0094525034532754494,0.0019282893618639799,0.0017756160878596046,0.0022055532459260203,2.3123686867411295,2.6513741453956099,-0.3390054586544804
2026-01-20T23:59:00+00:00,2026-01-21T00:00:00+00:00,2026-01-21T23:59:00+00:00,NGG26,0.01540210840572119,0.0022749284670699884,0.0026404471642612311,0.0094525034532754494,3.8578146213976989,3.0695878253029623,0.78822679609473667
2026-01-21T23:59:00+00:00,2026-01-22T00:00:00+00:00,2026-01-22T23:59:00+00:00,NGG26,0.013857208117470505,0.0030259960482500437,0.0035845376050473586,0.01540210840572119,2.0578221512101145,1.5136525815064301,0.54416956970368435
2026-01-22T23:59:00+00:00,2026-01-23T00:00:00+00:00,2026-01-23T23:59:00+00:00,NGG26,0.0083813176401856954,0.0035571954907029739,0.0040255424932457637,0.013857208117470505,0.49912616346441485,0.34868886742372585,0.15043729604068901
2026-01-26T23:59:00+00:00,2026-01-27T00:00:00+00:00,2026-01-27T23:59:00+00:00,NGH26,0.0021691805709497768,0.0018839575660125987,0.0022073099650127635,0.0040618085884813991,0.010420836477943229,0.00015093880727090614,0.010269897670672323
2026-01-27T23:59:00+00:00,2026-01-28T00:00:00+00:00,2026-01-28T23:59:00+00:00,NGH26,0.0036336107877856282,0.0019646607453270258,0.002001664031144124,0.0021691805709497768,0.23457782695388341,0.21904702908828044,0.015530797865602963
2026-01-28T23:59:00+00:00,2026-01-29T00:00:00+00:00,2026-01-29T23:59:00+00:00,NGH26,0.00089989626895473941,0.0021144022975930297,0.0023880107281098444,0.0036336107877856282,0.2798510955820539,0.35277575774166614,-0.072924662159612241
2026-01-29T23:59:00+00:00,2026-01-30T00:00:00+00:00,2026-01-30T23:59:00+00:00,NGH26,0.0043905875819869817,0.0021120744914911809,0.0017932631634756202,0.00089989626895473941,0.34701094751875194,0.55295273175549875,-0.20594178423674681
2026-01-30T23:59:00+00:00,2026-02-02T00:00:00+00:00,2026-02-02T23:59:00+00:00,NGH26,0.0079712773158116361,0.0022706808270058772,0.0025471353264839829,0.0043905875819869817,1.2547579855592881,0.98863137736032147,0.26612660819896661
2026-02-02T23:59:00+00:00,2026-02-03T00:00:00+00:00,2026-02-03T23:59:00+00:00,NGH26,0.0019579482965966337,0.0026475255026657714,0.0032028306181428969,0.0079712773158116361,0.041267268680873492,0.10345593961072819,-0.062188670929854695
2026-02-03T23:59:00+00:00,2026-02-04T00:00:00+00:00,2026-02-04T23:59:00+00:00,NGH26,0.0032236472574292429,0.0026903792460130594,0.0025379168926799368,0.0019579482965966337,0.017381711785553033,0.03102439282698044,-0.013642681041427407
2026-02-04T23:59:00+00:00,2026-02-05T00:00:00+00:00,2026-02-05T23:59:00+00:00,NGH26,0.0024616568116780368,0.0028165387560654133,0.0028369584955541443,0.0032236472574292429,0.0086748040853454889,0.0096077454160798936,-0.00093294133073440477
2026-02-05T23:59:00+00:00,2026-02-06T00:00:00+00:00,2026-02-06T23:59:00+00:00,NGH26,0.0025788180618559814,0.0029275574900187993,0.0028351448686037665,0.0024616568116780368,0.0077142767421480851,0.0043513781007902264,0.0033628986413578588
2026-02-06T23:59:00+00:00,2026-02-09T00:00:00+00:00,2026-02-09T23:59:00+00:00,NGH26,0.00070921455370269947,0.0030116657808012216,0.0028096322931753254,0.0025788180618559814,0.6815796546401649,0.62907335398687736,0.052506300653287541
2026-02-09T23:59:00+00:00,2026-02-10T00:00:00+00:00,2026-02-10T23:59:00+00:00,NGH26,0.001170662234985321,0.0029172876090530131,0.0019543337781336885,0.00070921455370269947,0.3143691599487739,0.11148809681988947,0.20288106312888443
2026-02-10T23:59:00+00:00,2026-02-11T00:00:00+00:00,2026-02-11T23:59:00+00:00,NGH26,0.0016826063389135577,0.0028653784538164332,0.0020481606671124285,0.001170662234985321,0.11957603590194621,0.018118848897536344,0.10145718700440987
2026-02-11T23:59:00+00:00,2026-02-12T00:00:00+00:00,2026-02-12T23:59:00+00:00,NGH26,0.00087629050509900152,0.0028983211242411418,0.001968419400603218,0.0016826063389135577,0.4985334364601437,0.25446319657646321,0.24407023988368048
2026-02-12T23:59:00+00:00,2026-02-13T00:00:00+00:00,2026-02-13T23:59:00+00:00,NGH26,0.0013021434989920046,0.0027995676940859343,0.0016445320374131203,0.00087629050509900152,0.2305763205998459,0.02524595956161324,0.20533036103823266
2026-02-13T23:59:00+00:00,2026-02-17T00:00:00+00:00,2026-02-17T23:59:00+00:00,NGH26,0.0021884432852109811,0.0027921769957567752,0.0016544286376801085,0.0013021434989920046,0.027407819279906098,0.043044147795251453,-0.015636328515345355
2026-02-17T23:59:00+00:00,2026-02-18T00:00:00+00:00,2026-02-18T23:59:00+00:00,NGH26,0.00097239044872825513,0.0028629458346702474,0.001944527901313596,0.0021884432852109811,0.4194957858657391,0.19308213566418919,0.22641365020154991
2026-02-18T23:59:00+00:00,2026-02-19T00:00:00+00:00,2026-02-19T23:59:00+00:00,NGH26,0.00088862549334316665,0.0026593759199536634,0.0016407338054549657,0.00097239044872825513,0.43031900928898548,0.15482546079965598,0.2754935484893295
2026-02-19T23:59:00+00:00,2026-02-20T00:00:00+00:00,2026-02-20T23:59:00+00:00,NGH26,0.0018969380846553972,0.0024131734941142857,0.0014165424526861028,0.00088862549334316665,0.026777763355390505,0.047110492437702156,-0.020332729082311651
2026-02-23T23:59:00+00:00,2026-02-24T00:00:00+00:00,2026-02-24T23:59:00+00:00,NGJ26,0.00038162316688697813,0.0016011041407887761,0.0010998895927730287,0.00074328624239959704,0.67236510745014777,0.40549641260153457,0.2668686948486132
2026-02-24T23:59:00+00:00,2026-02-25T00:00:00+00:00,2026-02-25T23:59:00+00:00,NGJ26,0.00061332499234438109,0.0014673728550912029,0.00086293116184291943,0.00038162316688697813,0.29030882460001983,0.052186099358638494,0.23812272524138134
2026-02-25T23:59:00+00:00,2026-02-26T00:00:00+00:00,2026-02-26T23:59:00+00:00,NGJ26,0.00069600142852301451,0.0013746890555171685,0.00092580720320054087,0.00061332499234438109,0.18692848219779323,0.037092232454088103,0.14983624974370513
2026-02-26T23:59:00+00:00,2026-02-27T00:00:00+00:00,2026-02-27T23:59:00+00:00,NGJ26,0.00032426544806523738,0.0013313983567473085,0.00095150497062571299,0.00069600142852301451,0.65597513781437744,0.41727462077964095,0.23870051703473649
2026-02-27T23:59:00+00:00,2026-03-02T00:00:00+00:00,2026-03-02T23:59:00+00:00,NGJ26,0.0022249482936735868,0.0013184166239266087,0.00072093587624568942,0.00032426544806523738,0.16428901362261206,0.95925568167217423,-0.79496666804956218
2026-03-02T23:59:00+00:00,2026-03-03T00:00:00+00:00,2026-03-03T23:59:00+00:00,NGJ26,0.0022890931895686696,0.0012932373743740533,0.0011554608736874152,0.0022249482936735868,0.19904165859645873,0.2974518911556896,-0.09841023255923087
2026-03-03T23:59:00+00:00,2026-03-04T00:00:00+00:00,2026-03-04T23:59:00+00:00,NGJ26,0.001418596097499556,0.0010785678199958985,0.0012737332876188111,0.0022890931895686696,0.041225410065252044,0.0060153477482518536,0.03521006231700019
2026-03-04T23:59:00+00:00,2026-03-05T00:00:00+00:00,2026-03-05T23:59:00+00:00,NGJ26,0.0007237671703572802,0.0010797047821531661,0.0012341835971444444,0.001418596097499556,0.07031120430396709,0.12012917961786407,-0.049817975313896978
2026-03-05T23:59:00+00:00,2026-03-06T00:00:00+00:00,2026-03-06T23:59:00+00:00,NGJ26,0.0045579980159385289,0.0010313137668650416,0.0010942037245872912,0.0007237671703572802,1.9335535755642184,1.7387278570857774,0.19482571847844099
2026-03-06T23:59:00+00:00,2026-03-09T00:00:00+00:00,2026-03-09T23:59:00+00:00,NGJ26,0.0076840917538592863,0.0011896121741649256,0.0018075154424756559,0.0045579980159385289,3.5938002457243456,1.8039911323991347,1.789809113325211
2026-03-09T23:59:00+00:00,2026-03-10T00:00:00+00:00,2026-03-10T23:59:00+00:00,NGJ26,0.0018103637813967812,0.001462452034457027,0.0023969847999702029,0.0076840917538592863,0.024482869598832391,0.035950914382844035,-0.011468044784011644
2026-03-10T23:59:00+00:00,2026-03-11T00:00:00+00:00,2026-03-11T23:59:00+00:00,NGJ26,0.0012024997043046421,0.0015316795217067633,0.0019174219670675834,0.0018103637813967812,0.027048092533602963,0.093723092766031968,-0.066675000232429005
2026-03-11T23:59:00+00:00,2026-03-12T00:00:00+00:00,2026-03-12T23:59:00+00:00,NGJ26,0.00103275676267146,0.0015627464633268771,0.0018004389608559258,0.0012024997043046421,0.075073217561311578,0.12941267828705305,-0.054339460725741473
2026-03-12T23:59:00+00:00,2026-03-13T00:00:00+00:00,2026-03-13T23:59:00+00:00,NGJ26,0.001550823335041464,0.0015525758286788695,0.0017665243087188291,0.00103275676267146,6.3753528745102983e-07,0.008123244915798411,-0.00812260738051096
2026-03-13T23:59:00+00:00,2026-03-16T00:00:00+00:00,2026-03-16T23:59:00+00:00,NGJ26,0.00096718973955810662,0.001594401427498966,0.0017418649824375492,0.001550823335041464,0.10647517609000112,0.14357798364548158,-0.037102807555480455
2026-03-16T23:59:00+00:00,2026-03-17T00:00:00+00:00,2026-03-17T23:59:00+00:00,NGJ26,0.00044405417335564097,0.00160719155154757,0.0012758534545638505,0.00096718973955810662,0.56258899303998522,0.40346885287362255,0.15912014016636267
2026-03-17T23:59:00+00:00,2026-03-18T00:00:00+00:00,2026-03-18T23:59:00+00:00,NGJ26,0.0034261849799884273,0.0015458354036469487,0.0010178993341469246,0.00044405417335564097,0.42051410577930026,1.1522305857026796,-0.73171647992337929
2026-03-18T23:59:00+00:00,2026-03-19T00:00:00+00:00,2026-03-19T23:59:00+00:00,NGJ26,0.0013233753617244619,0.0016937135981591855,0.0016884223773991124,0.0034261849799884273,0.028083367953112504,0.027403042892543139,0.00068032506056936448
2026-03-19T23:59:00+00:00,2026-03-20T00:00:00+00:00,2026-03-20T23:59:00+00:00,NGJ26,0.00077357604797088073,0.0017342735650928813,0.0014539943458825616,0.0013233753617244619,0.25337184515145506,0.16308090181491441,0.090290943336540641
2026-03-20T23:59:00+00:00,2026-03-23T00:00:00+00:00,2026-03-23T23:59:00+00:00,NGJ26,0.0026207058087842653,0.0017093909842563991,0.0012686120900569477,0.00077357604797088073,0.10581600063295848,0.34028526715562557,-0.23446926652266709
2026-03-24T23:59:00+00:00,2026-03-25T00:00:00+00:00,2026-03-25T23:59:00+00:00,NGK26,0.00058623311603515807,0.001666869132973638,0.0012543099175104193,0.00054069240558496671,0.39668200127626352,0.22799832902311912,0.1686836722531444
2026-03-25T23:59:00+00:00,2026-03-26T00:00:00+00:00,2026-03-26T23:59:00+00:00,NGK26,0.00066054808581315059,0.0016676620475146882,0.0011222786893803596,0.00058623311603515807,0.32220032341288585,0.11862410760770281,0.20357621580518304
2026-03-26T23:59:00+00:00,2026-03-27T00:00:00+00:00,2026-03-27T23:59:00+00:00,NGK26,0.00063547450314036598,0.0016733442705757033,0.0011022539523741605,0.00066054808581315059,0.34797064843457326,0.12726321223946835,0.22070743619510491
2026-03-27T23:59:00+00:00,2026-03-30T00:00:00+00:00,2026-03-30T23:59:00+00:00,NGK26,0.0011824960923655298,0.0016934738640852446,0.0010864885834480432,0.00063547450314036598,0.057420937692581386,0.0036884257932192632,0.053732511899362123
2026-03-30T23:59:00+00:00,2026-03-31T00:00:00+00:00,2026-03-31T23:59:00+00:00,NGK26,0.0018112975477902885,0.0016499213878915138,0.0010846996784034094,0.0011824960923655298,0.0044925706251217612,0.15712055809477699,-0.15262798746965522
2026-03-31T23:59:00+00:00,2026-04-01T00:00:00+00:00,2026-04-01T23:59:00+00:00,NGK26,0.00058417568394968609,0.0016370210794711011,0.0012877438526866624,0.0018112975477902885,0.38728456615076601,0.24408801503671484,0.14319655111405116
2026-04-01T23:59:00+00:00,2026-04-02T00:00:00+00:00,2026-04-02T23:59:00+00:00,NGK26,0.00075170669023641391,0.0016063719522858716,0.0010452964595807311,0.00058417568394968609,0.22734033332073267,0.048842141801758387,0.17849819151897428
2026-04-02T23:59:00+00:00,2026-04-06T00:00:00+00:00,2026-04-06T23:59:00+00:00,NGK26,0.000550486231603027,0.0016051797779760909,0.0011000170476769858,0.00075170669023641391,0.41313275758742329,0.1927132844722339,0.22041947311518939
2026-04-06T23:59:00+00:00,2026-04-07T00:00:00+00:00,2026-04-07T23:59:00+00:00,NGK26,0.0010279806979561601,0.001435755434719367,0.0010024907243814474,0.000550486231603027,0.050080690904163783,0.00031787993450316243,0.04976281096966062
2026-04-07T23:59:00+00:00,2026-04-08T00:00:00+00:00,2026-04-08T23:59:00+00:00,NGK26,0.00068768853822523456,0.0011347623916476389,0.0010316898212740495,0.0010279806979561601,0.10686238546613414,0.072182516700283639,0.034679868765850497
2026-04-08T23:59:00+00:00,2026-04-09T00:00:00+00:00,2026-04-09T23:59:00+00:00,NGK26,0.00029579179126278045,0.0010759403736603328,0.00086449602949210426,0.00068768853822523456,0.56620919405607939,0.41464608951744641,0.15156310453863298
2026-04-09T23:59:00+00:00,2026-04-10T00:00:00+00:00,2026-04-10T23:59:00+00:00,NGK26,0.00024560337099331902,0.0010356114578649333,0.00071573706748886273,0.00029579179126278045,0.676187224835201,0.41274243353700779,0.2634447912981932
2026-04-10T23:59:00+00:00,2026-04-13T00:00:00+00:00,2026-04-13T23:59:00+00:00,NGK26,0.00059510304364591971,0.00099570603554793749,0.00064822035881740919,0.00024560337099331902,0.11238691070654649,0.0035528255414802867,0.10883408516506621
2026-04-13T23:59:00+00:00,2026-04-14T00:00:00+00:00,2026-04-14T23:59:00+00:00,NGK26,0.00065377351867988514,0.00096877268657556866,0.00075790778847816497,0.00059510304364591971,0.068116192208464321,0.010403719729739747,0.057712472478724575
2026-04-14T23:59:00+00:00,2026-04-15T00:00:00+00:00,2026-04-15T23:59:00+00:00,NGK26,0.00023787995694005389,0.00094982950595473396,0.00071277651431892125,0.00065377351867988514,0.63496123862240639,0.43113884941953051,0.20382238920287588
2026-04-15T23:59:00+00:00,2026-04-16T00:00:00+00:00,2026-04-16T23:59:00+00:00,NGK26,0.00040469309310510774,0.00093883680505613078,0.00054833918190091155,0.00023787995694005389,0.27257065867017483,0.041799298674966678,0.23077135999520815
2026-04-16T23:59:00+00:00,2026-04-17T00:00:00+00:00,2026-04-17T23:59:00+00:00,NGK26,0.000493362623103111,0.0007970974003820014,0.00059326031403996522,0.00040469309310510774,0.098681412821903125,0.016001215671565427,0.082680197150337698
2026-04-17T23:59:00+00:00,2026-04-20T00:00:00+00:00,2026-04-20T23:59:00+00:00,NGK26,0.00036540467526014419,0.00075659947010476398,0.00063226742696271545,0.000493362623103111,0.21078513026145096,0.12623441785472655,0.084550712406724404
2026-04-20T23:59:00+00:00,2026-04-21T00:00:00+00:00,2026-04-21T23:59:00+00:00,NGK26,0.00034706381103209982,0.00073452403958312092,0.00057266735108768368,0.00036540467526014419,0.22221570463596896,0.1068441922854344,0.11537151235053456
2026-04-21T23:59:00+00:00,2026-04-22T00:00:00+00:00,2026-04-22T23:59:00+00:00,NGK26,0.00050289920030414925,0.00063287277383612011,0.00050002395637631586,0.00034706381103209982,0.024508882375923635,1.6469366277416242e-05,0.024492413009646219
2026-04-22T23:59:00+00:00,2026-04-23T00:00:00+00:00,2026-04-23T23:59:00+00:00,NGK26,0.0012730531877705813,0.00063098311357207926,0.00056409968015889652,0.00050289920030414925,0.31567665248803856,0.44284523792689656,-0.12716858543885801
2026-04-23T23:59:00+00:00,2026-04-24T00:00:00+00:00,2026-04-24T23:59:00+00:00,NGK26,0.00046799909757426066,0.00066532411715885034,0.00077531141062504795,0.0012730531877705813,0.055223149445192021,0.10842565487207656,-0.053202505426884539
2026-04-27T23:59:00+00:00,2026-04-28T00:00:00+00:00,2026-04-28T23:59:00+00:00,NGM26,0.0001800411223418814,0.00055694440012051048,0.00075503028202307803,0.0010247614180413614,0.45254601374508097,0.6720280734106252,-0.21948205966554424
2026-04-28T23:59:00+00:00,2026-04-29T00:00:00+00:00,2026-04-29T23:59:00+00:00,NGM26,0.00036535017173384564,0.00051708977923561254,0.00053743863463667297,0.0001800411223418814,0.053910996138599954,0.065757178170110064,-0.011846182031510111
2026-04-29T23:59:00+00:00,2026-04-30T00:00:00+00:00,2026-04-30T23:59:00+00:00,NGM26,0.0021877263106424606,0.00047745985323752416,0.00059023743352107903,0.00036535017173384564,2.0598730333651671,1.3964258991229261,0.663447134242241
2026-04-30T23:59:00+00:00,2026-05-01T00:00:00+00:00,2026-05-01T23:59:00+00:00,NGM26,0.00030493015837789562,0.00056696523803648094,0.00093126107447804695,0.0021877263106424606,0.15804389910893635,0.44389478711798569,-0.28585088800904934
2026-05-01T23:59:00+00:00,2026-05-04T00:00:00+00:00,2026-05-04T23:59:00+00:00,NGM26,0.00082230638464116275,0.00055252897919831948,0.00064285454777047524,0.00030493015837789562,0.090652113760591568,0.032953862242748322,0.057698251517843246
2026-05-04T23:59:00+00:00,2026-05-05T00:00:00+00:00,2026-05-05T23:59:00+00:00,NGM26,0.00049795226807886213,0.00057277418110049264,0.00075807676162274946,0.00082230638464116275,0.0093565782173961054,0.077143017931297519,-0.067786439713901414
2026-05-05T23:59:00+00:00,2026-05-06T00:00:00+00:00,2026-05-06T23:59:00+00:00,NGM26,0.00047548887830733055,0.000560087282817277,0.00071153890793583866,0.00049795226807886213,0.012704104240876868,0.071340828712554982,-0.058636724471678114
2026-05-06T23:59:00+00:00,2026-05-07T00:00:00+00:00,2026-05-07T23:59:00+00:00,NGM26,0.0010866882524637207,0.00054879234869142565,0.00071600839274446842,0.00047548887830733055,0.29697476976137205,0.1005050717929592,0.19646969796841285
2026-05-07T23:59:00+00:00,2026-05-08T00:00:00+00:00,2026-05-08T23:59:00+00:00,NGM26,0.00070467339137965813,0.0005897837078792592,0.00073433225392896507,0.0010866882524637207,0.016821142108500053,0.00083828022378695799,0.015982861884713095
2026-05-08T23:59:00+00:00,2026-05-11T00:00:00+00:00,2026-05-11T23:59:00+00:00,NGM26,0.00058397075940737537,0.00061506721634412118,0.00072707746541576942,0.00070467339137965813,0.0013228257335433646,0.022357549479504746,-0.021034723745961381
2026-05-11T23:59:00+00:00,2026-05-12T00:00:00+00:00,2026-05-12T23:59:00+00:00,NGM26,0.00080927227887174751,0.0006165700493656949,0.00068660052700180569,0.00058397075940737537,0.040575587219649156,0.01428261724539226,0.026292969974256897
2026-05-12T23:59:00+00:00,2026-05-13T00:00:00+00:00,2026-05-13T23:59:00+00:00,NGM26,0.00073085627861603855,0.00063252696652294231,0.00075420859591165219,0.00080927227887174751,0.010960758581020968,0.00048947381161412729,0.010471284769406841
2026-05-13T23:59:00+00:00,2026-05-14T00:00:00+00:00,2026-05-14T23:59:00+00:00,NGM26,0.00081058117890503141,0.0006611663529264934,0.00077266845767342575,0.00073085627861603855,0.022240717447663982,0.0011658142594823673,0.021074903188181615
2026-05-14T23:59:00+00:00,2026-05-15T00:00:00+00:00,2026-05-15T23:59:00+00:00,NGM26,0.00037353558836146359,0.00068613808348733996,0.00076806502442096618,0.00081058117890503141,0.15246854965078982,0.20719440084115437,-0.054725851190364549
2026-05-15T23:59:00+00:00,2026-05-18T00:00:00+00:00,2026-05-18T23:59:00+00:00,NGM26,0.00078658269432124966,0.00068025757705119966,0.00065351825160545117,0.00037353558836146359,0.011074918334586181,0.018285037823178474,-0.0072101194885922926
2026-05-18T23:59:00+00:00,2026-05-19T00:00:00+00:00,2026-05-19T23:59:00+00:00,NGM26,0.00056069041269675587,0.00070492492500972008,0.00075780388063914975,0.00078658269432124966,0.02431265413496253,0.041144263038863649,-0.016831608903901119
2026-05-19T23:59:00+00:00,2026-05-20T00:00:00+00:00,2026-05-20T23:59:00+00:00,NGM26,0.00098746373900748157,0.00072066459485041576,0.00070101906365697053,0.00056069041269675587,0.055246701253662156,0.066007125352039342,-0.010760424098377186
2026-05-20T23:59:00+00:00,2026-05-21T00:00:00+00:00,2026-05-21T23:59:00+00:00,NGM26,0.00036898742349124368,0.00075038852167032797,0.00079452022746731913,0.00098746373900748157,0.20155704226319804,0.23139127699511519,-0.029834234731917153
2026-05-21T23:59:00+00:00,2026-05-22T00:00:00+00:00,2026-05-22T23:59:00+00:00,NGM26,0.00058087866328243901,0.00070556654147318782,0.00063789177594658164,0.00036898742349124368,0.017738965821103347,0.0042493382423689496,0.013489627578734398
2026-05-26T23:59:00+00:00,2026-05-27T00:00:00+00:00,2026-05-27T23:59:00+00:00,NGN26,0.0013301265960092149,0.00049357158864211481,0.00065534985159452033,0.0007977808018328165,0.70353956694886577,0.32178336096357896,0.38175620598528681
2026-05-27T23:59:00+00:00,2026-05-28T00:00:00+00:00,2026-05-28T23:59:00+00:00,NGN26,0.0013158031918847123,0.00055361844785974416,0.00081498498974610608,0.0013301265960092149,0.51100609987020529,0.13547932441122357,0.37552677545898172
2026-05-28T23:59:00+00:00,2026-05-29T00:00:00+00:00,2026-05-29T23:59:00+00:00,NGN26,0.00058267124252601966,0.00060848757810321808,0.00087322431609040496,0.0013158031918847123,0.00092632303483575207,0.071833456468870516,-0.070907133434034764
2026-05-29T23:59:00+00:00,2026-06-01T00:00:00+00:00,2026-06-01T23:59:00+00:00,NGN26,0.001797933197197777,0.0005725111261311325,0.00077817221255017163,0.00058267124252601966,0.99607274463424988,0.47301148570438878,0.52306125892986111
2026-06-01T23:59:00+00:00,2026-06-02T00:00:00+00:00,2026-06-02T23:59:00+00:00,NGN26,0.00080966182506909002,0.00065550722434794956,0.0010455727032856819,0.001797933197197777,0.023961087466490838,0.030075012255160294,-0.0061139247886694559
2026-06-02T23:59:00+00:00,2026-06-03T00:00:00+00:00,2026-06-03T23:59:00+00:00,NGN26,0.00043280411050956625,0.0006671478658947592,0.00093074486554010731,0.00080966182506909002,0.081464391870794461,0.23070829584541963,-0.14924390397462517
2026-06-03T23:59:00+00:00,2026-06-04T00:00:00+00:00,2026-06-04T23:59:00+00:00,NGN26,0.00088768927826509152,0.00067117836051367775,0.00078967938947032096,0.00043280411050956625,0.042996425860934773,0.0071187772004612793,0.035877648660473493
2026-06-04T23:59:00+00:00,2026-06-05T00:00:00+00:00,2026-06-05T23:59:00+00:00,NGN26,0.00048988416790009335,0.00069788394043408298,0.00085496104293508604,0.00088768927826509152,0.055840342890984163,0.12987697964003164,-0.07403663674904748
2026-06-05T23:59:00+00:00,2026-06-08T00:00:00+00:00,2026-06-08T23:59:00+00:00,NGN26,0.00041388768550479262,0.00069091638847795594,0.00077194341692594958,0.00048988416790009335,0.11146580834521913,0.15947984980999319,-0.04801404146477406
2026-06-08T23:59:00+00:00,2026-06-09T00:00:00+00:00,2026-06-09T23:59:00+00:00,NGN26,0.00040371626769434372,0.000691134865373115,0.00064250407761222471,0.00041388768550479262,0.12175794926309358,0.093009019506745894,0.028748929756347685
2026-06-09T23:59:00+00:00,2026-06-10T00:00:00+00:00,2026-06-10T23:59:00+00:00,NGN26,0.0014836553342762952,0.00069458577886717177,0.00060316818717024443,0.00040371626769434372,0.37708047742840645,0.55970246769008991,-0.18262199026168346
2026-06-10T23:59:00+00:00,2026-06-11T00:00:00+00:00,2026-06-11T23:59:00+00:00,NGN26,0.00075663497621402808,0.00074084427072213205,0.00085561253197503255,0.0014836553342762952,0.00022397635215010148,0.0072563364672064701,-0.0070323601150563686
2026-06-11T23:59:00+00:00,2026-06-12T00:00:00+00:00,2026-06-12T23:59:00+00:00,NGN26,0.00053329213397272906,0.00075141433010642749,0.00076504879891385309,0.00075663497621402808,0.052605647998482885,0.057939688403271017,-0.0053340404047881318
2026-06-12T23:59:00+00:00,2026-06-15T00:00:00+00:00,2026-06-15T23:59:00+00:00,NGN26,0.00093833449470008263,0.00074918425009826519,0.00072805827885068025,0.00053329213397272906,0.027353393133549009,0.03509244376010745,-0.0077390506265584413
2026-06-15T23:59:00+00:00,2026-06-16T00:00:00+00:00,2026-06-16T23:59:00+00:00,NGN26,0.00057392358459125621,0.00078531569110146195,0.00084789754602428548,0.00093833449470008263,0.044408476296297072,0.067142009850749806,-0.022733533554452734
2026-06-16T23:59:00+00:00,2026-06-17T00:00:00+00:00,2026-06-17T23:59:00+00:00,NGN26,0.0011701697485787677,0.00078876056106738537,0.00080184571195629115,0.00057392358459125621,0.089113796199007389,0.081357380681415625,0.0077564155175917637
2026-06-17T23:59:00+00:00,2026-06-18T00:00:00+00:00,2026-06-18T23:59:00+00:00,NGN26,0.00057983944118317394,0.00082805441424560944,0.0008745368388378337,0.0011701697485787677,0.056570792054261743,0.073967783420339828,-0.017396991366078085
2026-06-18T23:59:00+00:00,2026-06-22T00:00:00+00:00,2026-06-22T23:59:00+00:00,NGN26,0.001070088397019353,0.00081578076846924483,0.00076972231844497127,0.00057983944118317394,0.040384372964486381,0.060759828261868876,-0.020375455297382494
2026-06-23T23:59:00+00:00,2026-06-24T00:00:00+00:00,2026-06-24T23:59:00+00:00,NGQ26,0.00026475408362189768,0.00077262118725141763,0.00079158503973526557,0.00072533449683588082,0.41365744026959939,0.42969660233887197,-0.016039162069272583
2026-06-24T23:59:00+00:00,2026-06-25T00:00:00+00:00,2026-06-25T23:59:00+00:00,NGQ26,0.00084148601854309015,0.00075386838029245225,0.00065844809472894665,0.00026475408362189768,0.0062724448080877515,0.032700126900177207,-0.026427682092089455
2026-06-25T23:59:00+00:00,2026-06-26T00:00:00+00:00,2026-06-26T23:59:00+00:00,NGQ26,0.00057596493133061939,0.00073096697298884541,0.00075216479594588444,0.00084148601854309015,0.026270825169065981,0.032651673053450736,-0.0063808478843847549
2026-06-26T23:59:00+00:00,2026-06-29T00:00:00+00:00,2026-06-29T23:59:00+00:00,NGQ26,0.00063243042095487883,0.00070386991296805671,0.00070973977006178607,0.00057596493133061939,0.0055280424793855421,0.0064018426703758013,-0.0008738001909902593
2026-06-29T23:59:00+00:00,2026-06-30T00:00:00+00:00,2026-06-30T23:59:00+00:00,NGQ26,0.0010814240241317757,0.00070664525390610219,0.00068757379001595416,0.00063243042095487883,0.10485817193173608,0.11994674964721685,-0.015088577715480778
2026-06-30T23:59:00+00:00,2026-07-01T00:00:00+00:00,2026-07-01T23:59:00+00:00,NGQ26,0.00020150960154236063,0.0006772098201943557,0.00076747494760259273,0.0010814240241317757,0.50970271415383661,0.59983060397465682,-0.090127889820820206
2026-07-01T23:59:00+00:00,2026-07-02T00:00:00+00:00,2026-07-02T23:59:00+00:00,NGQ26,0.00023157263110504589,0.0006504915721837393,0.00059399206662143537,0.00020150960154236063,0.38883113513474243,0.3318305190302544,0.057000616104488033
2026-07-02T23:59:00+00:00,2026-07-06T00:00:00+00:00,2026-07-06T23:59:00+00:00,NGQ26,0.00053947178959738045,0.00064351929654966238,0.0005548219991217551,0.00023157263110504589,0.014676380963746238,0.00038993799908570992,0.014286442964660528
2026-07-06T23:59:00+00:00,2026-07-07T00:00:00+00:00,2026-07-07T23:59:00+00:00,NGQ26,0.00088822430752753909,0.00063221194611057523,0.00061948881893865578,0.00053947178959738045,0.064947434239619906,0.073472342647995514,-0.0085249084083756088
2026-07-07T23:59:00+00:00,2026-07-08T00:00:00+00:00,2026-07-08T23:59:00+00:00,NGQ26,0.00092959658262869083,0.00065157575520183308,0.00069599911113454752,0.00088822430752753909,0.071332909581649284,0.046226652942094937,0.025106256639554347
2026-07-08T23:59:00+00:00,2026-07-09T00:00:00+00:00,2026-07-09T23:59:00+00:00,NGQ26,0.0015901011780154553,0.00068114385926392482,0.00068943330574987381,0.00092959658262869083,0.48667779131369349,0.47070572569688629,0.015972065616807196
2026-07-09T23:59:00+00:00,2026-07-10T00:00:00+00:00,2026-07-10T23:59:00+00:00,NGQ26,0.0010598366139235762,0.00074326624942885606,0.00090250213337950103,0.0015901011780154553,0.071102138990079666,0.013632438945524461,0.057469700044555205
2026-07-10T23:59:00+00:00,2026-07-13T00:00:00+00:00,2026-07-13T23:59:00+00:00,NGQ26,0.00062996884205894087,0.00072987002388563477,0.00091274352408018445,0.0010598366139235762,0.010320803119932442,0.060977182017085907,-0.050656378897153465
2026-07-13T23:59:00+00:00,2026-07-14T00:00:00+00:00,2026-07-14T23:59:00+00:00,NGQ26,0.00034630663264528084,0.00072460884161548549,0.00085021488336282751,0.00062996884205894087,0.21622955000683897,0.30548111394856226,-0.089251563941723289
2026-07-14T23:59:00+00:00,2026-07-15T00:00:00+00:00,2026-07-15T23:59:00+00:00,NGQ26,0.00034254950634034871,0.00071709015968304487,0.00074083675230850405,0.00034630663264528084,0.21647916341982421,0.2337460040769348,-0.017266840657110594
2026-07-15T23:59:00+00:00,2026-07-16T00:00:00+00:00,2026-07-16T23:59:00+00:00,NGQ26,0.0012159552009627433,0.00070064547183116264,0.00068294512052837245,0.00034254950634034871,0.18419536143961457,0.20358742803881991,-0.019392066599205338
2026-07-16T23:59:00+00:00,2026-07-17T00:00:00+00:00,2026-07-17T23:59:00+00:00,NGQ26,0.00037822865133541072,0.00073380735482171254,0.00081799129414439798,0.0012159552009627433,0.17818079470803427,0.23373991870123945,-0.055559123993205173
2026-07-17T23:59:00+00:00,2026-07-20T00:00:00+00:00,2026-07-20T23:59:00+00:00,NGQ26,0.00031037150473663881,0.00069954912027690166,0.00061541183899079823,0.00037822865133541072,0.25633967154215354,0.18885310264116195,0.067486568900991584
2026-07-20T23:59:00+00:00,2026-07-21T00:00:00+00:00,2026-07-21T23:59:00+00:00,NGQ26,0.00015454733148141509,0.00068855282612415925,0.00056726302104214224,0.00031037150473663881,0.71854403540358658,0.5727665437693743,0.14577749163421228
2026-07-21T23:59:00+00:00,2026-07-22T00:00:00+00:00,2026-07-22T23:59:00+00:00,NGQ26,0.00033268677962494615,0.00064698171746594845,0.00048343273977382255,0.00015454733148141509,0.17933016258426537,0.061886687461713441,0.11744347512255193
2026-07-22T23:59:00+00:00,2026-07-23T00:00:00+00:00,2026-07-23T23:59:00+00:00,NGQ26,0.0003802883908324209,0.00062734933160540169,0.00053264759315752399,0.00033268677962494615,0.1067564712291349,0.050888855688501433,0.055867615540633464
2026-07-23T23:59:00+00:00,2026-07-24T00:00:00+00:00,2026-07-24T23:59:00+00:00,NGQ26,0.00053234165277642577,0.00063312604696592791,0.00045894377465719962,0.0003802883908324209,0.014198686529178106,0.011570041176689916,0.0026286453524881903
2026-07-27T23:59:00+00:00,2026-07-28T00:00:00+00:00,2026-07-28T23:59:00+00:00,NGU26,0.00020441997502445691,0.00047890823999988368,0.00042557043652060179,0.00034949434983938934,0.27817824333401786,0.21359735164936944,0.064580891684648423
2026-07-28T23:59:00+00:00,2026-07-29T00:00:00+00:00,2026-07-29T23:59:00+00:00,NGU26,0.00040737705980368484,0.00045930640174555353,0.0003947881730140319,0.00020441997502445691,0.0069179871531137582,0.00049785668843882469,0.0064201304646749335
2026-07-29T23:59:00+00:00,2026-07-30T00:00:00+00:00,2026-07-30T23:59:00+00:00,NGU26,0.00060773616681122661,0.0004385718608348909,0.00044884475842035652,0.00040737705980368484,0.059499103929018471,0.050937037484052539,0.0085620664449659323
2026-07-30T23:59:00+00:00,2026-07-31T00:00:00+00:00,2026-07-31T23:59:00+00:00,NGU26,0.00042630335314264805,0.00046110607869894875,0.00052056088378517947,0.00060773616681122661,0.0030003186466147636,0.01868648682875218,-0.015686168182137417
2026-07-31T23:59:00+00:00,2026-08-03T00:00:00+00:00,2026-08-03T23:59:00+00:00,NGU26,0.00061385435746385436,0.0004723645152259966,0.00047669662230034714,0.00042630335314264805,0.037528558760383968,0.034847997946116038,0.0026805608142679294
2026-08-03T23:59:00+00:00,2026-08-04T00:00:00+00:00,2026-08-04T23:59:00+00:00,NGU26,0.000714295586142678,0.00047918950841517366,0.00053483827110666006,0.00061385435746385436,0.091432063617186143,0.046203206469097813,0.045228857148088331
2026-08-04T23:59:00+00:00,2026-08-05T00:00:00+00:00,2026-08-05T23:59:00+00:00,NGU26,0.00014436194178826906,0.00049257912483187806,0.00060022685835977999,0.000714295586142678,0.52040508547766806,0.66549634959525505,-0.14509126411758699
2026-08-05T23:59:00+00:00,2026-08-06T00:00:00+00:00,2026-08-06T23:59:00+00:00,NGU26,0.00044381093620384784,0.00046994970708889123,0.00043647233789314487,0.00014436194178826906,0.0016066725387864356,0.00013978113612633791,0.0014668914026600977
2026-08-06T23:59:00+00:00,2026-08-07T00:00:00+00:00,2026-08-07T23:59:00+00:00,NGU26,0.00029915611096206665,0.00043401255067855913,0.00049678757338865931,0.00044381093620384784,0.061387766741954897,0.10937811702870204,-0.047990350286747141
2026-08-07T23:59:00+00:00,2026-08-10T00:00:00+00:00,2026-08-10T23:59:00+00:00,NGU26,0.00046882862983619624,0.00040498119134605066,0.00044705551112100508,0.00029915611096206665,0.011258636001115319,0.0011488555531256051,0.010109780447989714
2026-08-10T23:59:00+00:00,2026-08-11T00:00:00+00:00,2026-08-11T23:59:00+00:00,NGU26,0.00030826871679834697,0.00040361783173296581,0.00046733842407538096,0.00046882862983619624,0.033260478549699268,0.075708115030758139,-0.04244763648105887
2026-08-11T23:59:00+00:00,2026-08-12T00:00:00+00:00,2026-08-12T23:59:00+00:00,NGU26,0.00034564397523061894,0.00040736156770219343,0.00040019833776990362,0.00030826871679834697,0.012786209000948734,0.010232682990800379,0.0025535260101483548
